Warning: optimizer settings and `viaIR` have been disabled for accurate coverage reports.
If you encounter "stack too deep" errors, consider using `--ir-minimum` which enables `viaIR` with minimum optimization resolving most of the errors
Compiling 61 files with Solc 0.8.36
Solc 0.8.36 finished in 669.63ms
Compiler run successful with warnings:
Warning (6335): "at" will be promoted to keyword in the future and will not be allowed as an identifier anymore.
   --> lib/openzeppelin-contracts/contracts/utils/structs/Checkpoints.sol:129:5:
    |
129 |     function at(Trace256 storage self, uint32 index) internal view returns (Checkpoint256 memory) {
    |     ^ (Relevant source part starts here and spans across multiple lines).

Warning (6335): "at" will be promoted to keyword in the future and will not be allowed as an identifier anymore.
   --> lib/openzeppelin-contracts/contracts/utils/structs/Checkpoints.sol:344:5:
    |
344 |     function at(Trace224 storage self, uint32 index) internal view returns (Checkpoint224 memory) {
    |     ^ (Relevant source part starts here and spans across multiple lines).

Warning (6335): "at" will be promoted to keyword in the future and will not be allowed as an identifier anymore.
   --> lib/openzeppelin-contracts/contracts/utils/structs/Checkpoints.sol:559:5:
    |
559 |     function at(Trace208 storage self, uint32 index) internal view returns (Checkpoint208 memory) {
    |     ^ (Relevant source part starts here and spans across multiple lines).

Warning (6335): "at" will be promoted to keyword in the future and will not be allowed as an identifier anymore.
   --> lib/openzeppelin-contracts/contracts/utils/structs/Checkpoints.sol:774:5:
    |
774 |     function at(Trace160 storage self, uint32 index) internal view returns (Checkpoint160 memory) {
    |     ^ (Relevant source part starts here and spans across multiple lines).

Warning (2018): Function state mutability can be restricted to view
   --> test/unit/VqALCX.t.sol:340:5:
    |
340 |     function test_ConvertToSharesAndAssets() public {
    |     ^ (Relevant source part starts here and spans across multiple lines).

Analysing contracts...
2026-09-08T09:08:57.231454Z  WARN foundry_evm_coverage::anchors: could not find anchor item=Line (location: (source ID: 57, lines: 41..45, bytes: 1346..1472), hits: 0) err=Could not find anchor: No matching instruction in range source ID: 57, lines: 41..45, bytes: 1346..1472
2026-09-08T09:08:57.231457Z  WARN foundry_evm_coverage::anchors: could not find anchor item=Line (location: (source ID: 58, lines: 11..14, bytes: 295..380), hits: 0) err=Could not find anchor: No matching instruction in range source ID: 58, lines: 11..14, bytes: 295..380
2026-09-08T09:08:57.231460Z  WARN foundry_evm_coverage::anchors: could not find anchor item=Line (location: (source ID: 59, lines: 12..15, bytes: 350..435), hits: 0) err=Could not find anchor: No matching instruction in range source ID: 59, lines: 12..15, bytes: 350..435
2026-09-08T09:08:57.231454Z  WARN foundry_evm_coverage::anchors: could not find anchor item=Line (location: (source ID: 60, lines: 12..15, bytes: 346..431), hits: 0) err=Could not find anchor: No matching instruction in range source ID: 60, lines: 12..15, bytes: 346..431
2026-09-08T09:08:57.231457Z  WARN foundry_evm_coverage::anchors: could not find anchor item=Line (location: (source ID: 58, lines: 11..14, bytes: 295..380), hits: 0) err=Could not find anchor: No matching instruction in range source ID: 58, lines: 11..14, bytes: 295..380
2026-09-08T09:08:57.231455Z  WARN foundry_evm_coverage::anchors: could not find anchor item=Line (location: (source ID: 53, lines: 32..35, bytes: 875..961), hits: 0) err=Could not find anchor: No matching instruction in range source ID: 53, lines: 32..35, bytes: 875..961
2026-09-08T09:08:57.231453Z  WARN foundry_evm_coverage::anchors: could not find anchor item=Line (location: (source ID: 54, lines: 84..104, bytes: 3115..3778), hits: 0) err=Could not find anchor: No matching instruction in range source ID: 54, lines: 84..104, bytes: 3115..3778
2026-09-08T09:08:57.231463Z  WARN foundry_evm_coverage::anchors: could not find anchor item=Line (location: (source ID: 59, lines: 12..15, bytes: 350..435), hits: 0) err=Could not find anchor: No matching instruction in range source ID: 59, lines: 12..15, bytes: 350..435
2026-09-08T09:08:57.231459Z  WARN foundry_evm_coverage::anchors: could not find anchor item=Line (location: (source ID: 55, lines: 64..67, bytes: 2682..2792), hits: 0) err=Could not find anchor: No matching instruction in range source ID: 55, lines: 64..67, bytes: 2682..2792
2026-09-08T09:08:57.231459Z  WARN foundry_evm_coverage::anchors: could not find anchor item=Line (location: (source ID: 60, lines: 12..15, bytes: 346..431), hits: 0) err=Could not find anchor: No matching instruction in range source ID: 60, lines: 12..15, bytes: 346..431
2026-09-08T09:08:57.231645Z  WARN foundry_evm_coverage::anchors: could not find anchor item=Function "mint" (location: (source ID: 58, lines: 11..14, bytes: 295..380), hits: 0) err=Could not find anchor: No matching instruction in range source ID: 58, lines: 11..14, bytes: 295..380
2026-09-08T09:08:57.231674Z  WARN foundry_evm_coverage::anchors: could not find anchor item=Line (location: (source ID: 58, lines: 12..13, bytes: 356..373), hits: 0) err=Could not find anchor: No matching instruction in range source ID: 58, lines: 12..13, bytes: 356..373
2026-09-08T09:08:57.231681Z  WARN foundry_evm_coverage::anchors: could not find anchor item=Statement (location: (source ID: 58, lines: 12..13, bytes: 356..373), hits: 0) err=Could not find anchor: No matching instruction in range source ID: 58, lines: 12..13, bytes: 356..373
2026-09-08T09:08:57.231649Z  WARN foundry_evm_coverage::anchors: could not find anchor item=Function "mint" (location: (source ID: 58, lines: 11..14, bytes: 295..380), hits: 0) err=Could not find anchor: No matching instruction in range source ID: 58, lines: 11..14, bytes: 295..380
2026-09-08T09:08:57.231690Z  WARN foundry_evm_coverage::anchors: could not find anchor item=Line (location: (source ID: 60, lines: 12..15, bytes: 346..431), hits: 0) err=Could not find anchor: No matching instruction in range source ID: 60, lines: 12..15, bytes: 346..431
2026-09-08T09:08:57.231696Z  WARN foundry_evm_coverage::anchors: could not find anchor item=Function "mint.0" (location: (source ID: 60, lines: 12..15, bytes: 346..431), hits: 0) err=Could not find anchor: No matching instruction in range source ID: 60, lines: 12..15, bytes: 346..431
2026-09-08T09:08:57.231699Z  WARN foundry_evm_coverage::anchors: could not find anchor item=Line (location: (source ID: 60, lines: 13..14, bytes: 407..424), hits: 0) err=Could not find anchor: No matching instruction in range source ID: 60, lines: 13..14, bytes: 407..424
2026-09-08T09:08:57.231703Z  WARN foundry_evm_coverage::anchors: could not find anchor item=Statement (location: (source ID: 60, lines: 13..14, bytes: 407..424), hits: 0) err=Could not find anchor: No matching instruction in range source ID: 60, lines: 13..14, bytes: 407..424
2026-09-08T09:08:57.231706Z  WARN foundry_evm_coverage::anchors: could not find anchor item=Line (location: (source ID: 60, lines: 20..23, bytes: 520..605), hits: 0) err=Could not find anchor: No matching instruction in range source ID: 60, lines: 20..23, bytes: 520..605
2026-09-08T09:08:57.231709Z  WARN foundry_evm_coverage::anchors: could not find anchor item=Function "mint.1" (location: (source ID: 60, lines: 20..23, bytes: 520..605), hits: 0) err=Could not find anchor: No matching instruction in range source ID: 60, lines: 20..23, bytes: 520..605
2026-09-08T09:08:57.231713Z  WARN foundry_evm_coverage::anchors: could not find anchor item=Line (location: (source ID: 60, lines: 21..22, bytes: 581..598), hits: 0) err=Could not find anchor: No matching instruction in range source ID: 60, lines: 21..22, bytes: 581..598
2026-09-08T09:08:57.231716Z  WARN foundry_evm_coverage::anchors: could not find anchor item=Statement (location: (source ID: 60, lines: 21..22, bytes: 581..598), hits: 0) err=Could not find anchor: No matching instruction in range source ID: 60, lines: 21..22, bytes: 581..598
2026-09-08T09:08:57.231691Z  WARN foundry_evm_coverage::anchors: could not find anchor item=Line (location: (source ID: 58, lines: 12..13, bytes: 356..373), hits: 0) err=Could not find anchor: No matching instruction in range source ID: 58, lines: 12..13, bytes: 356..373
2026-09-08T09:08:57.231729Z  WARN foundry_evm_coverage::anchors: could not find anchor item=Statement (location: (source ID: 58, lines: 12..13, bytes: 356..373), hits: 0) err=Could not find anchor: No matching instruction in range source ID: 58, lines: 12..13, bytes: 356..373
2026-09-08T09:08:57.231652Z  WARN foundry_evm_coverage::anchors: could not find anchor item=Function "mint.0" (location: (source ID: 60, lines: 12..15, bytes: 346..431), hits: 0) err=Could not find anchor: No matching instruction in range source ID: 60, lines: 12..15, bytes: 346..431
2026-09-08T09:08:57.231738Z  WARN foundry_evm_coverage::anchors: could not find anchor item=Line (location: (source ID: 60, lines: 13..14, bytes: 407..424), hits: 0) err=Could not find anchor: No matching instruction in range source ID: 60, lines: 13..14, bytes: 407..424
2026-09-08T09:08:57.231741Z  WARN foundry_evm_coverage::anchors: could not find anchor item=Statement (location: (source ID: 60, lines: 13..14, bytes: 407..424), hits: 0) err=Could not find anchor: No matching instruction in range source ID: 60, lines: 13..14, bytes: 407..424
2026-09-08T09:08:57.231744Z  WARN foundry_evm_coverage::anchors: could not find anchor item=Line (location: (source ID: 60, lines: 20..23, bytes: 520..605), hits: 0) err=Could not find anchor: No matching instruction in range source ID: 60, lines: 20..23, bytes: 520..605
2026-09-08T09:08:57.231748Z  WARN foundry_evm_coverage::anchors: could not find anchor item=Function "mint.1" (location: (source ID: 60, lines: 20..23, bytes: 520..605), hits: 0) err=Could not find anchor: No matching instruction in range source ID: 60, lines: 20..23, bytes: 520..605
2026-09-08T09:08:57.231751Z  WARN foundry_evm_coverage::anchors: could not find anchor item=Line (location: (source ID: 60, lines: 21..22, bytes: 581..598), hits: 0) err=Could not find anchor: No matching instruction in range source ID: 60, lines: 21..22, bytes: 581..598
2026-09-08T09:08:57.231754Z  WARN foundry_evm_coverage::anchors: could not find anchor item=Statement (location: (source ID: 60, lines: 21..22, bytes: 581..598), hits: 0) err=Could not find anchor: No matching instruction in range source ID: 60, lines: 21..22, bytes: 581..598
2026-09-08T09:08:57.231724Z  WARN foundry_evm_coverage::anchors: could not find anchor item=Line (location: (source ID: 60, lines: 12..15, bytes: 346..431), hits: 0) err=Could not find anchor: No matching instruction in range source ID: 60, lines: 12..15, bytes: 346..431
2026-09-08T09:08:57.231650Z  WARN foundry_evm_coverage::anchors: could not find anchor item=Function "mint.0" (location: (source ID: 60, lines: 12..15, bytes: 346..431), hits: 0) err=Could not find anchor: No matching instruction in range source ID: 60, lines: 12..15, bytes: 346..431
2026-09-08T09:08:57.231768Z  WARN foundry_evm_coverage::anchors: could not find anchor item=Line (location: (source ID: 60, lines: 13..14, bytes: 407..424), hits: 0) err=Could not find anchor: No matching instruction in range source ID: 60, lines: 13..14, bytes: 407..424
2026-09-08T09:08:57.231772Z  WARN foundry_evm_coverage::anchors: could not find anchor item=Statement (location: (source ID: 60, lines: 13..14, bytes: 407..424), hits: 0) err=Could not find anchor: No matching instruction in range source ID: 60, lines: 13..14, bytes: 407..424
2026-09-08T09:08:57.231775Z  WARN foundry_evm_coverage::anchors: could not find anchor item=Line (location: (source ID: 60, lines: 20..23, bytes: 520..605), hits: 0) err=Could not find anchor: No matching instruction in range source ID: 60, lines: 20..23, bytes: 520..605
2026-09-08T09:08:57.231778Z  WARN foundry_evm_coverage::anchors: could not find anchor item=Function "mint.1" (location: (source ID: 60, lines: 20..23, bytes: 520..605), hits: 0) err=Could not find anchor: No matching instruction in range source ID: 60, lines: 20..23, bytes: 520..605
2026-09-08T09:08:57.231783Z  WARN foundry_evm_coverage::anchors: could not find anchor item=Line (location: (source ID: 60, lines: 21..22, bytes: 581..598), hits: 0) err=Could not find anchor: No matching instruction in range source ID: 60, lines: 21..22, bytes: 581..598
2026-09-08T09:08:57.231786Z  WARN foundry_evm_coverage::anchors: could not find anchor item=Statement (location: (source ID: 60, lines: 21..22, bytes: 581..598), hits: 0) err=Could not find anchor: No matching instruction in range source ID: 60, lines: 21..22, bytes: 581..598
2026-09-08T09:08:57.231649Z  WARN foundry_evm_coverage::anchors: could not find anchor item=Function "clock" (location: (source ID: 55, lines: 64..67, bytes: 2682..2792), hits: 0) err=Could not find anchor: No matching instruction in range source ID: 55, lines: 64..67, bytes: 2682..2792
2026-09-08T09:08:57.231795Z  WARN foundry_evm_coverage::anchors: could not find anchor item=Line (location: (source ID: 55, lines: 65..66, bytes: 2755..2785), hits: 0) err=Could not find anchor: No matching instruction in range source ID: 55, lines: 65..66, bytes: 2755..2785
2026-09-08T09:08:57.231799Z  WARN foundry_evm_coverage::anchors: could not find anchor item=Statement (location: (source ID: 55, lines: 65..66, bytes: 2755..2785), hits: 0) err=Could not find anchor: No matching instruction in range source ID: 55, lines: 65..66, bytes: 2755..2785
2026-09-08T09:08:57.231802Z  WARN foundry_evm_coverage::anchors: could not find anchor item=Line (location: (source ID: 55, lines: 69..72, bytes: 2851..2967), hits: 0) err=Could not find anchor: No matching instruction in range source ID: 55, lines: 69..72, bytes: 2851..2967
2026-09-08T09:08:57.231806Z  WARN foundry_evm_coverage::anchors: could not find anchor item=Function "CLOCK_MODE" (location: (source ID: 55, lines: 69..72, bytes: 2851..2967), hits: 0) err=Could not find anchor: No matching instruction in range source ID: 55, lines: 69..72, bytes: 2851..2967
2026-09-08T09:08:57.231809Z  WARN foundry_evm_coverage::anchors: could not find anchor item=Line (location: (source ID: 55, lines: 70..71, bytes: 2936..2960), hits: 0) err=Could not find anchor: No matching instruction in range source ID: 55, lines: 70..71, bytes: 2936..2960
2026-09-08T09:08:57.231812Z  WARN foundry_evm_coverage::anchors: could not find anchor item=Statement (location: (source ID: 55, lines: 70..71, bytes: 2936..2960), hits: 0) err=Could not find anchor: No matching instruction in range source ID: 55, lines: 70..71, bytes: 2936..2960
2026-09-08T09:08:57.231816Z  WARN foundry_evm_coverage::anchors: could not find anchor item=Line (location: (source ID: 55, lines: 77..80, bytes: 3196..3335), hits: 0) err=Could not find anchor: No matching instruction in range source ID: 55, lines: 77..80, bytes: 3196..3335
2026-09-08T09:08:57.231819Z  WARN foundry_evm_coverage::anchors: could not find anchor item=Function "_getVotingUnits" (location: (source ID: 55, lines: 77..80, bytes: 3196..3335), hits: 0) err=Could not find anchor: No matching instruction in range source ID: 55, lines: 77..80, bytes: 3196..3335
2026-09-08T09:08:57.231822Z  WARN foundry_evm_coverage::anchors: could not find anchor item=Line (location: (source ID: 55, lines: 78..79, bytes: 3297..3328), hits: 0) err=Could not find anchor: No matching instruction in range source ID: 55, lines: 78..79, bytes: 3297..3328
2026-09-08T09:08:57.231825Z  WARN foundry_evm_coverage::anchors: could not find anchor item=Statement (location: (source ID: 55, lines: 78..79, bytes: 3297..3328), hits: 0) err=Could not find anchor: No matching instruction in range source ID: 55, lines: 78..79, bytes: 3297..3328
2026-09-08T09:08:57.231829Z  WARN foundry_evm_coverage::anchors: could not find anchor item=Line (location: (source ID: 55, lines: 87..96, bytes: 3731..4139), hits: 0) err=Could not find anchor: No matching instruction in range source ID: 55, lines: 87..96, bytes: 3731..4139
2026-09-08T09:08:57.231832Z  WARN foundry_evm_coverage::anchors: could not find anchor item=Function "accrueRewards" (location: (source ID: 55, lines: 87..96, bytes: 3731..4139), hits: 0) err=Could not find anchor: No matching instruction in range source ID: 55, lines: 87..96, bytes: 3731..4139
2026-09-08T09:08:57.231840Z  WARN foundry_evm_coverage::anchors: could not find anchor item=Line (location: (source ID: 55, lines: 88..89, bytes: 3773..3834), hits: 0) err=Could not find anchor: No matching instruction in range source ID: 55, lines: 88..89, bytes: 3773..3834
2026-09-08T09:08:57.231843Z  WARN foundry_evm_coverage::anchors: could not find anchor item=Statement (location: (source ID: 55, lines: 88..89, bytes: 3773..3834), hits: 0) err=Could not find anchor: No matching instruction in range source ID: 55, lines: 88..89, bytes: 3773..3834
2026-09-08T09:08:57.231847Z  WARN foundry_evm_coverage::anchors: could not find anchor item=Statement (location: (source ID: 55, lines: 88..89, bytes: 3798..3834), hits: 0) err=Could not find anchor: No matching instruction in range source ID: 55, lines: 88..89, bytes: 3798..3834
2026-09-08T09:08:57.231850Z  WARN foundry_evm_coverage::anchors: could not find anchor item=Line (location: (source ID: 55, lines: 89..90, bytes: 3844..3900), hits: 0) err=Could not find anchor: No matching instruction in range source ID: 55, lines: 89..90, bytes: 3844..3900
2026-09-08T09:08:57.231853Z  WARN foundry_evm_coverage::anchors: could not find anchor item=Statement (location: (source ID: 55, lines: 89..90, bytes: 3844..3900), hits: 0) err=Could not find anchor: No matching instruction in range source ID: 55, lines: 89..90, bytes: 3844..3900
2026-09-08T09:08:57.231856Z  WARN foundry_evm_coverage::anchors: could not find anchor item=Statement (location: (source ID: 55, lines: 89..90, bytes: 3865..3900), hits: 0) err=Could not find anchor: No matching instruction in range source ID: 55, lines: 89..90, bytes: 3865..3900
2026-09-08T09:08:57.231859Z  WARN foundry_evm_coverage::anchors: could not find anchor item=Line (location: (source ID: 55, lines: 90..91, bytes: 3914..3928), hits: 0) err=Could not find anchor: No matching instruction in range source ID: 55, lines: 90..91, bytes: 3914..3928
2026-09-08T09:08:57.231862Z  WARN foundry_evm_coverage::anchors: could not find anchor item=Statement (location: (source ID: 55, lines: 90..91, bytes: 3914..3928), hits: 0) err=Could not find anchor: No matching instruction in range source ID: 55, lines: 90..91, bytes: 3914..3928
2026-09-08T09:08:57.231865Z  WARN foundry_evm_coverage::anchors: could not find anchor item=Statement (location: (source ID: 55, lines: 90..91, bytes: 3914..3948), hits: 0) err=Could not find anchor: No matching instruction in range source ID: 55, lines: 90..91, bytes: 3914..3948
2026-09-08T09:08:57.231869Z  WARN foundry_evm_coverage::anchors: could not find anchor item=Statement (location: (source ID: 55, lines: 90..91, bytes: 3932..3948), hits: 0) err=Could not find anchor: No matching instruction in range source ID: 55, lines: 90..91, bytes: 3932..3948
2026-09-08T09:08:57.231872Z  WARN foundry_evm_coverage::anchors: could not find anchor item=Branch (branch: 1, path: 0) (location: (source ID: 55, lines: 90..95, bytes: 3950..4133), hits: 0) err=Could not find anchor: No matching instruction in range source ID: 55, lines: 90..95, bytes: 3950..4133
2026-09-08T09:08:57.231875Z  WARN foundry_evm_coverage::anchors: could not find anchor item=Line (location: (source ID: 55, lines: 91..92, bytes: 3964..4028), hits: 0) err=Could not find anchor: No matching instruction in range source ID: 55, lines: 91..92, bytes: 3964..4028
2026-09-08T09:08:57.231878Z  WARN foundry_evm_coverage::anchors: could not find anchor item=Statement (location: (source ID: 55, lines: 91..92, bytes: 3964..4028), hits: 0) err=Could not find anchor: No matching instruction in range source ID: 55, lines: 91..92, bytes: 3964..4028
2026-09-08T09:08:57.231882Z  WARN foundry_evm_coverage::anchors: could not find anchor item=Line (location: (source ID: 55, lines: 92..93, bytes: 4042..4077), hits: 0) err=Could not find anchor: No matching instruction in range source ID: 55, lines: 92..93, bytes: 4042..4077
2026-09-08T09:08:57.231887Z  WARN foundry_evm_coverage::anchors: could not find anchor item=Statement (location: (source ID: 55, lines: 92..93, bytes: 4042..4077), hits: 0) err=Could not find anchor: No matching instruction in range source ID: 55, lines: 92..93, bytes: 4042..4077
2026-09-08T09:08:57.231890Z  WARN foundry_evm_coverage::anchors: could not find anchor item=Line (location: (source ID: 55, lines: 93..94, bytes: 4091..4122), hits: 0) err=Could not find anchor: No matching instruction in range source ID: 55, lines: 93..94, bytes: 4091..4122
2026-09-08T09:08:57.231893Z  WARN foundry_evm_coverage::anchors: could not find anchor item=Statement (location: (source ID: 55, lines: 93..94, bytes: 4091..4122), hits: 0) err=Could not find anchor: No matching instruction in range source ID: 55, lines: 93..94, bytes: 4091..4122
2026-09-08T09:08:57.231897Z  WARN foundry_evm_coverage::anchors: could not find anchor item=Line (location: (source ID: 55, lines: 97..103, bytes: 4145..4459), hits: 0) err=Could not find anchor: No matching instruction in range source ID: 55, lines: 97..103, bytes: 4145..4459
2026-09-08T09:08:57.231900Z  WARN foundry_evm_coverage::anchors: could not find anchor item=Function "_updateUserRewards" (location: (source ID: 55, lines: 97..103, bytes: 4145..4459), hits: 0) err=Could not find anchor: No matching instruction in range source ID: 55, lines: 97..103, bytes: 4145..4459
2026-09-08T09:08:57.231903Z  WARN foundry_evm_coverage::anchors: could not find anchor item=Line (location: (source ID: 55, lines: 98..99, bytes: 4209..4224), hits: 0) err=Could not find anchor: No matching instruction in range source ID: 55, lines: 98..99, bytes: 4209..4224
2026-09-08T09:08:57.231906Z  WARN foundry_evm_coverage::anchors: could not find anchor item=Statement (location: (source ID: 55, lines: 98..99, bytes: 4209..4224), hits: 0) err=Could not find anchor: No matching instruction in range source ID: 55, lines: 98..99, bytes: 4209..4224
2026-09-08T09:08:57.231910Z  WARN foundry_evm_coverage::anchors: could not find anchor item=Line (location: (source ID: 55, lines: 99..100, bytes: 4234..4276), hits: 0) err=Could not find anchor: No matching instruction in range source ID: 55, lines: 99..100, bytes: 4234..4276
2026-09-08T09:08:57.231913Z  WARN foundry_evm_coverage::anchors: could not find anchor item=Statement (location: (source ID: 55, lines: 99..100, bytes: 4234..4276), hits: 0) err=Could not find anchor: No matching instruction in range source ID: 55, lines: 99..100, bytes: 4234..4276
2026-09-08T09:08:57.231916Z  WARN foundry_evm_coverage::anchors: could not find anchor item=Line (location: (source ID: 55, lines: 100..101, bytes: 4286..4394), hits: 0) err=Could not find anchor: No matching instruction in range source ID: 55, lines: 100..101, bytes: 4286..4394
2026-09-08T09:08:57.231919Z  WARN foundry_evm_coverage::anchors: could not find anchor item=Statement (location: (source ID: 55, lines: 100..101, bytes: 4286..4394), hits: 0) err=Could not find anchor: No matching instruction in range source ID: 55, lines: 100..101, bytes: 4286..4394
2026-09-08T09:08:57.231922Z  WARN foundry_evm_coverage::anchors: could not find anchor item=Line (location: (source ID: 55, lines: 101..102, bytes: 4404..4452), hits: 0) err=Could not find anchor: No matching instruction in range source ID: 55, lines: 101..102, bytes: 4404..4452
2026-09-08T09:08:57.231926Z  WARN foundry_evm_coverage::anchors: could not find anchor item=Statement (location: (source ID: 55, lines: 101..102, bytes: 4404..4452), hits: 0) err=Could not find anchor: No matching instruction in range source ID: 55, lines: 101..102, bytes: 4404..4452
2026-09-08T09:08:57.231929Z  WARN foundry_evm_coverage::anchors: could not find anchor item=Line (location: (source ID: 55, lines: 108..121, bytes: 4641..5041), hits: 0) err=Could not find anchor: No matching instruction in range source ID: 55, lines: 108..121, bytes: 4641..5041
2026-09-08T09:08:57.231932Z  WARN foundry_evm_coverage::anchors: could not find anchor item=Function "stake" (location: (source ID: 55, lines: 108..121, bytes: 4641..5041), hits: 0) err=Could not find anchor: No matching instruction in range source ID: 55, lines: 108..121, bytes: 4641..5041
2026-09-08T09:08:57.231937Z  WARN foundry_evm_coverage::anchors: could not find anchor item=Line (location: (source ID: 55, lines: 109..110, bytes: 4708..4719), hits: 0) err=Could not find anchor: No matching instruction in range source ID: 55, lines: 109..110, bytes: 4708..4719
2026-09-08T09:08:57.231940Z  WARN foundry_evm_coverage::anchors: could not find anchor item=Statement (location: (source ID: 55, lines: 109..110, bytes: 4708..4719), hits: 0) err=Could not find anchor: No matching instruction in range source ID: 55, lines: 109..110, bytes: 4708..4719
2026-09-08T09:08:57.231944Z  WARN foundry_evm_coverage::anchors: could not find anchor item=Statement (location: (source ID: 55, lines: 109..110, bytes: 4721..4740), hits: 0) err=Could not find anchor: No matching instruction in range source ID: 55, lines: 109..110, bytes: 4721..4740
2026-09-08T09:08:57.231947Z  WARN foundry_evm_coverage::anchors: could not find anchor item=Branch (branch: 2, path: 0) (location: (source ID: 55, lines: 109..110, bytes: 4721..4740), hits: 0) err=Could not find anchor: No matching instruction in range source ID: 55, lines: 109..110, bytes: 4721..4740
2026-09-08T09:08:57.231950Z  WARN foundry_evm_coverage::anchors: could not find anchor item=Line (location: (source ID: 55, lines: 111..112, bytes: 4751..4781), hits: 0) err=Could not find anchor: No matching instruction in range source ID: 55, lines: 111..112, bytes: 4751..4781
2026-09-08T09:08:57.231953Z  WARN foundry_evm_coverage::anchors: could not find anchor item=Statement (location: (source ID: 55, lines: 111..112, bytes: 4751..4781), hits: 0) err=Could not find anchor: No matching instruction in range source ID: 55, lines: 111..112, bytes: 4751..4781
2026-09-08T09:08:57.231956Z  WARN foundry_evm_coverage::anchors: could not find anchor item=Line (location: (source ID: 55, lines: 113..114, bytes: 4792..4850), hits: 0) err=Could not find anchor: No matching instruction in range source ID: 55, lines: 113..114, bytes: 4792..4850
2026-09-08T09:08:57.231960Z  WARN foundry_evm_coverage::anchors: could not find anchor item=Statement (location: (source ID: 55, lines: 113..114, bytes: 4792..4850), hits: 0) err=Could not find anchor: No matching instruction in range source ID: 55, lines: 113..114, bytes: 4792..4850
2026-09-08T09:08:57.231963Z  WARN foundry_evm_coverage::anchors: could not find anchor item=Line (location: (source ID: 55, lines: 114..115, bytes: 4860..4897), hits: 0) err=Could not find anchor: No matching instruction in range source ID: 55, lines: 114..115, bytes: 4860..4897
2026-09-08T09:08:57.231966Z  WARN foundry_evm_coverage::anchors: could not find anchor item=Statement (location: (source ID: 55, lines: 114..115, bytes: 4860..4897), hits: 0) err=Could not find anchor: No matching instruction in range source ID: 55, lines: 114..115, bytes: 4860..4897
2026-09-08T09:08:57.231969Z  WARN foundry_evm_coverage::anchors: could not find anchor item=Line (location: (source ID: 55, lines: 115..116, bytes: 4907..4929), hits: 0) err=Could not find anchor: No matching instruction in range source ID: 55, lines: 115..116, bytes: 4907..4929
2026-09-08T09:08:57.231972Z  WARN foundry_evm_coverage::anchors: could not find anchor item=Statement (location: (source ID: 55, lines: 115..116, bytes: 4907..4929), hits: 0) err=Could not find anchor: No matching instruction in range source ID: 55, lines: 115..116, bytes: 4907..4929
2026-09-08T09:08:57.231975Z  WARN foundry_evm_coverage::anchors: could not find anchor item=Line (location: (source ID: 55, lines: 117..118, bytes: 4940..4992), hits: 0) err=Could not find anchor: No matching instruction in range source ID: 55, lines: 117..118, bytes: 4940..4992
2026-09-08T09:08:57.231979Z  WARN foundry_evm_coverage::anchors: could not find anchor item=Statement (location: (source ID: 55, lines: 117..118, bytes: 4940..4992), hits: 0) err=Could not find anchor: No matching instruction in range source ID: 55, lines: 117..118, bytes: 4940..4992
2026-09-08T09:08:57.231984Z  WARN foundry_evm_coverage::anchors: could not find anchor item=Line (location: (source ID: 55, lines: 119..120, bytes: 5003..5034), hits: 0) err=Could not find anchor: No matching instruction in range source ID: 55, lines: 119..120, bytes: 5003..5034
2026-09-08T09:08:57.231987Z  WARN foundry_evm_coverage::anchors: could not find anchor item=Statement (location: (source ID: 55, lines: 119..120, bytes: 5003..5034), hits: 0) err=Could not find anchor: No matching instruction in range source ID: 55, lines: 119..120, bytes: 5003..5034
2026-09-08T09:08:57.231990Z  WARN foundry_evm_coverage::anchors: could not find anchor item=Line (location: (source ID: 55, lines: 122..137, bytes: 5047..5513), hits: 0) err=Could not find anchor: No matching instruction in range source ID: 55, lines: 122..137, bytes: 5047..5513
2026-09-08T09:08:57.231993Z  WARN foundry_evm_coverage::anchors: could not find anchor item=Function "unstake" (location: (source ID: 55, lines: 122..137, bytes: 5047..5513), hits: 0) err=Could not find anchor: No matching instruction in range source ID: 55, lines: 122..137, bytes: 5047..5513
2026-09-08T09:08:57.231997Z  WARN foundry_evm_coverage::anchors: could not find anchor item=Line (location: (source ID: 55, lines: 123..124, bytes: 5116..5127), hits: 0) err=Could not find anchor: No matching instruction in range source ID: 55, lines: 123..124, bytes: 5116..5127
2026-09-08T09:08:57.232000Z  WARN foundry_evm_coverage::anchors: could not find anchor item=Statement (location: (source ID: 55, lines: 123..124, bytes: 5116..5127), hits: 0) err=Could not find anchor: No matching instruction in range source ID: 55, lines: 123..124, bytes: 5116..5127
2026-09-08T09:08:57.232003Z  WARN foundry_evm_coverage::anchors: could not find anchor item=Statement (location: (source ID: 55, lines: 123..124, bytes: 5129..5148), hits: 0) err=Could not find anchor: No matching instruction in range source ID: 55, lines: 123..124, bytes: 5129..5148
2026-09-08T09:08:57.232006Z  WARN foundry_evm_coverage::anchors: could not find anchor item=Branch (branch: 3, path: 0) (location: (source ID: 55, lines: 123..124, bytes: 5129..5148), hits: 0) err=Could not find anchor: No matching instruction in range source ID: 55, lines: 123..124, bytes: 5129..5148
2026-09-08T09:08:57.232009Z  WARN foundry_evm_coverage::anchors: could not find anchor item=Line (location: (source ID: 55, lines: 124..125, bytes: 5162..5198), hits: 0) err=Could not find anchor: No matching instruction in range source ID: 55, lines: 124..125, bytes: 5162..5198
2026-09-08T09:08:57.232013Z  WARN foundry_evm_coverage::anchors: could not find anchor item=Statement (location: (source ID: 55, lines: 124..125, bytes: 5162..5198), hits: 0) err=Could not find anchor: No matching instruction in range source ID: 55, lines: 124..125, bytes: 5162..5198
2026-09-08T09:08:57.232016Z  WARN foundry_evm_coverage::anchors: could not find anchor item=Statement (location: (source ID: 55, lines: 124..125, bytes: 5200..5228), hits: 0) err=Could not find anchor: No matching instruction in range source ID: 55, lines: 124..125, bytes: 5200..5228
2026-09-08T09:08:57.232019Z  WARN foundry_evm_coverage::anchors: could not find anchor item=Branch (branch: 4, path: 0) (location: (source ID: 55, lines: 124..125, bytes: 5200..5228), hits: 0) err=Could not find anchor: No matching instruction in range source ID: 55, lines: 124..125, bytes: 5200..5228
2026-09-08T09:08:57.232022Z  WARN foundry_evm_coverage::anchors: could not find anchor item=Line (location: (source ID: 55, lines: 126..127, bytes: 5239..5269), hits: 0) err=Could not find anchor: No matching instruction in range source ID: 55, lines: 126..127, bytes: 5239..5269
2026-09-08T09:08:57.232025Z  WARN foundry_evm_coverage::anchors: could not find anchor item=Statement (location: (source ID: 55, lines: 126..127, bytes: 5239..5269), hits: 0) err=Could not find anchor: No matching instruction in range source ID: 55, lines: 126..127, bytes: 5239..5269
2026-09-08T09:08:57.232028Z  WARN foundry_evm_coverage::anchors: could not find anchor item=Line (location: (source ID: 55, lines: 128..129, bytes: 5280..5317), hits: 0) err=Could not find anchor: No matching instruction in range source ID: 55, lines: 128..129, bytes: 5280..5317
2026-09-08T09:08:57.232034Z  WARN foundry_evm_coverage::anchors: could not find anchor item=Statement (location: (source ID: 55, lines: 128..129, bytes: 5280..5317), hits: 0) err=Could not find anchor: No matching instruction in range source ID: 55, lines: 128..129, bytes: 5280..5317
2026-09-08T09:08:57.232038Z  WARN foundry_evm_coverage::anchors: could not find anchor item=Line (location: (source ID: 55, lines: 129..130, bytes: 5327..5349), hits: 0) err=Could not find anchor: No matching instruction in range source ID: 55, lines: 129..130, bytes: 5327..5349
2026-09-08T09:08:57.232041Z  WARN foundry_evm_coverage::anchors: could not find anchor item=Statement (location: (source ID: 55, lines: 129..130, bytes: 5327..5349), hits: 0) err=Could not find anchor: No matching instruction in range source ID: 55, lines: 129..130, bytes: 5327..5349
2026-09-08T09:08:57.232044Z  WARN foundry_evm_coverage::anchors: could not find anchor item=Line (location: (source ID: 55, lines: 131..132, bytes: 5360..5412), hits: 0) err=Could not find anchor: No matching instruction in range source ID: 55, lines: 131..132, bytes: 5360..5412
2026-09-08T09:08:57.232047Z  WARN foundry_evm_coverage::anchors: could not find anchor item=Statement (location: (source ID: 55, lines: 131..132, bytes: 5360..5412), hits: 0) err=Could not find anchor: No matching instruction in range source ID: 55, lines: 131..132, bytes: 5360..5412
2026-09-08T09:08:57.232050Z  WARN foundry_evm_coverage::anchors: could not find anchor item=Line (location: (source ID: 55, lines: 133..134, bytes: 5423..5462), hits: 0) err=Could not find anchor: No matching instruction in range source ID: 55, lines: 133..134, bytes: 5423..5462
2026-09-08T09:08:57.232053Z  WARN foundry_evm_coverage::anchors: could not find anchor item=Statement (location: (source ID: 55, lines: 133..134, bytes: 5423..5462), hits: 0) err=Could not find anchor: No matching instruction in range source ID: 55, lines: 133..134, bytes: 5423..5462
2026-09-08T09:08:57.232057Z  WARN foundry_evm_coverage::anchors: could not find anchor item=Line (location: (source ID: 55, lines: 135..136, bytes: 5473..5506), hits: 0) err=Could not find anchor: No matching instruction in range source ID: 55, lines: 135..136, bytes: 5473..5506
2026-09-08T09:08:57.232060Z  WARN foundry_evm_coverage::anchors: could not find anchor item=Statement (location: (source ID: 55, lines: 135..136, bytes: 5473..5506), hits: 0) err=Could not find anchor: No matching instruction in range source ID: 55, lines: 135..136, bytes: 5473..5506
2026-09-08T09:08:57.232064Z  WARN foundry_evm_coverage::anchors: could not find anchor item=Line (location: (source ID: 55, lines: 142..145, bytes: 5693..5815), hits: 0) err=Could not find anchor: No matching instruction in range source ID: 55, lines: 142..145, bytes: 5693..5815
2026-09-08T09:08:57.232067Z  WARN foundry_evm_coverage::anchors: could not find anchor item=Function "stakedBalanceOf" (location: (source ID: 55, lines: 142..145, bytes: 5693..5815), hits: 0) err=Could not find anchor: No matching instruction in range source ID: 55, lines: 142..145, bytes: 5693..5815
2026-09-08T09:08:57.232070Z  WARN foundry_evm_coverage::anchors: could not find anchor item=Line (location: (source ID: 55, lines: 143..144, bytes: 5777..5808), hits: 0) err=Could not find anchor: No matching instruction in range source ID: 55, lines: 143..144, bytes: 5777..5808
2026-09-08T09:08:57.232073Z  WARN foundry_evm_coverage::anchors: could not find anchor item=Statement (location: (source ID: 55, lines: 143..144, bytes: 5777..5808), hits: 0) err=Could not find anchor: No matching instruction in range source ID: 55, lines: 143..144, bytes: 5777..5808
2026-09-08T09:08:57.232077Z  WARN foundry_evm_coverage::anchors: could not find anchor item=Line (location: (source ID: 55, lines: 146..149, bytes: 5821..5912), hits: 0) err=Could not find anchor: No matching instruction in range source ID: 55, lines: 146..149, bytes: 5821..5912
2026-09-08T09:08:57.232082Z  WARN foundry_evm_coverage::anchors: could not find anchor item=Function "totalStaked" (location: (source ID: 55, lines: 146..149, bytes: 5821..5912), hits: 0) err=Could not find anchor: No matching instruction in range source ID: 55, lines: 146..149, bytes: 5821..5912
2026-09-08T09:08:57.232085Z  WARN foundry_evm_coverage::anchors: could not find anchor item=Line (location: (source ID: 55, lines: 147..148, bytes: 5886..5905), hits: 0) err=Could not find anchor: No matching instruction in range source ID: 55, lines: 147..148, bytes: 5886..5905
2026-09-08T09:08:57.232088Z  WARN foundry_evm_coverage::anchors: could not find anchor item=Statement (location: (source ID: 55, lines: 147..148, bytes: 5886..5905), hits: 0) err=Could not find anchor: No matching instruction in range source ID: 55, lines: 147..148, bytes: 5886..5905
2026-09-08T09:08:57.232091Z  WARN foundry_evm_coverage::anchors: could not find anchor item=Line (location: (source ID: 55, lines: 150..156, bytes: 5918..6196), hits: 0) err=Could not find anchor: No matching instruction in range source ID: 55, lines: 150..156, bytes: 5918..6196
2026-09-08T09:08:57.232094Z  WARN foundry_evm_coverage::anchors: could not find anchor item=Function "earned" (location: (source ID: 55, lines: 150..156, bytes: 5918..6196), hits: 0) err=Could not find anchor: No matching instruction in range source ID: 55, lines: 150..156, bytes: 5918..6196
2026-09-08T09:08:57.232097Z  WARN foundry_evm_coverage::anchors: could not find anchor item=Line (location: (source ID: 55, lines: 151..152, bytes: 5993..6035), hits: 0) err=Could not find anchor: No matching instruction in range source ID: 55, lines: 151..152, bytes: 5993..6035
2026-09-08T09:08:57.232100Z  WARN foundry_evm_coverage::anchors: could not find anchor item=Statement (location: (source ID: 55, lines: 151..152, bytes: 5993..6035), hits: 0) err=Could not find anchor: No matching instruction in range source ID: 55, lines: 151..152, bytes: 5993..6035
2026-09-08T09:08:57.232103Z  WARN foundry_evm_coverage::anchors: could not find anchor item=Line (location: (source ID: 55, lines: 152..155, bytes: 6045..6189), hits: 0) err=Could not find anchor: No matching instruction in range source ID: 55, lines: 152..155, bytes: 6045..6189
2026-09-08T09:08:57.232105Z  WARN foundry_evm_coverage::anchors: could not find anchor item=Statement (location: (source ID: 55, lines: 152..155, bytes: 6045..6189), hits: 0) err=Could not find anchor: No matching instruction in range source ID: 55, lines: 152..155, bytes: 6045..6189
2026-09-08T09:08:57.232108Z  WARN foundry_evm_coverage::anchors: could not find anchor item=Line (location: (source ID: 55, lines: 153..155, bytes: 6064..6189), hits: 0) err=Could not find anchor: No matching instruction in range source ID: 55, lines: 153..155, bytes: 6064..6189
2026-09-08T09:08:57.232111Z  WARN foundry_evm_coverage::anchors: could not find anchor item=Statement (location: (source ID: 55, lines: 153..155, bytes: 6064..6189), hits: 0) err=Could not find anchor: No matching instruction in range source ID: 55, lines: 153..155, bytes: 6064..6189
2026-09-08T09:08:57.232114Z  WARN foundry_evm_coverage::anchors: could not find anchor item=Line (location: (source ID: 55, lines: 157..160, bytes: 6202..6305), hits: 0) err=Could not find anchor: No matching instruction in range source ID: 55, lines: 157..160, bytes: 6202..6305
2026-09-08T09:08:57.232117Z  WARN foundry_evm_coverage::anchors: could not find anchor item=Function "lastRewardBalance" (location: (source ID: 55, lines: 157..160, bytes: 6202..6305), hits: 0) err=Could not find anchor: No matching instruction in range source ID: 55, lines: 157..160, bytes: 6202..6305
2026-09-08T09:08:57.232120Z  WARN foundry_evm_coverage::anchors: could not find anchor item=Line (location: (source ID: 55, lines: 158..159, bytes: 6273..6298), hits: 0) err=Could not find anchor: No matching instruction in range source ID: 55, lines: 158..159, bytes: 6273..6298
2026-09-08T09:08:57.232125Z  WARN foundry_evm_coverage::anchors: could not find anchor item=Statement (location: (source ID: 55, lines: 158..159, bytes: 6273..6298), hits: 0) err=Could not find anchor: No matching instruction in range source ID: 55, lines: 158..159, bytes: 6273..6298
2026-09-08T09:08:57.232128Z  WARN foundry_evm_coverage::anchors: could not find anchor item=Line (location: (source ID: 55, lines: 161..175, bytes: 6311..6751), hits: 0) err=Could not find anchor: No matching instruction in range source ID: 55, lines: 161..175, bytes: 6311..6751
2026-09-08T09:08:57.232131Z  WARN foundry_evm_coverage::anchors: could not find anchor item=Function "claimRewards" (location: (source ID: 55, lines: 161..175, bytes: 6311..6751), hits: 0) err=Could not find anchor: No matching instruction in range source ID: 55, lines: 161..175, bytes: 6311..6751
2026-09-08T09:08:57.232134Z  WARN foundry_evm_coverage::anchors: could not find anchor item=Line (location: (source ID: 55, lines: 162..163, bytes: 6367..6397), hits: 0) err=Could not find anchor: No matching instruction in range source ID: 55, lines: 162..163, bytes: 6367..6397
2026-09-08T09:08:57.232137Z  WARN foundry_evm_coverage::anchors: could not find anchor item=Statement (location: (source ID: 55, lines: 162..163, bytes: 6367..6397), hits: 0) err=Could not find anchor: No matching instruction in range source ID: 55, lines: 162..163, bytes: 6367..6397
2026-09-08T09:08:57.232140Z  WARN foundry_evm_coverage::anchors: could not find anchor item=Line (location: (source ID: 55, lines: 163..164, bytes: 6407..6450), hits: 0) err=Could not find anchor: No matching instruction in range source ID: 55, lines: 163..164, bytes: 6407..6450
2026-09-08T09:08:57.232143Z  WARN foundry_evm_coverage::anchors: could not find anchor item=Statement (location: (source ID: 55, lines: 163..164, bytes: 6407..6450), hits: 0) err=Could not find anchor: No matching instruction in range source ID: 55, lines: 163..164, bytes: 6407..6450
2026-09-08T09:08:57.232146Z  WARN foundry_evm_coverage::anchors: could not find anchor item=Line (location: (source ID: 55, lines: 164..165, bytes: 6464..6475), hits: 0) err=Could not find anchor: No matching instruction in range source ID: 55, lines: 164..165, bytes: 6464..6475
2026-09-08T09:08:57.232149Z  WARN foundry_evm_coverage::anchors: could not find anchor item=Statement (location: (source ID: 55, lines: 164..165, bytes: 6464..6475), hits: 0) err=Could not find anchor: No matching instruction in range source ID: 55, lines: 164..165, bytes: 6464..6475
2026-09-08T09:08:57.232152Z  WARN foundry_evm_coverage::anchors: could not find anchor item=Statement (location: (source ID: 55, lines: 164..165, bytes: 6477..6496), hits: 0) err=Could not find anchor: No matching instruction in range source ID: 55, lines: 164..165, bytes: 6477..6496
2026-09-08T09:08:57.232155Z  WARN foundry_evm_coverage::anchors: could not find anchor item=Branch (branch: 5, path: 0) (location: (source ID: 55, lines: 164..165, bytes: 6477..6496), hits: 0) err=Could not find anchor: No matching instruction in range source ID: 55, lines: 164..165, bytes: 6477..6496
2026-09-08T09:08:57.232158Z  WARN foundry_evm_coverage::anchors: could not find anchor item=Line (location: (source ID: 55, lines: 166..167, bytes: 6507..6537), hits: 0) err=Could not find anchor: No matching instruction in range source ID: 55, lines: 166..167, bytes: 6507..6537
2026-09-08T09:08:57.232161Z  WARN foundry_evm_coverage::anchors: could not find anchor item=Statement (location: (source ID: 55, lines: 166..167, bytes: 6507..6537), hits: 0) err=Could not find anchor: No matching instruction in range source ID: 55, lines: 166..167, bytes: 6507..6537
2026-09-08T09:08:57.232164Z  WARN foundry_evm_coverage::anchors: could not find anchor item=Line (location: (source ID: 55, lines: 169..170, bytes: 6611..6639), hits: 0) err=Could not find anchor: No matching instruction in range source ID: 55, lines: 169..170, bytes: 6611..6639
2026-09-08T09:08:57.232167Z  WARN foundry_evm_coverage::anchors: could not find anchor item=Statement (location: (source ID: 55, lines: 169..170, bytes: 6611..6639), hits: 0) err=Could not find anchor: No matching instruction in range source ID: 55, lines: 169..170, bytes: 6611..6639
2026-09-08T09:08:57.232171Z  WARN foundry_evm_coverage::anchors: could not find anchor item=Line (location: (source ID: 55, lines: 171..172, bytes: 6650..6694), hits: 0) err=Could not find anchor: No matching instruction in range source ID: 55, lines: 171..172, bytes: 6650..6694
2026-09-08T09:08:57.232174Z  WARN foundry_evm_coverage::anchors: could not find anchor item=Statement (location: (source ID: 55, lines: 171..172, bytes: 6650..6694), hits: 0) err=Could not find anchor: No matching instruction in range source ID: 55, lines: 171..172, bytes: 6650..6694
2026-09-08T09:08:57.232177Z  WARN foundry_evm_coverage::anchors: could not find anchor item=Line (location: (source ID: 55, lines: 173..174, bytes: 6705..6744), hits: 0) err=Could not find anchor: No matching instruction in range source ID: 55, lines: 173..174, bytes: 6705..6744
2026-09-08T09:08:57.232180Z  WARN foundry_evm_coverage::anchors: could not find anchor item=Statement (location: (source ID: 55, lines: 173..174, bytes: 6705..6744), hits: 0) err=Could not find anchor: No matching instruction in range source ID: 55, lines: 173..174, bytes: 6705..6744
2026-09-08T09:08:57.231764Z  WARN foundry_evm_coverage::anchors: could not find anchor item=Function "mint.0" (location: (source ID: 60, lines: 12..15, bytes: 346..431), hits: 0) err=Could not find anchor: No matching instruction in range source ID: 60, lines: 12..15, bytes: 346..431
2026-09-08T09:08:57.232187Z  WARN foundry_evm_coverage::anchors: could not find anchor item=Line (location: (source ID: 55, lines: 54..59, bytes: 2261..2485), hits: 0) err=Could not find anchor: No matching instruction in range source ID: 55, lines: 54..59, bytes: 2261..2485
2026-09-08T09:08:57.231655Z  WARN foundry_evm_coverage::anchors: could not find anchor item=Function "mint" (location: (source ID: 59, lines: 12..15, bytes: 350..435), hits: 0) err=Could not find anchor: No matching instruction in range source ID: 59, lines: 12..15, bytes: 350..435
2026-09-08T09:08:57.232200Z  WARN foundry_evm_coverage::anchors: could not find anchor item=Line (location: (source ID: 59, lines: 13..14, bytes: 411..428), hits: 0) err=Could not find anchor: No matching instruction in range source ID: 59, lines: 13..14, bytes: 411..428
2026-09-08T09:08:57.232205Z  WARN foundry_evm_coverage::anchors: could not find anchor item=Statement (location: (source ID: 59, lines: 13..14, bytes: 411..428), hits: 0) err=Could not find anchor: No matching instruction in range source ID: 59, lines: 13..14, bytes: 411..428
2026-09-08T09:08:57.231657Z  WARN foundry_evm_coverage::anchors: could not find anchor item=Function "useActor" (location: (source ID: 57, lines: 41..45, bytes: 1346..1472), hits: 0) err=Could not find anchor: No matching instruction in range source ID: 57, lines: 41..45, bytes: 1346..1472
2026-09-08T09:08:57.231649Z  WARN foundry_evm_coverage::anchors: could not find anchor item=Function "_startDepositRound" (location: (source ID: 54, lines: 84..104, bytes: 3115..3778), hits: 0) err=Could not find anchor: No matching instruction in range source ID: 54, lines: 84..104, bytes: 3115..3778
2026-09-08T09:08:57.232221Z  WARN foundry_evm_coverage::anchors: could not find anchor item=Line (location: (source ID: 54, lines: 85..86, bytes: 3190..3221), hits: 0) err=Could not find anchor: No matching instruction in range source ID: 54, lines: 85..86, bytes: 3190..3221
2026-09-08T09:08:57.232224Z  WARN foundry_evm_coverage::anchors: could not find anchor item=Statement (location: (source ID: 54, lines: 85..86, bytes: 3190..3221), hits: 0) err=Could not find anchor: No matching instruction in range source ID: 54, lines: 85..86, bytes: 3190..3221
2026-09-08T09:08:57.232227Z  WARN foundry_evm_coverage::anchors: could not find anchor item=Line (location: (source ID: 54, lines: 86..87, bytes: 3231..3271), hits: 0) err=Could not find anchor: No matching instruction in range source ID: 54, lines: 86..87, bytes: 3231..3271
2026-09-08T09:08:57.232234Z  WARN foundry_evm_coverage::anchors: could not find anchor item=Statement (location: (source ID: 54, lines: 86..87, bytes: 3231..3271), hits: 0) err=Could not find anchor: No matching instruction in range source ID: 54, lines: 86..87, bytes: 3231..3271
2026-09-08T09:08:57.232237Z  WARN foundry_evm_coverage::anchors: could not find anchor item=Statement (location: (source ID: 54, lines: 86..87, bytes: 3246..3271), hits: 0) err=Could not find anchor: No matching instruction in range source ID: 54, lines: 86..87, bytes: 3246..3271
2026-09-08T09:08:57.232241Z  WARN foundry_evm_coverage::anchors: could not find anchor item=Line (location: (source ID: 54, lines: 87..88, bytes: 3281..3320), hits: 0) err=Could not find anchor: No matching instruction in range source ID: 54, lines: 87..88, bytes: 3281..3320
2026-09-08T09:08:57.232244Z  WARN foundry_evm_coverage::anchors: could not find anchor item=Statement (location: (source ID: 54, lines: 87..88, bytes: 3281..3320), hits: 0) err=Could not find anchor: No matching instruction in range source ID: 54, lines: 87..88, bytes: 3281..3320
2026-09-08T09:08:57.232247Z  WARN foundry_evm_coverage::anchors: could not find anchor item=Statement (location: (source ID: 54, lines: 87..88, bytes: 3300..3320), hits: 0) err=Could not find anchor: No matching instruction in range source ID: 54, lines: 87..88, bytes: 3300..3320
2026-09-08T09:08:57.232250Z  WARN foundry_evm_coverage::anchors: could not find anchor item=Line (location: (source ID: 54, lines: 89..101, bytes: 3331..3718), hits: 0) err=Could not find anchor: No matching instruction in range source ID: 54, lines: 89..101, bytes: 3331..3718
2026-09-08T09:08:57.232253Z  WARN foundry_evm_coverage::anchors: could not find anchor item=Statement (location: (source ID: 54, lines: 89..101, bytes: 3331..3718), hits: 0) err=Could not find anchor: No matching instruction in range source ID: 54, lines: 89..101, bytes: 3331..3718
2026-09-08T09:08:57.232257Z  WARN foundry_evm_coverage::anchors: could not find anchor item=Line (location: (source ID: 54, lines: 102..103, bytes: 3729..3771), hits: 0) err=Could not find anchor: No matching instruction in range source ID: 54, lines: 102..103, bytes: 3729..3771
2026-09-08T09:08:57.232260Z  WARN foundry_evm_coverage::anchors: could not find anchor item=Statement (location: (source ID: 54, lines: 102..103, bytes: 3729..3771), hits: 0) err=Could not find anchor: No matching instruction in range source ID: 54, lines: 102..103, bytes: 3729..3771
2026-09-08T09:08:57.232263Z  WARN foundry_evm_coverage::anchors: could not find anchor item=Line (location: (source ID: 54, lines: 105..125, bytes: 3784..4453), hits: 0) err=Could not find anchor: No matching instruction in range source ID: 54, lines: 105..125, bytes: 3784..4453
2026-09-08T09:08:57.232266Z  WARN foundry_evm_coverage::anchors: could not find anchor item=Function "_startWithdrawRound" (location: (source ID: 54, lines: 105..125, bytes: 3784..4453), hits: 0) err=Could not find anchor: No matching instruction in range source ID: 54, lines: 105..125, bytes: 3784..4453
2026-09-08T09:08:57.232269Z  WARN foundry_evm_coverage::anchors: could not find anchor item=Line (location: (source ID: 54, lines: 106..107, bytes: 3860..3892), hits: 0) err=Could not find anchor: No matching instruction in range source ID: 54, lines: 106..107, bytes: 3860..3892
2026-09-08T09:08:57.232273Z  WARN foundry_evm_coverage::anchors: could not find anchor item=Statement (location: (source ID: 54, lines: 106..107, bytes: 3860..3892), hits: 0) err=Could not find anchor: No matching instruction in range source ID: 54, lines: 106..107, bytes: 3860..3892
2026-09-08T09:08:57.232276Z  WARN foundry_evm_coverage::anchors: could not find anchor item=Line (location: (source ID: 54, lines: 107..108, bytes: 3902..3943), hits: 0) err=Could not find anchor: No matching instruction in range source ID: 54, lines: 107..108, bytes: 3902..3943
2026-09-08T09:08:57.232279Z  WARN foundry_evm_coverage::anchors: could not find anchor item=Statement (location: (source ID: 54, lines: 107..108, bytes: 3902..3943), hits: 0) err=Could not find anchor: No matching instruction in range source ID: 54, lines: 107..108, bytes: 3902..3943
2026-09-08T09:08:57.232284Z  WARN foundry_evm_coverage::anchors: could not find anchor item=Statement (location: (source ID: 54, lines: 107..108, bytes: 3917..3943), hits: 0) err=Could not find anchor: No matching instruction in range source ID: 54, lines: 107..108, bytes: 3917..3943
2026-09-08T09:08:57.232287Z  WARN foundry_evm_coverage::anchors: could not find anchor item=Line (location: (source ID: 54, lines: 108..109, bytes: 3953..3992), hits: 0) err=Could not find anchor: No matching instruction in range source ID: 54, lines: 108..109, bytes: 3953..3992
2026-09-08T09:08:57.232290Z  WARN foundry_evm_coverage::anchors: could not find anchor item=Statement (location: (source ID: 54, lines: 108..109, bytes: 3953..3992), hits: 0) err=Could not find anchor: No matching instruction in range source ID: 54, lines: 108..109, bytes: 3953..3992
2026-09-08T09:08:57.232294Z  WARN foundry_evm_coverage::anchors: could not find anchor item=Statement (location: (source ID: 54, lines: 108..109, bytes: 3972..3992), hits: 0) err=Could not find anchor: No matching instruction in range source ID: 54, lines: 108..109, bytes: 3972..3992
2026-09-08T09:08:57.232297Z  WARN foundry_evm_coverage::anchors: could not find anchor item=Line (location: (source ID: 54, lines: 110..122, bytes: 4003..4392), hits: 0) err=Could not find anchor: No matching instruction in range source ID: 54, lines: 110..122, bytes: 4003..4392
2026-09-08T09:08:57.232300Z  WARN foundry_evm_coverage::anchors: could not find anchor item=Statement (location: (source ID: 54, lines: 110..122, bytes: 4003..4392), hits: 0) err=Could not find anchor: No matching instruction in range source ID: 54, lines: 110..122, bytes: 4003..4392
2026-09-08T09:08:57.232303Z  WARN foundry_evm_coverage::anchors: could not find anchor item=Line (location: (source ID: 54, lines: 123..124, bytes: 4403..4446), hits: 0) err=Could not find anchor: No matching instruction in range source ID: 54, lines: 123..124, bytes: 4403..4446
2026-09-08T09:08:57.232306Z  WARN foundry_evm_coverage::anchors: could not find anchor item=Statement (location: (source ID: 54, lines: 123..124, bytes: 4403..4446), hits: 0) err=Could not find anchor: No matching instruction in range source ID: 54, lines: 123..124, bytes: 4403..4446
2026-09-08T09:08:57.232309Z  WARN foundry_evm_coverage::anchors: could not find anchor item=Line (location: (source ID: 54, lines: 126..132, bytes: 4459..4696), hits: 0) err=Could not find anchor: No matching instruction in range source ID: 54, lines: 126..132, bytes: 4459..4696
2026-09-08T09:08:57.232313Z  WARN foundry_evm_coverage::anchors: could not find anchor item=Function "ensureDepositRound" (location: (source ID: 54, lines: 126..132, bytes: 4459..4696), hits: 0) err=Could not find anchor: No matching instruction in range source ID: 54, lines: 126..132, bytes: 4459..4696
2026-09-08T09:08:57.232316Z  WARN foundry_evm_coverage::anchors: could not find anchor item=Line (location: (source ID: 54, lines: 127..128, bytes: 4530..4554), hits: 0) err=Could not find anchor: No matching instruction in range source ID: 54, lines: 127..128, bytes: 4530..4554
2026-09-08T09:08:57.232319Z  WARN foundry_evm_coverage::anchors: could not find anchor item=Statement (location: (source ID: 54, lines: 127..128, bytes: 4530..4554), hits: 0) err=Could not find anchor: No matching instruction in range source ID: 54, lines: 127..128, bytes: 4530..4554
2026-09-08T09:08:57.232322Z  WARN foundry_evm_coverage::anchors: could not find anchor item=Statement (location: (source ID: 54, lines: 127..128, bytes: 4530..4600), hits: 0) err=Could not find anchor: No matching instruction in range source ID: 54, lines: 127..128, bytes: 4530..4600
2026-09-08T09:08:57.232325Z  WARN foundry_evm_coverage::anchors: could not find anchor item=Branch (branch: 0, path: 0) (location: (source ID: 54, lines: 127..130, bytes: 4602..4654), hits: 0) err=Could not find anchor: No matching instruction in range source ID: 54, lines: 127..130, bytes: 4602..4654
2026-09-08T09:08:57.232330Z  WARN foundry_evm_coverage::anchors: could not find anchor item=Line (location: (source ID: 54, lines: 128..129, bytes: 4616..4643), hits: 0) err=Could not find anchor: No matching instruction in range source ID: 54, lines: 128..129, bytes: 4616..4643
2026-09-08T09:08:57.232334Z  WARN foundry_evm_coverage::anchors: could not find anchor item=Statement (location: (source ID: 54, lines: 128..129, bytes: 4616..4643), hits: 0) err=Could not find anchor: No matching instruction in range source ID: 54, lines: 128..129, bytes: 4616..4643
2026-09-08T09:08:57.232337Z  WARN foundry_evm_coverage::anchors: could not find anchor item=Statement (location: (source ID: 54, lines: 128..129, bytes: 4623..4643), hits: 0) err=Could not find anchor: No matching instruction in range source ID: 54, lines: 128..129, bytes: 4623..4643
2026-09-08T09:08:57.232340Z  WARN foundry_evm_coverage::anchors: could not find anchor item=Line (location: (source ID: 54, lines: 130..131, bytes: 4663..4689), hits: 0) err=Could not find anchor: No matching instruction in range source ID: 54, lines: 130..131, bytes: 4663..4689
2026-09-08T09:08:57.232343Z  WARN foundry_evm_coverage::anchors: could not find anchor item=Statement (location: (source ID: 54, lines: 130..131, bytes: 4663..4689), hits: 0) err=Could not find anchor: No matching instruction in range source ID: 54, lines: 130..131, bytes: 4663..4689
2026-09-08T09:08:57.232346Z  WARN foundry_evm_coverage::anchors: could not find anchor item=Line (location: (source ID: 54, lines: 133..139, bytes: 4702..4945), hits: 0) err=Could not find anchor: No matching instruction in range source ID: 54, lines: 133..139, bytes: 4702..4945
2026-09-08T09:08:57.232349Z  WARN foundry_evm_coverage::anchors: could not find anchor item=Function "ensureWithdrawRound" (location: (source ID: 54, lines: 133..139, bytes: 4702..4945), hits: 0) err=Could not find anchor: No matching instruction in range source ID: 54, lines: 133..139, bytes: 4702..4945
2026-09-08T09:08:57.232352Z  WARN foundry_evm_coverage::anchors: could not find anchor item=Line (location: (source ID: 54, lines: 134..135, bytes: 4774..4799), hits: 0) err=Could not find anchor: No matching instruction in range source ID: 54, lines: 134..135, bytes: 4774..4799
2026-09-08T09:08:57.232356Z  WARN foundry_evm_coverage::anchors: could not find anchor item=Statement (location: (source ID: 54, lines: 134..135, bytes: 4774..4799), hits: 0) err=Could not find anchor: No matching instruction in range source ID: 54, lines: 134..135, bytes: 4774..4799
2026-09-08T09:08:57.232359Z  WARN foundry_evm_coverage::anchors: could not find anchor item=Statement (location: (source ID: 54, lines: 134..135, bytes: 4774..4847), hits: 0) err=Could not find anchor: No matching instruction in range source ID: 54, lines: 134..135, bytes: 4774..4847
2026-09-08T09:08:57.232362Z  WARN foundry_evm_coverage::anchors: could not find anchor item=Branch (branch: 1, path: 0) (location: (source ID: 54, lines: 134..137, bytes: 4849..4902), hits: 0) err=Could not find anchor: No matching instruction in range source ID: 54, lines: 134..137, bytes: 4849..4902
2026-09-08T09:08:57.232365Z  WARN foundry_evm_coverage::anchors: could not find anchor item=Line (location: (source ID: 54, lines: 135..136, bytes: 4863..4891), hits: 0) err=Could not find anchor: No matching instruction in range source ID: 54, lines: 135..136, bytes: 4863..4891
2026-09-08T09:08:57.232368Z  WARN foundry_evm_coverage::anchors: could not find anchor item=Statement (location: (source ID: 54, lines: 135..136, bytes: 4863..4891), hits: 0) err=Could not find anchor: No matching instruction in range source ID: 54, lines: 135..136, bytes: 4863..4891
2026-09-08T09:08:57.232371Z  WARN foundry_evm_coverage::anchors: could not find anchor item=Statement (location: (source ID: 54, lines: 135..136, bytes: 4870..4891), hits: 0) err=Could not find anchor: No matching instruction in range source ID: 54, lines: 135..136, bytes: 4870..4891
2026-09-08T09:08:57.232376Z  WARN foundry_evm_coverage::anchors: could not find anchor item=Line (location: (source ID: 54, lines: 137..138, bytes: 4911..4938), hits: 0) err=Could not find anchor: No matching instruction in range source ID: 54, lines: 137..138, bytes: 4911..4938
2026-09-08T09:08:57.232379Z  WARN foundry_evm_coverage::anchors: could not find anchor item=Statement (location: (source ID: 54, lines: 137..138, bytes: 4911..4938), hits: 0) err=Could not find anchor: No matching instruction in range source ID: 54, lines: 137..138, bytes: 4911..4938
2026-09-08T09:08:57.232382Z  WARN foundry_evm_coverage::anchors: could not find anchor item=Line (location: (source ID: 54, lines: 140..177, bytes: 4951..6540), hits: 0) err=Could not find anchor: No matching instruction in range source ID: 54, lines: 140..177, bytes: 4951..6540
2026-09-08T09:08:57.232385Z  WARN foundry_evm_coverage::anchors: could not find anchor item=Function "bidDeposit" (location: (source ID: 54, lines: 140..177, bytes: 4951..6540), hits: 0) err=Could not find anchor: No matching instruction in range source ID: 54, lines: 140..177, bytes: 4951..6540
2026-09-08T09:08:57.232389Z  WARN foundry_evm_coverage::anchors: could not find anchor item=Line (location: (source ID: 54, lines: 141..142, bytes: 5065..5076), hits: 0) err=Could not find anchor: No matching instruction in range source ID: 54, lines: 141..142, bytes: 5065..5076
2026-09-08T09:08:57.232392Z  WARN foundry_evm_coverage::anchors: could not find anchor item=Statement (location: (source ID: 54, lines: 141..142, bytes: 5065..5076), hits: 0) err=Could not find anchor: No matching instruction in range source ID: 54, lines: 141..142, bytes: 5065..5076
2026-09-08T09:08:57.232395Z  WARN foundry_evm_coverage::anchors: could not find anchor item=Statement (location: (source ID: 54, lines: 141..142, bytes: 5078..5097), hits: 0) err=Could not find anchor: No matching instruction in range source ID: 54, lines: 141..142, bytes: 5078..5097
2026-09-08T09:08:57.232398Z  WARN foundry_evm_coverage::anchors: could not find anchor item=Branch (branch: 2, path: 0) (location: (source ID: 54, lines: 141..142, bytes: 5078..5097), hits: 0) err=Could not find anchor: No matching instruction in range source ID: 54, lines: 141..142, bytes: 5078..5097
2026-09-08T09:08:57.232401Z  WARN foundry_evm_coverage::anchors: could not find anchor item=Line (location: (source ID: 54, lines: 142..143, bytes: 5111..5128), hits: 0) err=Could not find anchor: No matching instruction in range source ID: 54, lines: 142..143, bytes: 5111..5128
2026-09-08T09:08:57.232404Z  WARN foundry_evm_coverage::anchors: could not find anchor item=Statement (location: (source ID: 54, lines: 142..143, bytes: 5111..5128), hits: 0) err=Could not find anchor: No matching instruction in range source ID: 54, lines: 142..143, bytes: 5111..5128
2026-09-08T09:08:57.232407Z  WARN foundry_evm_coverage::anchors: could not find anchor item=Statement (location: (source ID: 54, lines: 142..143, bytes: 5130..5151), hits: 0) err=Could not find anchor: No matching instruction in range source ID: 54, lines: 142..143, bytes: 5130..5151
2026-09-08T09:08:57.232410Z  WARN foundry_evm_coverage::anchors: could not find anchor item=Branch (branch: 3, path: 0) (location: (source ID: 54, lines: 142..143, bytes: 5130..5151), hits: 0) err=Could not find anchor: No matching instruction in range source ID: 54, lines: 142..143, bytes: 5130..5151
2026-09-08T09:08:57.232414Z  WARN foundry_evm_coverage::anchors: could not find anchor item=Line (location: (source ID: 54, lines: 143..144, bytes: 5161..5204), hits: 0) err=Could not find anchor: No matching instruction in range source ID: 54, lines: 143..144, bytes: 5161..5204
2026-09-08T09:08:57.232417Z  WARN foundry_evm_coverage::anchors: could not find anchor item=Statement (location: (source ID: 54, lines: 143..144, bytes: 5161..5204), hits: 0) err=Could not find anchor: No matching instruction in range source ID: 54, lines: 143..144, bytes: 5161..5204
2026-09-08T09:08:57.232420Z  WARN foundry_evm_coverage::anchors: could not find anchor item=Statement (location: (source ID: 54, lines: 143..144, bytes: 5179..5204), hits: 0) err=Could not find anchor: No matching instruction in range source ID: 54, lines: 143..144, bytes: 5179..5204
2026-09-08T09:08:57.232425Z  WARN foundry_evm_coverage::anchors: could not find anchor item=Line (location: (source ID: 54, lines: 144..145, bytes: 5214..5258), hits: 0) err=Could not find anchor: No matching instruction in range source ID: 54, lines: 144..145, bytes: 5214..5258
2026-09-08T09:08:57.232429Z  WARN foundry_evm_coverage::anchors: could not find anchor item=Statement (location: (source ID: 54, lines: 144..145, bytes: 5214..5258), hits: 0) err=Could not find anchor: No matching instruction in range source ID: 54, lines: 144..145, bytes: 5214..5258
2026-09-08T09:08:57.232432Z  WARN foundry_evm_coverage::anchors: could not find anchor item=Line (location: (source ID: 54, lines: 146..147, bytes: 5273..5304), hits: 0) err=Could not find anchor: No matching instruction in range source ID: 54, lines: 146..147, bytes: 5273..5304
2026-09-08T09:08:57.232435Z  WARN foundry_evm_coverage::anchors: could not find anchor item=Statement (location: (source ID: 54, lines: 146..147, bytes: 5273..5304), hits: 0) err=Could not find anchor: No matching instruction in range source ID: 54, lines: 146..147, bytes: 5273..5304
2026-09-08T09:08:57.232438Z  WARN foundry_evm_coverage::anchors: could not find anchor item=Statement (location: (source ID: 54, lines: 146..147, bytes: 5306..5329), hits: 0) err=Could not find anchor: No matching instruction in range source ID: 54, lines: 146..147, bytes: 5306..5329
2026-09-08T09:08:57.232441Z  WARN foundry_evm_coverage::anchors: could not find anchor item=Branch (branch: 4, path: 0) (location: (source ID: 54, lines: 146..147, bytes: 5306..5329), hits: 0) err=Could not find anchor: No matching instruction in range source ID: 54, lines: 146..147, bytes: 5306..5329
2026-09-08T09:08:57.232444Z  WARN foundry_evm_coverage::anchors: could not find anchor item=Line (location: (source ID: 54, lines: 147..148, bytes: 5343..5369), hits: 0) err=Could not find anchor: No matching instruction in range source ID: 54, lines: 147..148, bytes: 5343..5369
2026-09-08T09:08:57.232448Z  WARN foundry_evm_coverage::anchors: could not find anchor item=Statement (location: (source ID: 54, lines: 147..148, bytes: 5343..5369), hits: 0) err=Could not find anchor: No matching instruction in range source ID: 54, lines: 147..148, bytes: 5343..5369
2026-09-08T09:08:57.232451Z  WARN foundry_evm_coverage::anchors: could not find anchor item=Statement (location: (source ID: 54, lines: 147..148, bytes: 5343..5386), hits: 0) err=Could not find anchor: No matching instruction in range source ID: 54, lines: 147..148, bytes: 5343..5386
2026-09-08T09:08:57.232454Z  WARN foundry_evm_coverage::anchors: could not find anchor item=Statement (location: (source ID: 54, lines: 147..148, bytes: 5388..5417), hits: 0) err=Could not find anchor: No matching instruction in range source ID: 54, lines: 147..148, bytes: 5388..5417
2026-09-08T09:08:57.232457Z  WARN foundry_evm_coverage::anchors: could not find anchor item=Branch (branch: 5, path: 0) (location: (source ID: 54, lines: 147..148, bytes: 5388..5417), hits: 0) err=Could not find anchor: No matching instruction in range source ID: 54, lines: 147..148, bytes: 5388..5417
2026-09-08T09:08:57.232460Z  WARN foundry_evm_coverage::anchors: could not find anchor item=Line (location: (source ID: 54, lines: 150..151, bytes: 5457..5490), hits: 0) err=Could not find anchor: No matching instruction in range source ID: 54, lines: 150..151, bytes: 5457..5490
2026-09-08T09:08:57.232463Z  WARN foundry_evm_coverage::anchors: could not find anchor item=Statement (location: (source ID: 54, lines: 150..151, bytes: 5457..5490), hits: 0) err=Could not find anchor: No matching instruction in range source ID: 54, lines: 150..151, bytes: 5457..5490
2026-09-08T09:08:57.232466Z  WARN foundry_evm_coverage::anchors: could not find anchor item=Statement (location: (source ID: 54, lines: 150..151, bytes: 5457..5527), hits: 0) err=Could not find anchor: No matching instruction in range source ID: 54, lines: 150..151, bytes: 5457..5527
2026-09-08T09:08:57.232471Z  WARN foundry_evm_coverage::anchors: could not find anchor item=Statement (location: (source ID: 54, lines: 150..151, bytes: 5494..5527), hits: 0) err=Could not find anchor: No matching instruction in range source ID: 54, lines: 150..151, bytes: 5494..5527
2026-09-08T09:08:57.232474Z  WARN foundry_evm_coverage::anchors: could not find anchor item=Branch (branch: 6, path: 0) (location: (source ID: 54, lines: 150..153, bytes: 5529..5572), hits: 0) err=Could not find anchor: No matching instruction in range source ID: 54, lines: 150..153, bytes: 5529..5572
2026-09-08T09:08:57.232477Z  WARN foundry_evm_coverage::anchors: could not find anchor item=Line (location: (source ID: 54, lines: 151..152, bytes: 5543..5561), hits: 0) err=Could not find anchor: No matching instruction in range source ID: 54, lines: 151..152, bytes: 5543..5561
2026-09-08T09:08:57.232481Z  WARN foundry_evm_coverage::anchors: could not find anchor item=Statement (location: (source ID: 54, lines: 151..152, bytes: 5543..5561), hits: 0) err=Could not find anchor: No matching instruction in range source ID: 54, lines: 151..152, bytes: 5543..5561
2026-09-08T09:08:57.232484Z  WARN foundry_evm_coverage::anchors: could not find anchor item=Line (location: (source ID: 54, lines: 155..156, bytes: 5616..5649), hits: 0) err=Could not find anchor: No matching instruction in range source ID: 54, lines: 155..156, bytes: 5616..5649
2026-09-08T09:08:57.232487Z  WARN foundry_evm_coverage::anchors: could not find anchor item=Statement (location: (source ID: 54, lines: 155..156, bytes: 5616..5649), hits: 0) err=Could not find anchor: No matching instruction in range source ID: 54, lines: 155..156, bytes: 5616..5649
2026-09-08T09:08:57.232490Z  WARN foundry_evm_coverage::anchors: could not find anchor item=Branch (branch: 7, path: 0) (location: (source ID: 54, lines: 155..164, bytes: 5651..6048), hits: 0) err=Could not find anchor: No matching instruction in range source ID: 54, lines: 155..164, bytes: 5651..6048
2026-09-08T09:08:57.232493Z  WARN foundry_evm_coverage::anchors: could not find anchor item=Line (location: (source ID: 54, lines: 156..157, bytes: 5665..5705), hits: 0) err=Could not find anchor: No matching instruction in range source ID: 54, lines: 156..157, bytes: 5665..5705
2026-09-08T09:08:57.232496Z  WARN foundry_evm_coverage::anchors: could not find anchor item=Statement (location: (source ID: 54, lines: 156..157, bytes: 5665..5705), hits: 0) err=Could not find anchor: No matching instruction in range source ID: 54, lines: 156..157, bytes: 5665..5705
2026-09-08T09:08:57.232499Z  WARN foundry_evm_coverage::anchors: could not find anchor item=Line (location: (source ID: 54, lines: 157..158, bytes: 5719..5785), hits: 0) err=Could not find anchor: No matching instruction in range source ID: 54, lines: 157..158, bytes: 5719..5785
2026-09-08T09:08:57.232503Z  WARN foundry_evm_coverage::anchors: could not find anchor item=Statement (location: (source ID: 54, lines: 157..158, bytes: 5719..5785), hits: 0) err=Could not find anchor: No matching instruction in range source ID: 54, lines: 157..158, bytes: 5719..5785
2026-09-08T09:08:57.232506Z  WARN foundry_evm_coverage::anchors: could not find anchor item=Line (location: (source ID: 54, lines: 158..159, bytes: 5799..5835), hits: 0) err=Could not find anchor: No matching instruction in range source ID: 54, lines: 158..159, bytes: 5799..5835
2026-09-08T09:08:57.232509Z  WARN foundry_evm_coverage::anchors: could not find anchor item=Statement (location: (source ID: 54, lines: 158..159, bytes: 5799..5835), hits: 0) err=Could not find anchor: No matching instruction in range source ID: 54, lines: 158..159, bytes: 5799..5835
2026-09-08T09:08:57.232512Z  WARN foundry_evm_coverage::anchors: could not find anchor item=Line (location: (source ID: 54, lines: 159..160, bytes: 5849..5866), hits: 0) err=Could not find anchor: No matching instruction in range source ID: 54, lines: 159..160, bytes: 5849..5866
2026-09-08T09:08:57.232517Z  WARN foundry_evm_coverage::anchors: could not find anchor item=Statement (location: (source ID: 54, lines: 159..160, bytes: 5849..5866), hits: 0) err=Could not find anchor: No matching instruction in range source ID: 54, lines: 159..160, bytes: 5849..5866
2026-09-08T09:08:57.232520Z  WARN foundry_evm_coverage::anchors: could not find anchor item=Line (location: (source ID: 54, lines: 160..161, bytes: 5880..5923), hits: 0) err=Could not find anchor: No matching instruction in range source ID: 54, lines: 160..161, bytes: 5880..5923
2026-09-08T09:08:57.232522Z  WARN foundry_evm_coverage::anchors: could not find anchor item=Statement (location: (source ID: 54, lines: 160..161, bytes: 5880..5923), hits: 0) err=Could not find anchor: No matching instruction in range source ID: 54, lines: 160..161, bytes: 5880..5923
2026-09-08T09:08:57.232525Z  WARN foundry_evm_coverage::anchors: could not find anchor item=Line (location: (source ID: 54, lines: 161..162, bytes: 5937..5980), hits: 0) err=Could not find anchor: No matching instruction in range source ID: 54, lines: 161..162, bytes: 5937..5980
2026-09-08T09:08:57.232528Z  WARN foundry_evm_coverage::anchors: could not find anchor item=Statement (location: (source ID: 54, lines: 161..162, bytes: 5937..5980), hits: 0) err=Could not find anchor: No matching instruction in range source ID: 54, lines: 161..162, bytes: 5937..5980
2026-09-08T09:08:57.232531Z  WARN foundry_evm_coverage::anchors: could not find anchor item=Line (location: (source ID: 54, lines: 162..163, bytes: 5994..6037), hits: 0) err=Could not find anchor: No matching instruction in range source ID: 54, lines: 162..163, bytes: 5994..6037
2026-09-08T09:08:57.232534Z  WARN foundry_evm_coverage::anchors: could not find anchor item=Statement (location: (source ID: 54, lines: 162..163, bytes: 5994..6037), hits: 0) err=Could not find anchor: No matching instruction in range source ID: 54, lines: 162..163, bytes: 5994..6037
2026-09-08T09:08:57.232537Z  WARN foundry_evm_coverage::anchors: could not find anchor item=Line (location: (source ID: 54, lines: 166..167, bytes: 6090..6148), hits: 0) err=Could not find anchor: No matching instruction in range source ID: 54, lines: 166..167, bytes: 6090..6148
2026-09-08T09:08:57.232540Z  WARN foundry_evm_coverage::anchors: could not find anchor item=Statement (location: (source ID: 54, lines: 166..167, bytes: 6090..6148), hits: 0) err=Could not find anchor: No matching instruction in range source ID: 54, lines: 166..167, bytes: 6090..6148
2026-09-08T09:08:57.232543Z  WARN foundry_evm_coverage::anchors: could not find anchor item=Line (location: (source ID: 54, lines: 167..168, bytes: 6158..6263), hits: 0) err=Could not find anchor: No matching instruction in range source ID: 54, lines: 167..168, bytes: 6158..6263
2026-09-08T09:08:57.232546Z  WARN foundry_evm_coverage::anchors: could not find anchor item=Statement (location: (source ID: 54, lines: 167..168, bytes: 6158..6263), hits: 0) err=Could not find anchor: No matching instruction in range source ID: 54, lines: 167..168, bytes: 6158..6263
2026-09-08T09:08:57.232549Z  WARN foundry_evm_coverage::anchors: could not find anchor item=Line (location: (source ID: 54, lines: 168..169, bytes: 6273..6312), hits: 0) err=Could not find anchor: No matching instruction in range source ID: 54, lines: 168..169, bytes: 6273..6312
2026-09-08T09:08:57.232552Z  WARN foundry_evm_coverage::anchors: could not find anchor item=Statement (location: (source ID: 54, lines: 168..169, bytes: 6273..6312), hits: 0) err=Could not find anchor: No matching instruction in range source ID: 54, lines: 168..169, bytes: 6273..6312
2026-09-08T09:08:57.232555Z  WARN foundry_evm_coverage::anchors: could not find anchor item=Line (location: (source ID: 54, lines: 170..171, bytes: 6323..6355), hits: 0) err=Could not find anchor: No matching instruction in range source ID: 54, lines: 170..171, bytes: 6323..6355
2026-09-08T09:08:57.232558Z  WARN foundry_evm_coverage::anchors: could not find anchor item=Statement (location: (source ID: 54, lines: 170..171, bytes: 6323..6355), hits: 0) err=Could not find anchor: No matching instruction in range source ID: 54, lines: 170..171, bytes: 6323..6355
2026-09-08T09:08:57.232562Z  WARN foundry_evm_coverage::anchors: could not find anchor item=Line (location: (source ID: 54, lines: 171..172, bytes: 6365..6396), hits: 0) err=Could not find anchor: No matching instruction in range source ID: 54, lines: 171..172, bytes: 6365..6396
2026-09-08T09:08:57.232565Z  WARN foundry_evm_coverage::anchors: could not find anchor item=Statement (location: (source ID: 54, lines: 171..172, bytes: 6365..6396), hits: 0) err=Could not find anchor: No matching instruction in range source ID: 54, lines: 171..172, bytes: 6365..6396
2026-09-08T09:08:57.232568Z  WARN foundry_evm_coverage::anchors: could not find anchor item=Line (location: (source ID: 54, lines: 172..173, bytes: 6406..6438), hits: 0) err=Could not find anchor: No matching instruction in range source ID: 54, lines: 172..173, bytes: 6406..6438
2026-09-08T09:08:57.232571Z  WARN foundry_evm_coverage::anchors: could not find anchor item=Statement (location: (source ID: 54, lines: 172..173, bytes: 6406..6438), hits: 0) err=Could not find anchor: No matching instruction in range source ID: 54, lines: 172..173, bytes: 6406..6438
2026-09-08T09:08:57.232574Z  WARN foundry_evm_coverage::anchors: could not find anchor item=Line (location: (source ID: 54, lines: 174..175, bytes: 6449..6509), hits: 0) err=Could not find anchor: No matching instruction in range source ID: 54, lines: 174..175, bytes: 6449..6509
2026-09-08T09:08:57.232577Z  WARN foundry_evm_coverage::anchors: could not find anchor item=Statement (location: (source ID: 54, lines: 174..175, bytes: 6449..6509), hits: 0) err=Could not find anchor: No matching instruction in range source ID: 54, lines: 174..175, bytes: 6449..6509
2026-09-08T09:08:57.232580Z  WARN foundry_evm_coverage::anchors: could not find anchor item=Line (location: (source ID: 54, lines: 175..176, bytes: 6519..6533), hits: 0) err=Could not find anchor: No matching instruction in range source ID: 54, lines: 175..176, bytes: 6519..6533
2026-09-08T09:08:57.232583Z  WARN foundry_evm_coverage::anchors: could not find anchor item=Statement (location: (source ID: 54, lines: 175..176, bytes: 6519..6533), hits: 0) err=Could not find anchor: No matching instruction in range source ID: 54, lines: 175..176, bytes: 6519..6533
2026-09-08T09:08:57.232586Z  WARN foundry_evm_coverage::anchors: could not find anchor item=Line (location: (source ID: 54, lines: 178..216, bytes: 6546..8281), hits: 0) err=Could not find anchor: No matching instruction in range source ID: 54, lines: 178..216, bytes: 6546..8281
2026-09-08T09:08:57.232589Z  WARN foundry_evm_coverage::anchors: could not find anchor item=Function "bidWithdraw" (location: (source ID: 54, lines: 178..216, bytes: 6546..8281), hits: 0) err=Could not find anchor: No matching instruction in range source ID: 54, lines: 178..216, bytes: 6546..8281
2026-09-08T09:08:57.232592Z  WARN foundry_evm_coverage::anchors: could not find anchor item=Line (location: (source ID: 54, lines: 179..180, bytes: 6661..6672), hits: 0) err=Could not find anchor: No matching instruction in range source ID: 54, lines: 179..180, bytes: 6661..6672
2026-09-08T09:08:57.232595Z  WARN foundry_evm_coverage::anchors: could not find anchor item=Statement (location: (source ID: 54, lines: 179..180, bytes: 6661..6672), hits: 0) err=Could not find anchor: No matching instruction in range source ID: 54, lines: 179..180, bytes: 6661..6672
2026-09-08T09:08:57.232598Z  WARN foundry_evm_coverage::anchors: could not find anchor item=Statement (location: (source ID: 54, lines: 179..180, bytes: 6674..6693), hits: 0) err=Could not find anchor: No matching instruction in range source ID: 54, lines: 179..180, bytes: 6674..6693
2026-09-08T09:08:57.232601Z  WARN foundry_evm_coverage::anchors: could not find anchor item=Branch (branch: 8, path: 0) (location: (source ID: 54, lines: 179..180, bytes: 6674..6693), hits: 0) err=Could not find anchor: No matching instruction in range source ID: 54, lines: 179..180, bytes: 6674..6693
2026-09-08T09:08:57.232606Z  WARN foundry_evm_coverage::anchors: could not find anchor item=Line (location: (source ID: 54, lines: 180..181, bytes: 6707..6724), hits: 0) err=Could not find anchor: No matching instruction in range source ID: 54, lines: 180..181, bytes: 6707..6724
2026-09-08T09:08:57.232609Z  WARN foundry_evm_coverage::anchors: could not find anchor item=Statement (location: (source ID: 54, lines: 180..181, bytes: 6707..6724), hits: 0) err=Could not find anchor: No matching instruction in range source ID: 54, lines: 180..181, bytes: 6707..6724
2026-09-08T09:08:57.232612Z  WARN foundry_evm_coverage::anchors: could not find anchor item=Statement (location: (source ID: 54, lines: 180..181, bytes: 6726..6747), hits: 0) err=Could not find anchor: No matching instruction in range source ID: 54, lines: 180..181, bytes: 6726..6747
2026-09-08T09:08:57.232615Z  WARN foundry_evm_coverage::anchors: could not find anchor item=Branch (branch: 9, path: 0) (location: (source ID: 54, lines: 180..181, bytes: 6726..6747), hits: 0) err=Could not find anchor: No matching instruction in range source ID: 54, lines: 180..181, bytes: 6726..6747
2026-09-08T09:08:57.232618Z  WARN foundry_evm_coverage::anchors: could not find anchor item=Line (location: (source ID: 54, lines: 181..182, bytes: 6757..6801), hits: 0) err=Could not find anchor: No matching instruction in range source ID: 54, lines: 181..182, bytes: 6757..6801
2026-09-08T09:08:57.232621Z  WARN foundry_evm_coverage::anchors: could not find anchor item=Statement (location: (source ID: 54, lines: 181..182, bytes: 6757..6801), hits: 0) err=Could not find anchor: No matching instruction in range source ID: 54, lines: 181..182, bytes: 6757..6801
2026-09-08T09:08:57.232624Z  WARN foundry_evm_coverage::anchors: could not find anchor item=Statement (location: (source ID: 54, lines: 181..182, bytes: 6775..6801), hits: 0) err=Could not find anchor: No matching instruction in range source ID: 54, lines: 181..182, bytes: 6775..6801
2026-09-08T09:08:57.232627Z  WARN foundry_evm_coverage::anchors: could not find anchor item=Line (location: (source ID: 54, lines: 182..183, bytes: 6811..6856), hits: 0) err=Could not find anchor: No matching instruction in range source ID: 54, lines: 182..183, bytes: 6811..6856
2026-09-08T09:08:57.232630Z  WARN foundry_evm_coverage::anchors: could not find anchor item=Statement (location: (source ID: 54, lines: 182..183, bytes: 6811..6856), hits: 0) err=Could not find anchor: No matching instruction in range source ID: 54, lines: 182..183, bytes: 6811..6856
2026-09-08T09:08:57.232633Z  WARN foundry_evm_coverage::anchors: could not find anchor item=Line (location: (source ID: 54, lines: 183..184, bytes: 6870..6901), hits: 0) err=Could not find anchor: No matching instruction in range source ID: 54, lines: 183..184, bytes: 6870..6901
2026-09-08T09:08:57.232636Z  WARN foundry_evm_coverage::anchors: could not find anchor item=Statement (location: (source ID: 54, lines: 183..184, bytes: 6870..6901), hits: 0) err=Could not find anchor: No matching instruction in range source ID: 54, lines: 183..184, bytes: 6870..6901
2026-09-08T09:08:57.232639Z  WARN foundry_evm_coverage::anchors: could not find anchor item=Statement (location: (source ID: 54, lines: 183..184, bytes: 6903..6926), hits: 0) err=Could not find anchor: No matching instruction in range source ID: 54, lines: 183..184, bytes: 6903..6926
2026-09-08T09:08:57.232642Z  WARN foundry_evm_coverage::anchors: could not find anchor item=Branch (branch: 10, path: 0) (location: (source ID: 54, lines: 183..184, bytes: 6903..6926), hits: 0) err=Could not find anchor: No matching instruction in range source ID: 54, lines: 183..184, bytes: 6903..6926
2026-09-08T09:08:57.232644Z  WARN foundry_evm_coverage::anchors: could not find anchor item=Line (location: (source ID: 54, lines: 185..186, bytes: 6941..6967), hits: 0) err=Could not find anchor: No matching instruction in range source ID: 54, lines: 185..186, bytes: 6941..6967
2026-09-08T09:08:57.232648Z  WARN foundry_evm_coverage::anchors: could not find anchor item=Statement (location: (source ID: 54, lines: 185..186, bytes: 6941..6967), hits: 0) err=Could not find anchor: No matching instruction in range source ID: 54, lines: 185..186, bytes: 6941..6967
2026-09-08T09:08:57.232652Z  WARN foundry_evm_coverage::anchors: could not find anchor item=Statement (location: (source ID: 54, lines: 185..186, bytes: 6941..6984), hits: 0) err=Could not find anchor: No matching instruction in range source ID: 54, lines: 185..186, bytes: 6941..6984
2026-09-08T09:08:57.232655Z  WARN foundry_evm_coverage::anchors: could not find anchor item=Statement (location: (source ID: 54, lines: 185..186, bytes: 6986..7015), hits: 0) err=Could not find anchor: No matching instruction in range source ID: 54, lines: 185..186, bytes: 6986..7015
2026-09-08T09:08:57.232658Z  WARN foundry_evm_coverage::anchors: could not find anchor item=Branch (branch: 11, path: 0) (location: (source ID: 54, lines: 185..186, bytes: 6986..7015), hits: 0) err=Could not find anchor: No matching instruction in range source ID: 54, lines: 185..186, bytes: 6986..7015
2026-09-08T09:08:57.232661Z  WARN foundry_evm_coverage::anchors: could not find anchor item=Line (location: (source ID: 54, lines: 189..190, bytes: 7187..7220), hits: 0) err=Could not find anchor: No matching instruction in range source ID: 54, lines: 189..190, bytes: 7187..7220
2026-09-08T09:08:57.232664Z  WARN foundry_evm_coverage::anchors: could not find anchor item=Statement (location: (source ID: 54, lines: 189..190, bytes: 7187..7220), hits: 0) err=Could not find anchor: No matching instruction in range source ID: 54, lines: 189..190, bytes: 7187..7220
2026-09-08T09:08:57.232667Z  WARN foundry_evm_coverage::anchors: could not find anchor item=Statement (location: (source ID: 54, lines: 189..190, bytes: 7187..7257), hits: 0) err=Could not find anchor: No matching instruction in range source ID: 54, lines: 189..190, bytes: 7187..7257
2026-09-08T09:08:57.232670Z  WARN foundry_evm_coverage::anchors: could not find anchor item=Statement (location: (source ID: 54, lines: 189..190, bytes: 7224..7257), hits: 0) err=Could not find anchor: No matching instruction in range source ID: 54, lines: 189..190, bytes: 7224..7257
2026-09-08T09:08:57.232673Z  WARN foundry_evm_coverage::anchors: could not find anchor item=Branch (branch: 12, path: 0) (location: (source ID: 54, lines: 189..192, bytes: 7259..7302), hits: 0) err=Could not find anchor: No matching instruction in range source ID: 54, lines: 189..192, bytes: 7259..7302
2026-09-08T09:08:57.232676Z  WARN foundry_evm_coverage::anchors: could not find anchor item=Line (location: (source ID: 54, lines: 190..191, bytes: 7273..7291), hits: 0) err=Could not find anchor: No matching instruction in range source ID: 54, lines: 190..191, bytes: 7273..7291
2026-09-08T09:08:57.232679Z  WARN foundry_evm_coverage::anchors: could not find anchor item=Statement (location: (source ID: 54, lines: 190..191, bytes: 7273..7291), hits: 0) err=Could not find anchor: No matching instruction in range source ID: 54, lines: 190..191, bytes: 7273..7291
2026-09-08T09:08:57.232682Z  WARN foundry_evm_coverage::anchors: could not find anchor item=Line (location: (source ID: 54, lines: 194..195, bytes: 7351..7384), hits: 0) err=Could not find anchor: No matching instruction in range source ID: 54, lines: 194..195, bytes: 7351..7384
2026-09-08T09:08:57.232685Z  WARN foundry_evm_coverage::anchors: could not find anchor item=Statement (location: (source ID: 54, lines: 194..195, bytes: 7351..7384), hits: 0) err=Could not find anchor: No matching instruction in range source ID: 54, lines: 194..195, bytes: 7351..7384
2026-09-08T09:08:57.232688Z  WARN foundry_evm_coverage::anchors: could not find anchor item=Branch (branch: 13, path: 0) (location: (source ID: 54, lines: 194..203, bytes: 7386..7789), hits: 0) err=Could not find anchor: No matching instruction in range source ID: 54, lines: 194..203, bytes: 7386..7789
2026-09-08T09:08:57.232690Z  WARN foundry_evm_coverage::anchors: could not find anchor item=Line (location: (source ID: 54, lines: 195..196, bytes: 7400..7440), hits: 0) err=Could not find anchor: No matching instruction in range source ID: 54, lines: 195..196, bytes: 7400..7440
2026-09-08T09:08:57.232695Z  WARN foundry_evm_coverage::anchors: could not find anchor item=Statement (location: (source ID: 54, lines: 195..196, bytes: 7400..7440), hits: 0) err=Could not find anchor: No matching instruction in range source ID: 54, lines: 195..196, bytes: 7400..7440
2026-09-08T09:08:57.232698Z  WARN foundry_evm_coverage::anchors: could not find anchor item=Line (location: (source ID: 54, lines: 196..197, bytes: 7454..7521), hits: 0) err=Could not find anchor: No matching instruction in range source ID: 54, lines: 196..197, bytes: 7454..7521
2026-09-08T09:08:57.232701Z  WARN foundry_evm_coverage::anchors: could not find anchor item=Statement (location: (source ID: 54, lines: 196..197, bytes: 7454..7521), hits: 0) err=Could not find anchor: No matching instruction in range source ID: 54, lines: 196..197, bytes: 7454..7521
2026-09-08T09:08:57.232704Z  WARN foundry_evm_coverage::anchors: could not find anchor item=Line (location: (source ID: 54, lines: 197..198, bytes: 7535..7572), hits: 0) err=Could not find anchor: No matching instruction in range source ID: 54, lines: 197..198, bytes: 7535..7572
2026-09-08T09:08:57.232707Z  WARN foundry_evm_coverage::anchors: could not find anchor item=Statement (location: (source ID: 54, lines: 197..198, bytes: 7535..7572), hits: 0) err=Could not find anchor: No matching instruction in range source ID: 54, lines: 197..198, bytes: 7535..7572
2026-09-08T09:08:57.232710Z  WARN foundry_evm_coverage::anchors: could not find anchor item=Line (location: (source ID: 54, lines: 198..199, bytes: 7586..7604), hits: 0) err=Could not find anchor: No matching instruction in range source ID: 54, lines: 198..199, bytes: 7586..7604
2026-09-08T09:08:57.232713Z  WARN foundry_evm_coverage::anchors: could not find anchor item=Statement (location: (source ID: 54, lines: 198..199, bytes: 7586..7604), hits: 0) err=Could not find anchor: No matching instruction in range source ID: 54, lines: 198..199, bytes: 7586..7604
2026-09-08T09:08:57.232716Z  WARN foundry_evm_coverage::anchors: could not find anchor item=Line (location: (source ID: 54, lines: 199..200, bytes: 7618..7662), hits: 0) err=Could not find anchor: No matching instruction in range source ID: 54, lines: 199..200, bytes: 7618..7662
2026-09-08T09:08:57.232719Z  WARN foundry_evm_coverage::anchors: could not find anchor item=Statement (location: (source ID: 54, lines: 199..200, bytes: 7618..7662), hits: 0) err=Could not find anchor: No matching instruction in range source ID: 54, lines: 199..200, bytes: 7618..7662
2026-09-08T09:08:57.232722Z  WARN foundry_evm_coverage::anchors: could not find anchor item=Line (location: (source ID: 54, lines: 200..201, bytes: 7676..7721), hits: 0) err=Could not find anchor: No matching instruction in range source ID: 54, lines: 200..201, bytes: 7676..7721
2026-09-08T09:08:57.232724Z  WARN foundry_evm_coverage::anchors: could not find anchor item=Statement (location: (source ID: 54, lines: 200..201, bytes: 7676..7721), hits: 0) err=Could not find anchor: No matching instruction in range source ID: 54, lines: 200..201, bytes: 7676..7721
2026-09-08T09:08:57.232727Z  WARN foundry_evm_coverage::anchors: could not find anchor item=Line (location: (source ID: 54, lines: 201..202, bytes: 7735..7778), hits: 0) err=Could not find anchor: No matching instruction in range source ID: 54, lines: 201..202, bytes: 7735..7778
2026-09-08T09:08:57.232730Z  WARN foundry_evm_coverage::anchors: could not find anchor item=Statement (location: (source ID: 54, lines: 201..202, bytes: 7735..7778), hits: 0) err=Could not find anchor: No matching instruction in range source ID: 54, lines: 201..202, bytes: 7735..7778
2026-09-08T09:08:57.232733Z  WARN foundry_evm_coverage::anchors: could not find anchor item=Line (location: (source ID: 54, lines: 205..206, bytes: 7830..7888), hits: 0) err=Could not find anchor: No matching instruction in range source ID: 54, lines: 205..206, bytes: 7830..7888
2026-09-08T09:08:57.232738Z  WARN foundry_evm_coverage::anchors: could not find anchor item=Statement (location: (source ID: 54, lines: 205..206, bytes: 7830..7888), hits: 0) err=Could not find anchor: No matching instruction in range source ID: 54, lines: 205..206, bytes: 7830..7888
2026-09-08T09:08:57.232741Z  WARN foundry_evm_coverage::anchors: could not find anchor item=Line (location: (source ID: 54, lines: 206..207, bytes: 7898..8004), hits: 0) err=Could not find anchor: No matching instruction in range source ID: 54, lines: 206..207, bytes: 7898..8004
2026-09-08T09:08:57.232744Z  WARN foundry_evm_coverage::anchors: could not find anchor item=Statement (location: (source ID: 54, lines: 206..207, bytes: 7898..8004), hits: 0) err=Could not find anchor: No matching instruction in range source ID: 54, lines: 206..207, bytes: 7898..8004
2026-09-08T09:08:57.232747Z  WARN foundry_evm_coverage::anchors: could not find anchor item=Line (location: (source ID: 54, lines: 207..208, bytes: 8014..8052), hits: 0) err=Could not find anchor: No matching instruction in range source ID: 54, lines: 207..208, bytes: 8014..8052
2026-09-08T09:08:57.232750Z  WARN foundry_evm_coverage::anchors: could not find anchor item=Statement (location: (source ID: 54, lines: 207..208, bytes: 8014..8052), hits: 0) err=Could not find anchor: No matching instruction in range source ID: 54, lines: 207..208, bytes: 8014..8052
2026-09-08T09:08:57.232753Z  WARN foundry_evm_coverage::anchors: could not find anchor item=Line (location: (source ID: 54, lines: 209..210, bytes: 8063..8095), hits: 0) err=Could not find anchor: No matching instruction in range source ID: 54, lines: 209..210, bytes: 8063..8095
2026-09-08T09:08:57.232756Z  WARN foundry_evm_coverage::anchors: could not find anchor item=Statement (location: (source ID: 54, lines: 209..210, bytes: 8063..8095), hits: 0) err=Could not find anchor: No matching instruction in range source ID: 54, lines: 209..210, bytes: 8063..8095
2026-09-08T09:08:57.232759Z  WARN foundry_evm_coverage::anchors: could not find anchor item=Line (location: (source ID: 54, lines: 210..211, bytes: 8105..8136), hits: 0) err=Could not find anchor: No matching instruction in range source ID: 54, lines: 210..211, bytes: 8105..8136
2026-09-08T09:08:57.232761Z  WARN foundry_evm_coverage::anchors: could not find anchor item=Statement (location: (source ID: 54, lines: 210..211, bytes: 8105..8136), hits: 0) err=Could not find anchor: No matching instruction in range source ID: 54, lines: 210..211, bytes: 8105..8136
2026-09-08T09:08:57.232764Z  WARN foundry_evm_coverage::anchors: could not find anchor item=Line (location: (source ID: 54, lines: 211..212, bytes: 8146..8178), hits: 0) err=Could not find anchor: No matching instruction in range source ID: 54, lines: 211..212, bytes: 8146..8178
2026-09-08T09:08:57.232767Z  WARN foundry_evm_coverage::anchors: could not find anchor item=Statement (location: (source ID: 54, lines: 211..212, bytes: 8146..8178), hits: 0) err=Could not find anchor: No matching instruction in range source ID: 54, lines: 211..212, bytes: 8146..8178
2026-09-08T09:08:57.232770Z  WARN foundry_evm_coverage::anchors: could not find anchor item=Line (location: (source ID: 54, lines: 213..214, bytes: 8189..8250), hits: 0) err=Could not find anchor: No matching instruction in range source ID: 54, lines: 213..214, bytes: 8189..8250
2026-09-08T09:08:57.232773Z  WARN foundry_evm_coverage::anchors: could not find anchor item=Statement (location: (source ID: 54, lines: 213..214, bytes: 8189..8250), hits: 0) err=Could not find anchor: No matching instruction in range source ID: 54, lines: 213..214, bytes: 8189..8250
2026-09-08T09:08:57.232776Z  WARN foundry_evm_coverage::anchors: could not find anchor item=Line (location: (source ID: 54, lines: 214..215, bytes: 8260..8274), hits: 0) err=Could not find anchor: No matching instruction in range source ID: 54, lines: 214..215, bytes: 8260..8274
2026-09-08T09:08:57.232779Z  WARN foundry_evm_coverage::anchors: could not find anchor item=Statement (location: (source ID: 54, lines: 214..215, bytes: 8260..8274), hits: 0) err=Could not find anchor: No matching instruction in range source ID: 54, lines: 214..215, bytes: 8260..8274
2026-09-08T09:08:57.232784Z  WARN foundry_evm_coverage::anchors: could not find anchor item=Line (location: (source ID: 54, lines: 217..264, bytes: 8287..9938), hits: 0) err=Could not find anchor: No matching instruction in range source ID: 54, lines: 217..264, bytes: 8287..9938
2026-09-08T09:08:57.232787Z  WARN foundry_evm_coverage::anchors: could not find anchor item=Function "settleDepositRound" (location: (source ID: 54, lines: 217..264, bytes: 8287..9938), hits: 0) err=Could not find anchor: No matching instruction in range source ID: 54, lines: 217..264, bytes: 8287..9938
2026-09-08T09:08:57.232790Z  WARN foundry_evm_coverage::anchors: could not find anchor item=Line (location: (source ID: 54, lines: 218..219, bytes: 8368..8380), hits: 0) err=Could not find anchor: No matching instruction in range source ID: 54, lines: 218..219, bytes: 8368..8380
2026-09-08T09:08:57.232793Z  WARN foundry_evm_coverage::anchors: could not find anchor item=Statement (location: (source ID: 54, lines: 218..219, bytes: 8368..8380), hits: 0) err=Could not find anchor: No matching instruction in range source ID: 54, lines: 218..219, bytes: 8368..8380
2026-09-08T09:08:57.232796Z  WARN foundry_evm_coverage::anchors: could not find anchor item=Statement (location: (source ID: 54, lines: 218..219, bytes: 8368..8414), hits: 0) err=Could not find anchor: No matching instruction in range source ID: 54, lines: 218..219, bytes: 8368..8414
2026-09-08T09:08:57.232799Z  WARN foundry_evm_coverage::anchors: could not find anchor item=Statement (location: (source ID: 54, lines: 218..219, bytes: 8384..8414), hits: 0) err=Could not find anchor: No matching instruction in range source ID: 54, lines: 218..219, bytes: 8384..8414
2026-09-08T09:08:57.232802Z  WARN foundry_evm_coverage::anchors: could not find anchor item=Statement (location: (source ID: 54, lines: 218..219, bytes: 8416..8439), hits: 0) err=Could not find anchor: No matching instruction in range source ID: 54, lines: 218..219, bytes: 8416..8439
2026-09-08T09:08:57.232805Z  WARN foundry_evm_coverage::anchors: could not find anchor item=Branch (branch: 14, path: 0) (location: (source ID: 54, lines: 218..219, bytes: 8416..8439), hits: 0) err=Could not find anchor: No matching instruction in range source ID: 54, lines: 218..219, bytes: 8416..8439
2026-09-08T09:08:57.232808Z  WARN foundry_evm_coverage::anchors: could not find anchor item=Line (location: (source ID: 54, lines: 219..220, bytes: 8449..8493), hits: 0) err=Could not find anchor: No matching instruction in range source ID: 54, lines: 219..220, bytes: 8449..8493
2026-09-08T09:08:57.232811Z  WARN foundry_evm_coverage::anchors: could not find anchor item=Statement (location: (source ID: 54, lines: 219..220, bytes: 8449..8493), hits: 0) err=Could not find anchor: No matching instruction in range source ID: 54, lines: 219..220, bytes: 8449..8493
2026-09-08T09:08:57.232813Z  WARN foundry_evm_coverage::anchors: could not find anchor item=Line (location: (source ID: 54, lines: 220..221, bytes: 8522..8550), hits: 0) err=Could not find anchor: No matching instruction in range source ID: 54, lines: 220..221, bytes: 8522..8550
2026-09-08T09:08:57.232816Z  WARN foundry_evm_coverage::anchors: could not find anchor item=Statement (location: (source ID: 54, lines: 220..221, bytes: 8522..8550), hits: 0) err=Could not find anchor: No matching instruction in range source ID: 54, lines: 220..221, bytes: 8522..8550
2026-09-08T09:08:57.232819Z  WARN foundry_evm_coverage::anchors: could not find anchor item=Branch (branch: 15, path: 0) (location: (source ID: 54, lines: 220..221, bytes: 8522..8550), hits: 0) err=Could not find anchor: No matching instruction in range source ID: 54, lines: 220..221, bytes: 8522..8550
2026-09-08T09:08:57.232822Z  WARN foundry_evm_coverage::anchors: could not find anchor item=Line (location: (source ID: 54, lines: 221..222, bytes: 8564..8595), hits: 0) err=Could not find anchor: No matching instruction in range source ID: 54, lines: 221..222, bytes: 8564..8595
2026-09-08T09:08:57.232827Z  WARN foundry_evm_coverage::anchors: could not find anchor item=Statement (location: (source ID: 54, lines: 221..222, bytes: 8564..8595), hits: 0) err=Could not find anchor: No matching instruction in range source ID: 54, lines: 221..222, bytes: 8564..8595
2026-09-08T09:08:57.232830Z  WARN foundry_evm_coverage::anchors: could not find anchor item=Statement (location: (source ID: 54, lines: 221..222, bytes: 8597..8620), hits: 0) err=Could not find anchor: No matching instruction in range source ID: 54, lines: 221..222, bytes: 8597..8620
2026-09-08T09:08:57.232833Z  WARN foundry_evm_coverage::anchors: could not find anchor item=Branch (branch: 16, path: 0) (location: (source ID: 54, lines: 221..222, bytes: 8597..8620), hits: 0) err=Could not find anchor: No matching instruction in range source ID: 54, lines: 221..222, bytes: 8597..8620
2026-09-08T09:08:57.232836Z  WARN foundry_evm_coverage::anchors: could not find anchor item=Line (location: (source ID: 54, lines: 222..223, bytes: 8634..8667), hits: 0) err=Could not find anchor: No matching instruction in range source ID: 54, lines: 222..223, bytes: 8634..8667
2026-09-08T09:08:57.232839Z  WARN foundry_evm_coverage::anchors: could not find anchor item=Statement (location: (source ID: 54, lines: 222..223, bytes: 8634..8667), hits: 0) err=Could not find anchor: No matching instruction in range source ID: 54, lines: 222..223, bytes: 8634..8667
2026-09-08T09:08:57.232842Z  WARN foundry_evm_coverage::anchors: could not find anchor item=Branch (branch: 17, path: 0) (location: (source ID: 54, lines: 222..228, bytes: 8669..8799), hits: 0) err=Could not find anchor: No matching instruction in range source ID: 54, lines: 222..228, bytes: 8669..8799
2026-09-08T09:08:57.232845Z  WARN foundry_evm_coverage::anchors: could not find anchor item=Line (location: (source ID: 54, lines: 224..225, bytes: 8714..8734), hits: 0) err=Could not find anchor: No matching instruction in range source ID: 54, lines: 224..225, bytes: 8714..8734
2026-09-08T09:08:57.232847Z  WARN foundry_evm_coverage::anchors: could not find anchor item=Statement (location: (source ID: 54, lines: 224..225, bytes: 8714..8734), hits: 0) err=Could not find anchor: No matching instruction in range source ID: 54, lines: 224..225, bytes: 8714..8734
2026-09-08T09:08:57.232850Z  WARN foundry_evm_coverage::anchors: could not find anchor item=Line (location: (source ID: 54, lines: 225..226, bytes: 8748..8768), hits: 0) err=Could not find anchor: No matching instruction in range source ID: 54, lines: 225..226, bytes: 8748..8768
2026-09-08T09:08:57.232853Z  WARN foundry_evm_coverage::anchors: could not find anchor item=Statement (location: (source ID: 54, lines: 225..226, bytes: 8748..8768), hits: 0) err=Could not find anchor: No matching instruction in range source ID: 54, lines: 225..226, bytes: 8748..8768
2026-09-08T09:08:57.232856Z  WARN foundry_evm_coverage::anchors: could not find anchor item=Line (location: (source ID: 54, lines: 226..227, bytes: 8782..8788), hits: 0) err=Could not find anchor: No matching instruction in range source ID: 54, lines: 226..227, bytes: 8782..8788
2026-09-08T09:08:57.232859Z  WARN foundry_evm_coverage::anchors: could not find anchor item=Statement (location: (source ID: 54, lines: 226..227, bytes: 8782..8788), hits: 0) err=Could not find anchor: No matching instruction in range source ID: 54, lines: 226..227, bytes: 8782..8788
2026-09-08T09:08:57.232862Z  WARN foundry_evm_coverage::anchors: could not find anchor item=Line (location: (source ID: 54, lines: 229..230, bytes: 8809..8829), hits: 0) err=Could not find anchor: No matching instruction in range source ID: 54, lines: 229..230, bytes: 8809..8829
2026-09-08T09:08:57.232865Z  WARN foundry_evm_coverage::anchors: could not find anchor item=Statement (location: (source ID: 54, lines: 229..230, bytes: 8809..8829), hits: 0) err=Could not find anchor: No matching instruction in range source ID: 54, lines: 229..230, bytes: 8809..8829
2026-09-08T09:08:57.232870Z  WARN foundry_evm_coverage::anchors: could not find anchor item=Line (location: (source ID: 54, lines: 230..231, bytes: 8839..8875), hits: 0) err=Could not find anchor: No matching instruction in range source ID: 54, lines: 230..231, bytes: 8839..8875
2026-09-08T09:08:57.232872Z  WARN foundry_evm_coverage::anchors: could not find anchor item=Statement (location: (source ID: 54, lines: 230..231, bytes: 8839..8875), hits: 0) err=Could not find anchor: No matching instruction in range source ID: 54, lines: 230..231, bytes: 8839..8875
2026-09-08T09:08:57.232875Z  WARN foundry_evm_coverage::anchors: could not find anchor item=Line (location: (source ID: 54, lines: 231..232, bytes: 8885..8927), hits: 0) err=Could not find anchor: No matching instruction in range source ID: 54, lines: 231..232, bytes: 8885..8927
2026-09-08T09:08:57.232878Z  WARN foundry_evm_coverage::anchors: could not find anchor item=Statement (location: (source ID: 54, lines: 231..232, bytes: 8885..8927), hits: 0) err=Could not find anchor: No matching instruction in range source ID: 54, lines: 231..232, bytes: 8885..8927
2026-09-08T09:08:57.232881Z  WARN foundry_evm_coverage::anchors: could not find anchor item=Line (location: (source ID: 54, lines: 232..233, bytes: 8937..8982), hits: 0) err=Could not find anchor: No matching instruction in range source ID: 54, lines: 232..233, bytes: 8937..8982
2026-09-08T09:08:57.232884Z  WARN foundry_evm_coverage::anchors: could not find anchor item=Statement (location: (source ID: 54, lines: 232..233, bytes: 8937..8982), hits: 0) err=Could not find anchor: No matching instruction in range source ID: 54, lines: 232..233, bytes: 8937..8982
2026-09-08T09:08:57.232887Z  WARN foundry_evm_coverage::anchors: could not find anchor item=Line (location: (source ID: 54, lines: 234..235, bytes: 8993..9058), hits: 0) err=Could not find anchor: No matching instruction in range source ID: 54, lines: 234..235, bytes: 8993..9058
2026-09-08T09:08:57.232890Z  WARN foundry_evm_coverage::anchors: could not find anchor item=Statement (location: (source ID: 54, lines: 234..235, bytes: 8993..9058), hits: 0) err=Could not find anchor: No matching instruction in range source ID: 54, lines: 234..235, bytes: 8993..9058
2026-09-08T09:08:57.232893Z  WARN foundry_evm_coverage::anchors: could not find anchor item=Line (location: (source ID: 54, lines: 235..236, bytes: 9068..9088), hits: 0) err=Could not find anchor: No matching instruction in range source ID: 54, lines: 235..236, bytes: 9068..9088
2026-09-08T09:08:57.232896Z  WARN foundry_evm_coverage::anchors: could not find anchor item=Statement (location: (source ID: 54, lines: 235..236, bytes: 9068..9088), hits: 0) err=Could not find anchor: No matching instruction in range source ID: 54, lines: 235..236, bytes: 9068..9088
2026-09-08T09:08:57.232899Z  WARN foundry_evm_coverage::anchors: could not find anchor item=Line (location: (source ID: 54, lines: 236..237, bytes: 9098..9142), hits: 0) err=Could not find anchor: No matching instruction in range source ID: 54, lines: 236..237, bytes: 9098..9142
2026-09-08T09:08:57.232902Z  WARN foundry_evm_coverage::anchors: could not find anchor item=Statement (location: (source ID: 54, lines: 236..237, bytes: 9098..9142), hits: 0) err=Could not find anchor: No matching instruction in range source ID: 54, lines: 236..237, bytes: 9098..9142
2026-09-08T09:08:57.232904Z  WARN foundry_evm_coverage::anchors: could not find anchor item=Line (location: (source ID: 54, lines: 238..239, bytes: 9153..9165), hits: 0) err=Could not find anchor: No matching instruction in range source ID: 54, lines: 238..239, bytes: 9153..9165
2026-09-08T09:08:57.232907Z  WARN foundry_evm_coverage::anchors: could not find anchor item=Statement (location: (source ID: 54, lines: 238..239, bytes: 9153..9165), hits: 0) err=Could not find anchor: No matching instruction in range source ID: 54, lines: 238..239, bytes: 9153..9165
2026-09-08T09:08:57.232910Z  WARN foundry_evm_coverage::anchors: could not find anchor item=Line (location: (source ID: 54, lines: 239..240, bytes: 9175..9199), hits: 0) err=Could not find anchor: No matching instruction in range source ID: 54, lines: 239..240, bytes: 9175..9199
2026-09-08T09:08:57.232915Z  WARN foundry_evm_coverage::anchors: could not find anchor item=Statement (location: (source ID: 54, lines: 239..240, bytes: 9175..9199), hits: 0) err=Could not find anchor: No matching instruction in range source ID: 54, lines: 239..240, bytes: 9175..9199
2026-09-08T09:08:57.232918Z  WARN foundry_evm_coverage::anchors: could not find anchor item=Line (location: (source ID: 54, lines: 240..241, bytes: 9209..9259), hits: 0) err=Could not find anchor: No matching instruction in range source ID: 54, lines: 240..241, bytes: 9209..9259
2026-09-08T09:08:57.232921Z  WARN foundry_evm_coverage::anchors: could not find anchor item=Statement (location: (source ID: 54, lines: 240..241, bytes: 9209..9259), hits: 0) err=Could not find anchor: No matching instruction in range source ID: 54, lines: 240..241, bytes: 9209..9259
2026-09-08T09:08:57.232924Z  WARN foundry_evm_coverage::anchors: could not find anchor item=Statement (location: (source ID: 54, lines: 240..241, bytes: 9229..9259), hits: 0) err=Could not find anchor: No matching instruction in range source ID: 54, lines: 240..241, bytes: 9229..9259
2026-09-08T09:08:57.232927Z  WARN foundry_evm_coverage::anchors: could not find anchor item=Line (location: (source ID: 54, lines: 241..242, bytes: 9273..9289), hits: 0) err=Could not find anchor: No matching instruction in range source ID: 54, lines: 241..242, bytes: 9273..9289
2026-09-08T09:08:57.232930Z  WARN foundry_evm_coverage::anchors: could not find anchor item=Statement (location: (source ID: 54, lines: 241..242, bytes: 9273..9289), hits: 0) err=Could not find anchor: No matching instruction in range source ID: 54, lines: 241..242, bytes: 9273..9289
2026-09-08T09:08:57.232933Z  WARN foundry_evm_coverage::anchors: could not find anchor item=Statement (location: (source ID: 54, lines: 241..242, bytes: 9291..9307), hits: 0) err=Could not find anchor: No matching instruction in range source ID: 54, lines: 241..242, bytes: 9291..9307
2026-09-08T09:08:57.232936Z  WARN foundry_evm_coverage::anchors: could not find anchor item=Branch (branch: 18, path: 0) (location: (source ID: 54, lines: 241..242, bytes: 9291..9307), hits: 0) err=Could not find anchor: No matching instruction in range source ID: 54, lines: 241..242, bytes: 9291..9307
2026-09-08T09:08:57.232939Z  WARN foundry_evm_coverage::anchors: could not find anchor item=Line (location: (source ID: 54, lines: 243..244, bytes: 9318..9370), hits: 0) err=Could not find anchor: No matching instruction in range source ID: 54, lines: 243..244, bytes: 9318..9370
2026-09-08T09:08:57.232942Z  WARN foundry_evm_coverage::anchors: could not find anchor item=Statement (location: (source ID: 54, lines: 243..244, bytes: 9318..9370), hits: 0) err=Could not find anchor: No matching instruction in range source ID: 54, lines: 243..244, bytes: 9318..9370
2026-09-08T09:08:57.232945Z  WARN foundry_evm_coverage::anchors: could not find anchor item=Statement (location: (source ID: 54, lines: 243..244, bytes: 9336..9370), hits: 0) err=Could not find anchor: No matching instruction in range source ID: 54, lines: 243..244, bytes: 9336..9370
2026-09-08T09:08:57.232947Z  WARN foundry_evm_coverage::anchors: could not find anchor item=Line (location: (source ID: 54, lines: 244..245, bytes: 9380..9433), hits: 0) err=Could not find anchor: No matching instruction in range source ID: 54, lines: 244..245, bytes: 9380..9433
2026-09-08T09:08:57.232950Z  WARN foundry_evm_coverage::anchors: could not find anchor item=Statement (location: (source ID: 54, lines: 244..245, bytes: 9380..9433), hits: 0) err=Could not find anchor: No matching instruction in range source ID: 54, lines: 244..245, bytes: 9380..9433
2026-09-08T09:08:57.232953Z  WARN foundry_evm_coverage::anchors: could not find anchor item=Statement (location: (source ID: 54, lines: 244..245, bytes: 9398..9433), hits: 0) err=Could not find anchor: No matching instruction in range source ID: 54, lines: 244..245, bytes: 9398..9433
2026-09-08T09:08:57.232958Z  WARN foundry_evm_coverage::anchors: could not find anchor item=Line (location: (source ID: 54, lines: 245..246, bytes: 9443..9483), hits: 0) err=Could not find anchor: No matching instruction in range source ID: 54, lines: 245..246, bytes: 9443..9483
2026-09-08T09:08:57.232961Z  WARN foundry_evm_coverage::anchors: could not find anchor item=Statement (location: (source ID: 54, lines: 245..246, bytes: 9443..9483), hits: 0) err=Could not find anchor: No matching instruction in range source ID: 54, lines: 245..246, bytes: 9443..9483
2026-09-08T09:08:57.232964Z  WARN foundry_evm_coverage::anchors: could not find anchor item=Statement (location: (source ID: 54, lines: 245..246, bytes: 9460..9483), hits: 0) err=Could not find anchor: No matching instruction in range source ID: 54, lines: 245..246, bytes: 9460..9483
2026-09-08T09:08:57.232967Z  WARN foundry_evm_coverage::anchors: could not find anchor item=Line (location: (source ID: 54, lines: 247..248, bytes: 9498..9506), hits: 0) err=Could not find anchor: No matching instruction in range source ID: 54, lines: 247..248, bytes: 9498..9506
2026-09-08T09:08:57.232970Z  WARN foundry_evm_coverage::anchors: could not find anchor item=Statement (location: (source ID: 54, lines: 247..248, bytes: 9498..9506), hits: 0) err=Could not find anchor: No matching instruction in range source ID: 54, lines: 247..248, bytes: 9498..9506
2026-09-08T09:08:57.232973Z  WARN foundry_evm_coverage::anchors: could not find anchor item=Branch (branch: 19, path: 0) (location: (source ID: 54, lines: 247..251, bytes: 9508..9620), hits: 0) err=Could not find anchor: No matching instruction in range source ID: 54, lines: 247..251, bytes: 9508..9620
2026-09-08T09:08:57.232976Z  WARN foundry_evm_coverage::anchors: could not find anchor item=Line (location: (source ID: 54, lines: 248..249, bytes: 9522..9561), hits: 0) err=Could not find anchor: No matching instruction in range source ID: 54, lines: 248..249, bytes: 9522..9561
2026-09-08T09:08:57.232979Z  WARN foundry_evm_coverage::anchors: could not find anchor item=Statement (location: (source ID: 54, lines: 248..249, bytes: 9522..9561), hits: 0) err=Could not find anchor: No matching instruction in range source ID: 54, lines: 248..249, bytes: 9522..9561
2026-09-08T09:08:57.232982Z  WARN foundry_evm_coverage::anchors: could not find anchor item=Line (location: (source ID: 54, lines: 249..250, bytes: 9575..9609), hits: 0) err=Could not find anchor: No matching instruction in range source ID: 54, lines: 249..250, bytes: 9575..9609
2026-09-08T09:08:57.232985Z  WARN foundry_evm_coverage::anchors: could not find anchor item=Statement (location: (source ID: 54, lines: 249..250, bytes: 9575..9609), hits: 0) err=Could not find anchor: No matching instruction in range source ID: 54, lines: 249..250, bytes: 9575..9609
2026-09-08T09:08:57.232988Z  WARN foundry_evm_coverage::anchors: could not find anchor item=Line (location: (source ID: 54, lines: 251..252, bytes: 9633..9644), hits: 0) err=Could not find anchor: No matching instruction in range source ID: 54, lines: 251..252, bytes: 9633..9644
2026-09-08T09:08:57.232991Z  WARN foundry_evm_coverage::anchors: could not find anchor item=Statement (location: (source ID: 54, lines: 251..252, bytes: 9633..9644), hits: 0) err=Could not find anchor: No matching instruction in range source ID: 54, lines: 251..252, bytes: 9633..9644
2026-09-08T09:08:57.232994Z  WARN foundry_evm_coverage::anchors: could not find anchor item=Branch (branch: 20, path: 0) (location: (source ID: 54, lines: 251..254, bytes: 9646..9710), hits: 0) err=Could not find anchor: No matching instruction in range source ID: 54, lines: 251..254, bytes: 9646..9710
2026-09-08T09:08:57.232997Z  WARN foundry_evm_coverage::anchors: could not find anchor item=Line (location: (source ID: 54, lines: 252..253, bytes: 9660..9699), hits: 0) err=Could not find anchor: No matching instruction in range source ID: 54, lines: 252..253, bytes: 9660..9699
2026-09-08T09:08:57.233000Z  WARN foundry_evm_coverage::anchors: could not find anchor item=Statement (location: (source ID: 54, lines: 252..253, bytes: 9660..9699), hits: 0) err=Could not find anchor: No matching instruction in range source ID: 54, lines: 252..253, bytes: 9660..9699
2026-09-08T09:08:57.233004Z  WARN foundry_evm_coverage::anchors: could not find anchor item=Line (location: (source ID: 54, lines: 254..255, bytes: 9723..9733), hits: 0) err=Could not find anchor: No matching instruction in range source ID: 54, lines: 254..255, bytes: 9723..9733
2026-09-08T09:08:57.233007Z  WARN foundry_evm_coverage::anchors: could not find anchor item=Statement (location: (source ID: 54, lines: 254..255, bytes: 9723..9733), hits: 0) err=Could not find anchor: No matching instruction in range source ID: 54, lines: 254..255, bytes: 9723..9733
2026-09-08T09:08:57.233010Z  WARN foundry_evm_coverage::anchors: could not find anchor item=Branch (branch: 21, path: 0) (location: (source ID: 54, lines: 254..257, bytes: 9735..9793), hits: 0) err=Could not find anchor: No matching instruction in range source ID: 54, lines: 254..257, bytes: 9735..9793
2026-09-08T09:08:57.233013Z  WARN foundry_evm_coverage::anchors: could not find anchor item=Line (location: (source ID: 54, lines: 255..256, bytes: 9749..9782), hits: 0) err=Could not find anchor: No matching instruction in range source ID: 54, lines: 255..256, bytes: 9749..9782
2026-09-08T09:08:57.233016Z  WARN foundry_evm_coverage::anchors: could not find anchor item=Statement (location: (source ID: 54, lines: 255..256, bytes: 9749..9782), hits: 0) err=Could not find anchor: No matching instruction in range source ID: 54, lines: 255..256, bytes: 9749..9782
2026-09-08T09:08:57.233019Z  WARN foundry_evm_coverage::anchors: could not find anchor item=Line (location: (source ID: 54, lines: 258..259, bytes: 9803..9827), hits: 0) err=Could not find anchor: No matching instruction in range source ID: 54, lines: 258..259, bytes: 9803..9827
2026-09-08T09:08:57.233022Z  WARN foundry_evm_coverage::anchors: could not find anchor item=Statement (location: (source ID: 54, lines: 258..259, bytes: 9803..9827), hits: 0) err=Could not find anchor: No matching instruction in range source ID: 54, lines: 258..259, bytes: 9803..9827
2026-09-08T09:08:57.233025Z  WARN foundry_evm_coverage::anchors: could not find anchor item=Line (location: (source ID: 54, lines: 260..261, bytes: 9838..9900), hits: 0) err=Could not find anchor: No matching instruction in range source ID: 54, lines: 260..261, bytes: 9838..9900
2026-09-08T09:08:57.233028Z  WARN foundry_evm_coverage::anchors: could not find anchor item=Statement (location: (source ID: 54, lines: 260..261, bytes: 9838..9900), hits: 0) err=Could not find anchor: No matching instruction in range source ID: 54, lines: 260..261, bytes: 9838..9900
2026-09-08T09:08:57.233031Z  WARN foundry_evm_coverage::anchors: could not find anchor item=Line (location: (source ID: 54, lines: 262..263, bytes: 9911..9931), hits: 0) err=Could not find anchor: No matching instruction in range source ID: 54, lines: 262..263, bytes: 9911..9931
2026-09-08T09:08:57.233034Z  WARN foundry_evm_coverage::anchors: could not find anchor item=Statement (location: (source ID: 54, lines: 262..263, bytes: 9911..9931), hits: 0) err=Could not find anchor: No matching instruction in range source ID: 54, lines: 262..263, bytes: 9911..9931
2026-09-08T09:08:57.233036Z  WARN foundry_evm_coverage::anchors: could not find anchor item=Line (location: (source ID: 54, lines: 265..306, bytes: 9944..11384), hits: 0) err=Could not find anchor: No matching instruction in range source ID: 54, lines: 265..306, bytes: 9944..11384
2026-09-08T09:08:57.233039Z  WARN foundry_evm_coverage::anchors: could not find anchor item=Function "settleWithdrawRound" (location: (source ID: 54, lines: 265..306, bytes: 9944..11384), hits: 0) err=Could not find anchor: No matching instruction in range source ID: 54, lines: 265..306, bytes: 9944..11384
2026-09-08T09:08:57.233043Z  WARN foundry_evm_coverage::anchors: could not find anchor item=Line (location: (source ID: 54, lines: 266..267, bytes: 10026..10038), hits: 0) err=Could not find anchor: No matching instruction in range source ID: 54, lines: 266..267, bytes: 10026..10038
2026-09-08T09:08:57.233047Z  WARN foundry_evm_coverage::anchors: could not find anchor item=Statement (location: (source ID: 54, lines: 266..267, bytes: 10026..10038), hits: 0) err=Could not find anchor: No matching instruction in range source ID: 54, lines: 266..267, bytes: 10026..10038
2026-09-08T09:08:57.233050Z  WARN foundry_evm_coverage::anchors: could not find anchor item=Statement (location: (source ID: 54, lines: 266..267, bytes: 10026..10073), hits: 0) err=Could not find anchor: No matching instruction in range source ID: 54, lines: 266..267, bytes: 10026..10073
2026-09-08T09:08:57.233053Z  WARN foundry_evm_coverage::anchors: could not find anchor item=Statement (location: (source ID: 54, lines: 266..267, bytes: 10042..10073), hits: 0) err=Could not find anchor: No matching instruction in range source ID: 54, lines: 266..267, bytes: 10042..10073
2026-09-08T09:08:57.233056Z  WARN foundry_evm_coverage::anchors: could not find anchor item=Statement (location: (source ID: 54, lines: 266..267, bytes: 10075..10098), hits: 0) err=Could not find anchor: No matching instruction in range source ID: 54, lines: 266..267, bytes: 10075..10098
2026-09-08T09:08:57.233059Z  WARN foundry_evm_coverage::anchors: could not find anchor item=Branch (branch: 22, path: 0) (location: (source ID: 54, lines: 266..267, bytes: 10075..10098), hits: 0) err=Could not find anchor: No matching instruction in range source ID: 54, lines: 266..267, bytes: 10075..10098
2026-09-08T09:08:57.233062Z  WARN foundry_evm_coverage::anchors: could not find anchor item=Line (location: (source ID: 54, lines: 267..268, bytes: 10108..10153), hits: 0) err=Could not find anchor: No matching instruction in range source ID: 54, lines: 267..268, bytes: 10108..10153
2026-09-08T09:08:57.233065Z  WARN foundry_evm_coverage::anchors: could not find anchor item=Statement (location: (source ID: 54, lines: 267..268, bytes: 10108..10153), hits: 0) err=Could not find anchor: No matching instruction in range source ID: 54, lines: 267..268, bytes: 10108..10153
2026-09-08T09:08:57.233068Z  WARN foundry_evm_coverage::anchors: could not find anchor item=Line (location: (source ID: 54, lines: 268..269, bytes: 10182..10210), hits: 0) err=Could not find anchor: No matching instruction in range source ID: 54, lines: 268..269, bytes: 10182..10210
2026-09-08T09:08:57.233071Z  WARN foundry_evm_coverage::anchors: could not find anchor item=Statement (location: (source ID: 54, lines: 268..269, bytes: 10182..10210), hits: 0) err=Could not find anchor: No matching instruction in range source ID: 54, lines: 268..269, bytes: 10182..10210
2026-09-08T09:08:57.233074Z  WARN foundry_evm_coverage::anchors: could not find anchor item=Branch (branch: 23, path: 0) (location: (source ID: 54, lines: 268..269, bytes: 10182..10210), hits: 0) err=Could not find anchor: No matching instruction in range source ID: 54, lines: 268..269, bytes: 10182..10210
2026-09-08T09:08:57.233076Z  WARN foundry_evm_coverage::anchors: could not find anchor item=Line (location: (source ID: 54, lines: 269..270, bytes: 10224..10255), hits: 0) err=Could not find anchor: No matching instruction in range source ID: 54, lines: 269..270, bytes: 10224..10255
2026-09-08T09:08:57.233079Z  WARN foundry_evm_coverage::anchors: could not find anchor item=Statement (location: (source ID: 54, lines: 269..270, bytes: 10224..10255), hits: 0) err=Could not find anchor: No matching instruction in range source ID: 54, lines: 269..270, bytes: 10224..10255
2026-09-08T09:08:57.233082Z  WARN foundry_evm_coverage::anchors: could not find anchor item=Statement (location: (source ID: 54, lines: 269..270, bytes: 10257..10280), hits: 0) err=Could not find anchor: No matching instruction in range source ID: 54, lines: 269..270, bytes: 10257..10280
2026-09-08T09:08:57.233085Z  WARN foundry_evm_coverage::anchors: could not find anchor item=Branch (branch: 24, path: 0) (location: (source ID: 54, lines: 269..270, bytes: 10257..10280), hits: 0) err=Could not find anchor: No matching instruction in range source ID: 54, lines: 269..270, bytes: 10257..10280
2026-09-08T09:08:57.233090Z  WARN foundry_evm_coverage::anchors: could not find anchor item=Line (location: (source ID: 54, lines: 270..271, bytes: 10294..10327), hits: 0) err=Could not find anchor: No matching instruction in range source ID: 54, lines: 270..271, bytes: 10294..10327
2026-09-08T09:08:57.233093Z  WARN foundry_evm_coverage::anchors: could not find anchor item=Statement (location: (source ID: 54, lines: 270..271, bytes: 10294..10327), hits: 0) err=Could not find anchor: No matching instruction in range source ID: 54, lines: 270..271, bytes: 10294..10327
2026-09-08T09:08:57.233096Z  WARN foundry_evm_coverage::anchors: could not find anchor item=Branch (branch: 25, path: 0) (location: (source ID: 54, lines: 270..275, bytes: 10329..10429), hits: 0) err=Could not find anchor: No matching instruction in range source ID: 54, lines: 270..275, bytes: 10329..10429
2026-09-08T09:08:57.233099Z  WARN foundry_evm_coverage::anchors: could not find anchor item=Line (location: (source ID: 54, lines: 271..272, bytes: 10343..10363), hits: 0) err=Could not find anchor: No matching instruction in range source ID: 54, lines: 271..272, bytes: 10343..10363
2026-09-08T09:08:57.233102Z  WARN foundry_evm_coverage::anchors: could not find anchor item=Statement (location: (source ID: 54, lines: 271..272, bytes: 10343..10363), hits: 0) err=Could not find anchor: No matching instruction in range source ID: 54, lines: 271..272, bytes: 10343..10363
2026-09-08T09:08:57.233105Z  WARN foundry_evm_coverage::anchors: could not find anchor item=Line (location: (source ID: 54, lines: 272..273, bytes: 10377..10398), hits: 0) err=Could not find anchor: No matching instruction in range source ID: 54, lines: 272..273, bytes: 10377..10398
2026-09-08T09:08:57.233108Z  WARN foundry_evm_coverage::anchors: could not find anchor item=Statement (location: (source ID: 54, lines: 272..273, bytes: 10377..10398), hits: 0) err=Could not find anchor: No matching instruction in range source ID: 54, lines: 272..273, bytes: 10377..10398
2026-09-08T09:08:57.233110Z  WARN foundry_evm_coverage::anchors: could not find anchor item=Line (location: (source ID: 54, lines: 273..274, bytes: 10412..10418), hits: 0) err=Could not find anchor: No matching instruction in range source ID: 54, lines: 273..274, bytes: 10412..10418
2026-09-08T09:08:57.233113Z  WARN foundry_evm_coverage::anchors: could not find anchor item=Statement (location: (source ID: 54, lines: 273..274, bytes: 10412..10418), hits: 0) err=Could not find anchor: No matching instruction in range source ID: 54, lines: 273..274, bytes: 10412..10418
2026-09-08T09:08:57.233116Z  WARN foundry_evm_coverage::anchors: could not find anchor item=Line (location: (source ID: 54, lines: 276..277, bytes: 10439..10459), hits: 0) err=Could not find anchor: No matching instruction in range source ID: 54, lines: 276..277, bytes: 10439..10459
2026-09-08T09:08:57.233119Z  WARN foundry_evm_coverage::anchors: could not find anchor item=Statement (location: (source ID: 54, lines: 276..277, bytes: 10439..10459), hits: 0) err=Could not find anchor: No matching instruction in range source ID: 54, lines: 276..277, bytes: 10439..10459
2026-09-08T09:08:57.233122Z  WARN foundry_evm_coverage::anchors: could not find anchor item=Line (location: (source ID: 54, lines: 277..278, bytes: 10469..10505), hits: 0) err=Could not find anchor: No matching instruction in range source ID: 54, lines: 277..278, bytes: 10469..10505
2026-09-08T09:08:57.233125Z  WARN foundry_evm_coverage::anchors: could not find anchor item=Statement (location: (source ID: 54, lines: 277..278, bytes: 10469..10505), hits: 0) err=Could not find anchor: No matching instruction in range source ID: 54, lines: 277..278, bytes: 10469..10505
2026-09-08T09:08:57.233128Z  WARN foundry_evm_coverage::anchors: could not find anchor item=Line (location: (source ID: 54, lines: 278..279, bytes: 10515..10557), hits: 0) err=Could not find anchor: No matching instruction in range source ID: 54, lines: 278..279, bytes: 10515..10557
2026-09-08T09:08:57.233133Z  WARN foundry_evm_coverage::anchors: could not find anchor item=Statement (location: (source ID: 54, lines: 278..279, bytes: 10515..10557), hits: 0) err=Could not find anchor: No matching instruction in range source ID: 54, lines: 278..279, bytes: 10515..10557
2026-09-08T09:08:57.233136Z  WARN foundry_evm_coverage::anchors: could not find anchor item=Line (location: (source ID: 54, lines: 279..280, bytes: 10567..10612), hits: 0) err=Could not find anchor: No matching instruction in range source ID: 54, lines: 279..280, bytes: 10567..10612
2026-09-08T09:08:57.233139Z  WARN foundry_evm_coverage::anchors: could not find anchor item=Statement (location: (source ID: 54, lines: 279..280, bytes: 10567..10612), hits: 0) err=Could not find anchor: No matching instruction in range source ID: 54, lines: 279..280, bytes: 10567..10612
2026-09-08T09:08:57.233142Z  WARN foundry_evm_coverage::anchors: could not find anchor item=Line (location: (source ID: 54, lines: 281..282, bytes: 10623..10689), hits: 0) err=Could not find anchor: No matching instruction in range source ID: 54, lines: 281..282, bytes: 10623..10689
2026-09-08T09:08:57.233145Z  WARN foundry_evm_coverage::anchors: could not find anchor item=Statement (location: (source ID: 54, lines: 281..282, bytes: 10623..10689), hits: 0) err=Could not find anchor: No matching instruction in range source ID: 54, lines: 281..282, bytes: 10623..10689
2026-09-08T09:08:57.233148Z  WARN foundry_evm_coverage::anchors: could not find anchor item=Line (location: (source ID: 54, lines: 282..283, bytes: 10699..10720), hits: 0) err=Could not find anchor: No matching instruction in range source ID: 54, lines: 282..283, bytes: 10699..10720
2026-09-08T09:08:57.233151Z  WARN foundry_evm_coverage::anchors: could not find anchor item=Statement (location: (source ID: 54, lines: 282..283, bytes: 10699..10720), hits: 0) err=Could not find anchor: No matching instruction in range source ID: 54, lines: 282..283, bytes: 10699..10720
2026-09-08T09:08:57.233154Z  WARN foundry_evm_coverage::anchors: could not find anchor item=Line (location: (source ID: 54, lines: 283..284, bytes: 10730..10771), hits: 0) err=Could not find anchor: No matching instruction in range source ID: 54, lines: 283..284, bytes: 10730..10771
2026-09-08T09:08:57.233157Z  WARN foundry_evm_coverage::anchors: could not find anchor item=Statement (location: (source ID: 54, lines: 283..284, bytes: 10730..10771), hits: 0) err=Could not find anchor: No matching instruction in range source ID: 54, lines: 283..284, bytes: 10730..10771
2026-09-08T09:08:57.233160Z  WARN foundry_evm_coverage::anchors: could not find anchor item=Line (location: (source ID: 54, lines: 285..286, bytes: 10782..10794), hits: 0) err=Could not find anchor: No matching instruction in range source ID: 54, lines: 285..286, bytes: 10782..10794
2026-09-08T09:08:57.233163Z  WARN foundry_evm_coverage::anchors: could not find anchor item=Statement (location: (source ID: 54, lines: 285..286, bytes: 10782..10794), hits: 0) err=Could not find anchor: No matching instruction in range source ID: 54, lines: 285..286, bytes: 10782..10794
2026-09-08T09:08:57.233166Z  WARN foundry_evm_coverage::anchors: could not find anchor item=Line (location: (source ID: 54, lines: 286..287, bytes: 10804..10828), hits: 0) err=Could not find anchor: No matching instruction in range source ID: 54, lines: 286..287, bytes: 10804..10828
2026-09-08T09:08:57.233168Z  WARN foundry_evm_coverage::anchors: could not find anchor item=Statement (location: (source ID: 54, lines: 286..287, bytes: 10804..10828), hits: 0) err=Could not find anchor: No matching instruction in range source ID: 54, lines: 286..287, bytes: 10804..10828
2026-09-08T09:08:57.233171Z  WARN foundry_evm_coverage::anchors: could not find anchor item=Line (location: (source ID: 54, lines: 287..288, bytes: 10838..10889), hits: 0) err=Could not find anchor: No matching instruction in range source ID: 54, lines: 287..288, bytes: 10838..10889
2026-09-08T09:08:57.233176Z  WARN foundry_evm_coverage::anchors: could not find anchor item=Statement (location: (source ID: 54, lines: 287..288, bytes: 10838..10889), hits: 0) err=Could not find anchor: No matching instruction in range source ID: 54, lines: 287..288, bytes: 10838..10889
2026-09-08T09:08:57.233179Z  WARN foundry_evm_coverage::anchors: could not find anchor item=Statement (location: (source ID: 54, lines: 287..288, bytes: 10858..10889), hits: 0) err=Could not find anchor: No matching instruction in range source ID: 54, lines: 287..288, bytes: 10858..10889
2026-09-08T09:08:57.233182Z  WARN foundry_evm_coverage::anchors: could not find anchor item=Line (location: (source ID: 54, lines: 288..289, bytes: 10903..10919), hits: 0) err=Could not find anchor: No matching instruction in range source ID: 54, lines: 288..289, bytes: 10903..10919
2026-09-08T09:08:57.233185Z  WARN foundry_evm_coverage::anchors: could not find anchor item=Statement (location: (source ID: 54, lines: 288..289, bytes: 10903..10919), hits: 0) err=Could not find anchor: No matching instruction in range source ID: 54, lines: 288..289, bytes: 10903..10919
2026-09-08T09:08:57.233188Z  WARN foundry_evm_coverage::anchors: could not find anchor item=Statement (location: (source ID: 54, lines: 288..289, bytes: 10921..10937), hits: 0) err=Could not find anchor: No matching instruction in range source ID: 54, lines: 288..289, bytes: 10921..10937
2026-09-08T09:08:57.233191Z  WARN foundry_evm_coverage::anchors: could not find anchor item=Branch (branch: 26, path: 0) (location: (source ID: 54, lines: 288..289, bytes: 10921..10937), hits: 0) err=Could not find anchor: No matching instruction in range source ID: 54, lines: 288..289, bytes: 10921..10937
2026-09-08T09:08:57.233194Z  WARN foundry_evm_coverage::anchors: could not find anchor item=Line (location: (source ID: 54, lines: 290..291, bytes: 10948..10999), hits: 0) err=Could not find anchor: No matching instruction in range source ID: 54, lines: 290..291, bytes: 10948..10999
2026-09-08T09:08:57.233197Z  WARN foundry_evm_coverage::anchors: could not find anchor item=Statement (location: (source ID: 54, lines: 290..291, bytes: 10948..10999), hits: 0) err=Could not find anchor: No matching instruction in range source ID: 54, lines: 290..291, bytes: 10948..10999
2026-09-08T09:08:57.233200Z  WARN foundry_evm_coverage::anchors: could not find anchor item=Statement (location: (source ID: 54, lines: 290..291, bytes: 10965..10999), hits: 0) err=Could not find anchor: No matching instruction in range source ID: 54, lines: 290..291, bytes: 10965..10999
2026-09-08T09:08:57.233202Z  WARN foundry_evm_coverage::anchors: could not find anchor item=Line (location: (source ID: 54, lines: 291..292, bytes: 11009..11048), hits: 0) err=Could not find anchor: No matching instruction in range source ID: 54, lines: 291..292, bytes: 11009..11048
2026-09-08T09:08:57.233205Z  WARN foundry_evm_coverage::anchors: could not find anchor item=Statement (location: (source ID: 54, lines: 291..292, bytes: 11009..11048), hits: 0) err=Could not find anchor: No matching instruction in range source ID: 54, lines: 291..292, bytes: 11009..11048
2026-09-08T09:08:57.233208Z  WARN foundry_evm_coverage::anchors: could not find anchor item=Statement (location: (source ID: 54, lines: 291..292, bytes: 11032..11048), hits: 0) err=Could not find anchor: No matching instruction in range source ID: 54, lines: 291..292, bytes: 11032..11048
2026-09-08T09:08:57.233211Z  WARN foundry_evm_coverage::anchors: could not find anchor item=Line (location: (source ID: 54, lines: 293..294, bytes: 11063..11071), hits: 0) err=Could not find anchor: No matching instruction in range source ID: 54, lines: 293..294, bytes: 11063..11071
2026-09-08T09:08:57.233214Z  WARN foundry_evm_coverage::anchors: could not find anchor item=Statement (location: (source ID: 54, lines: 293..294, bytes: 11063..11071), hits: 0) err=Could not find anchor: No matching instruction in range source ID: 54, lines: 293..294, bytes: 11063..11071
2026-09-08T09:08:57.233217Z  WARN foundry_evm_coverage::anchors: could not find anchor item=Branch (branch: 27, path: 0) (location: (source ID: 54, lines: 293..296, bytes: 11073..11140), hits: 0) err=Could not find anchor: No matching instruction in range source ID: 54, lines: 293..296, bytes: 11073..11140
2026-09-08T09:08:57.233222Z  WARN foundry_evm_coverage::anchors: could not find anchor item=Line (location: (source ID: 54, lines: 294..295, bytes: 11087..11129), hits: 0) err=Could not find anchor: No matching instruction in range source ID: 54, lines: 294..295, bytes: 11087..11129
2026-09-08T09:08:57.233225Z  WARN foundry_evm_coverage::anchors: could not find anchor item=Statement (location: (source ID: 54, lines: 294..295, bytes: 11087..11129), hits: 0) err=Could not find anchor: No matching instruction in range source ID: 54, lines: 294..295, bytes: 11087..11129
2026-09-08T09:08:57.233228Z  WARN foundry_evm_coverage::anchors: could not find anchor item=Line (location: (source ID: 54, lines: 296..297, bytes: 11153..11169), hits: 0) err=Could not find anchor: No matching instruction in range source ID: 54, lines: 296..297, bytes: 11153..11169
2026-09-08T09:08:57.233230Z  WARN foundry_evm_coverage::anchors: could not find anchor item=Statement (location: (source ID: 54, lines: 296..297, bytes: 11153..11169), hits: 0) err=Could not find anchor: No matching instruction in range source ID: 54, lines: 296..297, bytes: 11153..11169
2026-09-08T09:08:57.233233Z  WARN foundry_evm_coverage::anchors: could not find anchor item=Branch (branch: 28, path: 0) (location: (source ID: 54, lines: 296..299, bytes: 11171..11237), hits: 0) err=Could not find anchor: No matching instruction in range source ID: 54, lines: 296..299, bytes: 11171..11237
2026-09-08T09:08:57.233236Z  WARN foundry_evm_coverage::anchors: could not find anchor item=Line (location: (source ID: 54, lines: 297..298, bytes: 11185..11226), hits: 0) err=Could not find anchor: No matching instruction in range source ID: 54, lines: 297..298, bytes: 11185..11226
2026-09-08T09:08:57.233239Z  WARN foundry_evm_coverage::anchors: could not find anchor item=Statement (location: (source ID: 54, lines: 297..298, bytes: 11185..11226), hits: 0) err=Could not find anchor: No matching instruction in range source ID: 54, lines: 297..298, bytes: 11185..11226
2026-09-08T09:08:57.233242Z  WARN foundry_evm_coverage::anchors: could not find anchor item=Line (location: (source ID: 54, lines: 300..301, bytes: 11247..11271), hits: 0) err=Could not find anchor: No matching instruction in range source ID: 54, lines: 300..301, bytes: 11247..11271
2026-09-08T09:08:57.233245Z  WARN foundry_evm_coverage::anchors: could not find anchor item=Statement (location: (source ID: 54, lines: 300..301, bytes: 11247..11271), hits: 0) err=Could not find anchor: No matching instruction in range source ID: 54, lines: 300..301, bytes: 11247..11271
2026-09-08T09:08:57.233248Z  WARN foundry_evm_coverage::anchors: could not find anchor item=Line (location: (source ID: 54, lines: 302..303, bytes: 11282..11345), hits: 0) err=Could not find anchor: No matching instruction in range source ID: 54, lines: 302..303, bytes: 11282..11345
2026-09-08T09:08:57.233251Z  WARN foundry_evm_coverage::anchors: could not find anchor item=Statement (location: (source ID: 54, lines: 302..303, bytes: 11282..11345), hits: 0) err=Could not find anchor: No matching instruction in range source ID: 54, lines: 302..303, bytes: 11282..11345
2026-09-08T09:08:57.233254Z  WARN foundry_evm_coverage::anchors: could not find anchor item=Line (location: (source ID: 54, lines: 304..305, bytes: 11356..11377), hits: 0) err=Could not find anchor: No matching instruction in range source ID: 54, lines: 304..305, bytes: 11356..11377
2026-09-08T09:08:57.233257Z  WARN foundry_evm_coverage::anchors: could not find anchor item=Statement (location: (source ID: 54, lines: 304..305, bytes: 11356..11377), hits: 0) err=Could not find anchor: No matching instruction in range source ID: 54, lines: 304..305, bytes: 11356..11377
2026-09-08T09:08:57.233260Z  WARN foundry_evm_coverage::anchors: could not find anchor item=Line (location: (source ID: 54, lines: 307..310, bytes: 11390..11515), hits: 0) err=Could not find anchor: No matching instruction in range source ID: 54, lines: 307..310, bytes: 11390..11515
2026-09-08T09:08:57.233264Z  WARN foundry_evm_coverage::anchors: could not find anchor item=Function "getDepositRound" (location: (source ID: 54, lines: 307..310, bytes: 11390..11515), hits: 0) err=Could not find anchor: No matching instruction in range source ID: 54, lines: 307..310, bytes: 11390..11515
2026-09-08T09:08:57.233267Z  WARN foundry_evm_coverage::anchors: could not find anchor item=Line (location: (source ID: 54, lines: 308..309, bytes: 11479..11508), hits: 0) err=Could not find anchor: No matching instruction in range source ID: 54, lines: 308..309, bytes: 11479..11508
2026-09-08T09:08:57.233270Z  WARN foundry_evm_coverage::anchors: could not find anchor item=Statement (location: (source ID: 54, lines: 308..309, bytes: 11479..11508), hits: 0) err=Could not find anchor: No matching instruction in range source ID: 54, lines: 308..309, bytes: 11479..11508
2026-09-08T09:08:57.233273Z  WARN foundry_evm_coverage::anchors: could not find anchor item=Line (location: (source ID: 54, lines: 311..314, bytes: 11521..11648), hits: 0) err=Could not find anchor: No matching instruction in range source ID: 54, lines: 311..314, bytes: 11521..11648
2026-09-08T09:08:57.233276Z  WARN foundry_evm_coverage::anchors: could not find anchor item=Function "getWithdrawRound" (location: (source ID: 54, lines: 311..314, bytes: 11521..11648), hits: 0) err=Could not find anchor: No matching instruction in range source ID: 54, lines: 311..314, bytes: 11521..11648
2026-09-08T09:08:57.233279Z  WARN foundry_evm_coverage::anchors: could not find anchor item=Line (location: (source ID: 54, lines: 312..313, bytes: 11611..11641), hits: 0) err=Could not find anchor: No matching instruction in range source ID: 54, lines: 312..313, bytes: 11611..11641
2026-09-08T09:08:57.233282Z  WARN foundry_evm_coverage::anchors: could not find anchor item=Statement (location: (source ID: 54, lines: 312..313, bytes: 11611..11641), hits: 0) err=Could not find anchor: No matching instruction in range source ID: 54, lines: 312..313, bytes: 11611..11641
2026-09-08T09:08:57.232197Z  WARN foundry_evm_coverage::anchors: could not find anchor item=Function "constructor" (location: (source ID: 55, lines: 54..59, bytes: 2261..2485), hits: 0) err=Could not find anchor: No matching instruction in range source ID: 55, lines: 54..59, bytes: 2261..2485
2026-09-08T09:08:57.233291Z  WARN foundry_evm_coverage::anchors: could not find anchor item=Line (location: (source ID: 54, lines: 76..83, bytes: 2838..3109), hits: 0) err=Could not find anchor: No matching instruction in range source ID: 54, lines: 76..83, bytes: 2838..3109
2026-09-08T09:08:57.231656Z  WARN foundry_evm_coverage::anchors: could not find anchor item=Function "asset" (location: (source ID: 53, lines: 32..35, bytes: 875..961), hits: 0) err=Could not find anchor: No matching instruction in range source ID: 53, lines: 32..35, bytes: 875..961
2026-09-08T09:08:57.233305Z  WARN foundry_evm_coverage::anchors: could not find anchor item=Line (location: (source ID: 53, lines: 33..34, bytes: 932..954), hits: 0) err=Could not find anchor: No matching instruction in range source ID: 53, lines: 33..34, bytes: 932..954
2026-09-08T09:08:57.233309Z  WARN foundry_evm_coverage::anchors: could not find anchor item=Statement (location: (source ID: 53, lines: 33..34, bytes: 932..954), hits: 0) err=Could not find anchor: No matching instruction in range source ID: 53, lines: 33..34, bytes: 932..954
2026-09-08T09:08:57.231760Z  WARN foundry_evm_coverage::anchors: could not find anchor item=Line (location: (source ID: 60, lines: 20..23, bytes: 520..605), hits: 0) err=Could not find anchor: No matching instruction in range source ID: 60, lines: 20..23, bytes: 520..605
2026-09-08T09:08:57.233320Z  WARN foundry_evm_coverage::anchors: could not find anchor item=Function "mint.1" (location: (source ID: 60, lines: 20..23, bytes: 520..605), hits: 0) err=Could not find anchor: No matching instruction in range source ID: 60, lines: 20..23, bytes: 520..605
2026-09-08T09:08:57.233326Z  WARN foundry_evm_coverage::anchors: could not find anchor item=Line (location: (source ID: 60, lines: 21..22, bytes: 581..598), hits: 0) err=Could not find anchor: No matching instruction in range source ID: 60, lines: 21..22, bytes: 581..598
2026-09-08T09:08:57.233330Z  WARN foundry_evm_coverage::anchors: could not find anchor item=Statement (location: (source ID: 60, lines: 21..22, bytes: 581..598), hits: 0) err=Could not find anchor: No matching instruction in range source ID: 60, lines: 21..22, bytes: 581..598
2026-09-08T09:08:57.231655Z  WARN foundry_evm_coverage::anchors: could not find anchor item=Function "mint" (location: (source ID: 59, lines: 12..15, bytes: 350..435), hits: 0) err=Could not find anchor: No matching instruction in range source ID: 59, lines: 12..15, bytes: 350..435
2026-09-08T09:08:57.233338Z  WARN foundry_evm_coverage::anchors: could not find anchor item=Line (location: (source ID: 59, lines: 13..14, bytes: 411..428), hits: 0) err=Could not find anchor: No matching instruction in range source ID: 59, lines: 13..14, bytes: 411..428
2026-09-08T09:08:57.233342Z  WARN foundry_evm_coverage::anchors: could not find anchor item=Statement (location: (source ID: 59, lines: 13..14, bytes: 411..428), hits: 0) err=Could not find anchor: No matching instruction in range source ID: 59, lines: 13..14, bytes: 411..428
2026-09-08T09:08:57.231752Z  WARN foundry_evm_coverage::anchors: could not find anchor item=Line (location: (source ID: 58, lines: 11..14, bytes: 295..380), hits: 0) err=Could not find anchor: No matching instruction in range source ID: 58, lines: 11..14, bytes: 295..380
2026-09-08T09:08:57.233317Z  WARN foundry_evm_coverage::anchors: could not find anchor item=Line (location: (source ID: 53, lines: 97..101, bytes: 3610..3723), hits: 0) err=Could not find anchor: No matching instruction in range source ID: 53, lines: 97..101, bytes: 3610..3723
2026-09-08T09:08:57.233358Z  WARN foundry_evm_coverage::anchors: could not find anchor item=Function "onlyGovernance" (location: (source ID: 53, lines: 97..101, bytes: 3610..3723), hits: 0) err=Could not find anchor: No matching instruction in range source ID: 53, lines: 97..101, bytes: 3610..3723
2026-09-08T09:08:57.233363Z  WARN foundry_evm_coverage::anchors: could not find anchor item=Line (location: (source ID: 53, lines: 98..99, bytes: 3650..3681), hits: 0) err=Could not find anchor: No matching instruction in range source ID: 53, lines: 98..99, bytes: 3650..3681
2026-09-08T09:08:57.233367Z  WARN foundry_evm_coverage::anchors: could not find anchor item=Statement (location: (source ID: 53, lines: 98..99, bytes: 3650..3681), hits: 0) err=Could not find anchor: No matching instruction in range source ID: 53, lines: 98..99, bytes: 3650..3681
2026-09-08T09:08:57.233371Z  WARN foundry_evm_coverage::anchors: could not find anchor item=Statement (location: (source ID: 53, lines: 98..99, bytes: 3683..3705), hits: 0) err=Could not find anchor: No matching instruction in range source ID: 53, lines: 98..99, bytes: 3683..3705
2026-09-08T09:08:57.233373Z  WARN foundry_evm_coverage::anchors: could not find anchor item=Function "mint" (location: (source ID: 58, lines: 11..14, bytes: 295..380), hits: 0) err=Could not find anchor: No matching instruction in range source ID: 58, lines: 11..14, bytes: 295..380
2026-09-08T09:08:57.233377Z  WARN foundry_evm_coverage::anchors: could not find anchor item=Line (location: (source ID: 59, lines: 12..15, bytes: 350..435), hits: 0) err=Could not find anchor: No matching instruction in range source ID: 59, lines: 12..15, bytes: 350..435
2026-09-08T09:08:57.231799Z  WARN foundry_evm_coverage::anchors: could not find anchor item=Line (location: (source ID: 60, lines: 12..15, bytes: 346..431), hits: 0) err=Could not find anchor: No matching instruction in range source ID: 60, lines: 12..15, bytes: 346..431
2026-09-08T09:08:57.233293Z  WARN foundry_evm_coverage::anchors: could not find anchor item=Line (location: (source ID: 55, lines: 55..56, bytes: 2351..2374), hits: 0) err=Could not find anchor: No matching instruction in range source ID: 55, lines: 55..56, bytes: 2351..2374
2026-09-08T09:08:57.233402Z  WARN foundry_evm_coverage::anchors: could not find anchor item=Function "mint.0" (location: (source ID: 60, lines: 12..15, bytes: 346..431), hits: 0) err=Could not find anchor: No matching instruction in range source ID: 60, lines: 12..15, bytes: 346..431
2026-09-08T09:08:57.233374Z  WARN foundry_evm_coverage::anchors: could not find anchor item=Branch (branch: 1, path: 0) (location: (source ID: 53, lines: 98..99, bytes: 3683..3705), hits: 0) err=Could not find anchor: No matching instruction in range source ID: 53, lines: 98..99, bytes: 3683..3705
2026-09-08T09:08:57.233414Z  WARN foundry_evm_coverage::anchors: could not find anchor item=Line (location: (source ID: 53, lines: 102..106, bytes: 3729..3845), hits: 0) err=Could not find anchor: No matching instruction in range source ID: 53, lines: 102..106, bytes: 3729..3845
2026-09-08T09:08:57.233417Z  WARN foundry_evm_coverage::anchors: could not find anchor item=Line (location: (source ID: 60, lines: 13..14, bytes: 407..424), hits: 0) err=Could not find anchor: No matching instruction in range source ID: 60, lines: 13..14, bytes: 407..424
2026-09-08T09:08:57.233398Z  WARN foundry_evm_coverage::anchors: could not find anchor item=Function "mint" (location: (source ID: 59, lines: 12..15, bytes: 350..435), hits: 0) err=Could not find anchor: No matching instruction in range source ID: 59, lines: 12..15, bytes: 350..435
2026-09-08T09:08:57.233400Z  WARN foundry_evm_coverage::anchors: could not find anchor item=Line (location: (source ID: 58, lines: 12..13, bytes: 356..373), hits: 0) err=Could not find anchor: No matching instruction in range source ID: 58, lines: 12..13, bytes: 356..373
2026-09-08T09:08:57.233301Z  WARN foundry_evm_coverage::anchors: could not find anchor item=Function "constructor" (location: (source ID: 54, lines: 76..83, bytes: 2838..3109), hits: 0) err=Could not find anchor: No matching instruction in range source ID: 54, lines: 76..83, bytes: 2838..3109
2026-09-08T09:08:57.233405Z  WARN foundry_evm_coverage::anchors: could not find anchor item=Statement (location: (source ID: 55, lines: 55..56, bytes: 2351..2374), hits: 0) err=Could not find anchor: No matching instruction in range source ID: 55, lines: 55..56, bytes: 2351..2374
2026-09-08T09:08:57.233444Z  WARN foundry_evm_coverage::anchors: could not find anchor item=Line (location: (source ID: 59, lines: 13..14, bytes: 411..428), hits: 0) err=Could not find anchor: No matching instruction in range source ID: 59, lines: 13..14, bytes: 411..428
2026-09-08T09:08:57.233449Z  WARN foundry_evm_coverage::anchors: could not find anchor item=Statement (location: (source ID: 55, lines: 55..56, bytes: 2376..2400), hits: 0) err=Could not find anchor: No matching instruction in range source ID: 55, lines: 55..56, bytes: 2376..2400
2026-09-08T09:08:57.232189Z  WARN foundry_evm_coverage::anchors: could not find anchor item=Line (location: (source ID: 60, lines: 13..14, bytes: 407..424), hits: 0) err=Could not find anchor: No matching instruction in range source ID: 60, lines: 13..14, bytes: 407..424
2026-09-08T09:08:57.233460Z  WARN foundry_evm_coverage::anchors: could not find anchor item=Statement (location: (source ID: 60, lines: 13..14, bytes: 407..424), hits: 0) err=Could not find anchor: No matching instruction in range source ID: 60, lines: 13..14, bytes: 407..424
2026-09-08T09:08:57.233442Z  WARN foundry_evm_coverage::anchors: could not find anchor item=Line (location: (source ID: 54, lines: 77..78, bytes: 2938..2958), hits: 0) err=Could not find anchor: No matching instruction in range source ID: 54, lines: 77..78, bytes: 2938..2958
2026-09-08T09:08:57.232217Z  WARN foundry_evm_coverage::anchors: could not find anchor item=Line (location: (source ID: 57, lines: 42..43, bytes: 1393..1454), hits: 0) err=Could not find anchor: No matching instruction in range source ID: 57, lines: 42..43, bytes: 1393..1454
2026-09-08T09:08:57.233417Z  WARN foundry_evm_coverage::anchors: could not find anchor item=Function "onlyAuctioneer" (location: (source ID: 53, lines: 102..106, bytes: 3729..3845), hits: 0) err=Could not find anchor: No matching instruction in range source ID: 53, lines: 102..106, bytes: 3729..3845
2026-09-08T09:08:57.233487Z  WARN foundry_evm_coverage::anchors: could not find anchor item=Line (location: (source ID: 53, lines: 103..104, bytes: 3769..3803), hits: 0) err=Could not find anchor: No matching instruction in range source ID: 53, lines: 103..104, bytes: 3769..3803
2026-09-08T09:08:57.233491Z  WARN foundry_evm_coverage::anchors: could not find anchor item=Statement (location: (source ID: 53, lines: 103..104, bytes: 3769..3803), hits: 0) err=Could not find anchor: No matching instruction in range source ID: 53, lines: 103..104, bytes: 3769..3803
2026-09-08T09:08:57.233495Z  WARN foundry_evm_coverage::anchors: could not find anchor item=Statement (location: (source ID: 53, lines: 103..104, bytes: 3805..3827), hits: 0) err=Could not find anchor: No matching instruction in range source ID: 53, lines: 103..104, bytes: 3805..3827
2026-09-08T09:08:57.233432Z  WARN foundry_evm_coverage::anchors: could not find anchor item=Statement (location: (source ID: 60, lines: 13..14, bytes: 407..424), hits: 0) err=Could not find anchor: No matching instruction in range source ID: 60, lines: 13..14, bytes: 407..424
2026-09-08T09:08:57.233501Z  WARN foundry_evm_coverage::anchors: could not find anchor item=Branch (branch: 2, path: 0) (location: (source ID: 53, lines: 103..104, bytes: 3805..3827), hits: 0) err=Could not find anchor: No matching instruction in range source ID: 53, lines: 103..104, bytes: 3805..3827
2026-09-08T09:08:57.233474Z  WARN foundry_evm_coverage::anchors: could not find anchor item=Statement (location: (source ID: 54, lines: 77..78, bytes: 2938..2958), hits: 0) err=Could not find anchor: No matching instruction in range source ID: 54, lines: 77..78, bytes: 2938..2958
2026-09-08T09:08:57.233455Z  WARN foundry_evm_coverage::anchors: could not find anchor item=Statement (location: (source ID: 58, lines: 12..13, bytes: 356..373), hits: 0) err=Could not find anchor: No matching instruction in range source ID: 58, lines: 12..13, bytes: 356..373
2026-09-08T09:08:57.233457Z  WARN foundry_evm_coverage::anchors: could not find anchor item=Branch (branch: 0, path: 0) (location: (source ID: 55, lines: 55..56, bytes: 2376..2400), hits: 0) err=Could not find anchor: No matching instruction in range source ID: 55, lines: 55..56, bytes: 2376..2400
2026-09-08T09:08:57.233465Z  WARN foundry_evm_coverage::anchors: could not find anchor item=Statement (location: (source ID: 59, lines: 13..14, bytes: 411..428), hits: 0) err=Could not find anchor: No matching instruction in range source ID: 59, lines: 13..14, bytes: 411..428
2026-09-08T09:08:57.233508Z  WARN foundry_evm_coverage::anchors: could not find anchor item=Line (location: (source ID: 53, lines: 107..111, bytes: 3851..3938), hits: 0) err=Could not find anchor: No matching instruction in range source ID: 53, lines: 107..111, bytes: 3851..3938
2026-09-08T09:08:57.233536Z  WARN foundry_evm_coverage::anchors: could not find anchor item=Function "whenNotPaused" (location: (source ID: 53, lines: 107..111, bytes: 3851..3938), hits: 0) err=Could not find anchor: No matching instruction in range source ID: 53, lines: 107..111, bytes: 3851..3938
2026-09-08T09:08:57.233540Z  WARN foundry_evm_coverage::anchors: could not find anchor item=Line (location: (source ID: 53, lines: 108..109, bytes: 3898..3920), hits: 0) err=Could not find anchor: No matching instruction in range source ID: 53, lines: 108..109, bytes: 3898..3920
2026-09-08T09:08:57.233544Z  WARN foundry_evm_coverage::anchors: could not find anchor item=Statement (location: (source ID: 53, lines: 108..109, bytes: 3898..3920), hits: 0) err=Could not find anchor: No matching instruction in range source ID: 53, lines: 108..109, bytes: 3898..3920
2026-09-08T09:08:57.233547Z  WARN foundry_evm_coverage::anchors: could not find anchor item=Branch (branch: 3, path: 0) (location: (source ID: 53, lines: 108..109, bytes: 3898..3920), hits: 0) err=Could not find anchor: No matching instruction in range source ID: 53, lines: 108..109, bytes: 3898..3920
2026-09-08T09:08:57.233553Z  WARN foundry_evm_coverage::anchors: could not find anchor item=Line (location: (source ID: 53, lines: 112..139, bytes: 3944..4889), hits: 0) err=Could not find anchor: No matching instruction in range source ID: 53, lines: 112..139, bytes: 3944..4889
2026-09-08T09:08:57.233557Z  WARN foundry_evm_coverage::anchors: could not find anchor item=Function "_dripDepositBucket" (location: (source ID: 53, lines: 112..139, bytes: 3944..4889), hits: 0) err=Could not find anchor: No matching instruction in range source ID: 53, lines: 112..139, bytes: 3944..4889
2026-09-08T09:08:57.233560Z  WARN foundry_evm_coverage::anchors: could not find anchor item=Line (location: (source ID: 53, lines: 113..114, bytes: 3993..4025), hits: 0) err=Could not find anchor: No matching instruction in range source ID: 53, lines: 113..114, bytes: 3993..4025
2026-09-08T09:08:57.233564Z  WARN foundry_evm_coverage::anchors: could not find anchor item=Statement (location: (source ID: 53, lines: 113..114, bytes: 3993..4025), hits: 0) err=Could not find anchor: No matching instruction in range source ID: 53, lines: 113..114, bytes: 3993..4025
2026-09-08T09:08:57.233527Z  WARN foundry_evm_coverage::anchors: could not find anchor item=Line (location: (source ID: 55, lines: 56..57, bytes: 2410..2434), hits: 0) err=Could not find anchor: No matching instruction in range source ID: 55, lines: 56..57, bytes: 2410..2434
2026-09-08T09:08:57.233482Z  WARN foundry_evm_coverage::anchors: could not find anchor item=Statement (location: (source ID: 57, lines: 42..43, bytes: 1393..1454), hits: 0) err=Could not find anchor: No matching instruction in range source ID: 57, lines: 42..43, bytes: 1393..1454
2026-09-08T09:08:57.233575Z  WARN foundry_evm_coverage::anchors: could not find anchor item=Statement (location: (source ID: 55, lines: 56..57, bytes: 2410..2434), hits: 0) err=Could not find anchor: No matching instruction in range source ID: 55, lines: 56..57, bytes: 2410..2434
2026-09-08T09:08:57.233579Z  WARN foundry_evm_coverage::anchors: could not find anchor item=Line (location: (source ID: 57, lines: 46..55, bytes: 1478..1827), hits: 0) err=Could not find anchor: No matching instruction in range source ID: 57, lines: 46..55, bytes: 1478..1827
2026-09-08T09:08:57.233584Z  WARN foundry_evm_coverage::anchors: could not find anchor item=Line (location: (source ID: 55, lines: 57..58, bytes: 2444..2478), hits: 0) err=Could not find anchor: No matching instruction in range source ID: 55, lines: 57..58, bytes: 2444..2478
2026-09-08T09:08:57.233589Z  WARN foundry_evm_coverage::anchors: could not find anchor item=Function "requestDeposit" (location: (source ID: 57, lines: 46..55, bytes: 1478..1827), hits: 0) err=Could not find anchor: No matching instruction in range source ID: 57, lines: 46..55, bytes: 1478..1827
2026-09-08T09:08:57.233516Z  WARN foundry_evm_coverage::anchors: could not find anchor item=Line (location: (source ID: 54, lines: 78..79, bytes: 2968..2992), hits: 0) err=Could not find anchor: No matching instruction in range source ID: 54, lines: 78..79, bytes: 2968..2992
2026-09-08T09:08:57.233598Z  WARN foundry_evm_coverage::anchors: could not find anchor item=Line (location: (source ID: 57, lines: 47..48, bytes: 1574..1612), hits: 0) err=Could not find anchor: No matching instruction in range source ID: 57, lines: 47..48, bytes: 1574..1612
2026-09-08T09:08:57.233602Z  WARN foundry_evm_coverage::anchors: could not find anchor item=Statement (location: (source ID: 54, lines: 78..79, bytes: 2968..2992), hits: 0) err=Could not find anchor: No matching instruction in range source ID: 54, lines: 78..79, bytes: 2968..2992
2026-09-08T09:08:57.233592Z  WARN foundry_evm_coverage::anchors: could not find anchor item=Statement (location: (source ID: 55, lines: 57..58, bytes: 2444..2478), hits: 0) err=Could not find anchor: No matching instruction in range source ID: 55, lines: 57..58, bytes: 2444..2478
2026-09-08T09:08:57.233514Z  WARN foundry_evm_coverage::anchors: could not find anchor item=Line (location: (source ID: 60, lines: 20..23, bytes: 520..605), hits: 0) err=Could not find anchor: No matching instruction in range source ID: 60, lines: 20..23, bytes: 520..605
2026-09-08T09:08:57.233605Z  WARN foundry_evm_coverage::anchors: could not find anchor item=Statement (location: (source ID: 57, lines: 47..48, bytes: 1574..1612), hits: 0) err=Could not find anchor: No matching instruction in range source ID: 57, lines: 47..48, bytes: 1574..1612
2026-09-08T09:08:57.233653Z  WARN foundry_evm_coverage::anchors: could not find anchor item=Line (location: (source ID: 57, lines: 49..50, bytes: 1652..1677), hits: 0) err=Could not find anchor: No matching instruction in range source ID: 57, lines: 49..50, bytes: 1652..1677
2026-09-08T09:08:57.233662Z  WARN foundry_evm_coverage::anchors: could not find anchor item=Statement (location: (source ID: 57, lines: 49..50, bytes: 1652..1677), hits: 0) err=Could not find anchor: No matching instruction in range source ID: 57, lines: 49..50, bytes: 1652..1677
2026-09-08T09:08:57.233668Z  WARN foundry_evm_coverage::anchors: could not find anchor item=Statement (location: (source ID: 57, lines: 49..50, bytes: 1652..1686), hits: 0) err=Could not find anchor: No matching instruction in range source ID: 57, lines: 49..50, bytes: 1652..1686
2026-09-08T09:08:57.233674Z  WARN foundry_evm_coverage::anchors: could not find anchor item=Statement (location: (source ID: 57, lines: 49..50, bytes: 1652..1697), hits: 0) err=Could not find anchor: No matching instruction in range source ID: 57, lines: 49..50, bytes: 1652..1697
2026-09-08T09:08:57.233568Z  WARN foundry_evm_coverage::anchors: could not find anchor item=Line (location: (source ID: 53, lines: 114..115, bytes: 4035..4085), hits: 0) err=Could not find anchor: No matching instruction in range source ID: 53, lines: 114..115, bytes: 4035..4085
2026-09-08T09:08:57.233680Z  WARN foundry_evm_coverage::anchors: could not find anchor item=Statement (location: (source ID: 57, lines: 49..50, bytes: 1699..1705), hits: 0) err=Could not find anchor: No matching instruction in range source ID: 57, lines: 49..50, bytes: 1699..1705
2026-09-08T09:08:57.233635Z  WARN foundry_evm_coverage::anchors: could not find anchor item=Function "mint.1" (location: (source ID: 60, lines: 20..23, bytes: 520..605), hits: 0) err=Could not find anchor: No matching instruction in range source ID: 60, lines: 20..23, bytes: 520..605
2026-09-08T09:08:57.233687Z  WARN foundry_evm_coverage::anchors: could not find anchor item=Branch (branch: 0, path: 0) (location: (source ID: 57, lines: 49..50, bytes: 1699..1705), hits: 0) err=Could not find anchor: No matching instruction in range source ID: 57, lines: 49..50, bytes: 1699..1705
2026-09-08T09:08:57.233611Z  WARN foundry_evm_coverage::anchors: could not find anchor item=Line (location: (source ID: 54, lines: 79..80, bytes: 3002..3026), hits: 0) err=Could not find anchor: No matching instruction in range source ID: 54, lines: 79..80, bytes: 3002..3026
2026-09-08T09:08:57.233697Z  WARN foundry_evm_coverage::anchors: could not find anchor item=Line (location: (source ID: 57, lines: 51..52, bytes: 1716..1743), hits: 0) err=Could not find anchor: No matching instruction in range source ID: 57, lines: 51..52, bytes: 1716..1743
2026-09-08T09:08:57.233701Z  WARN foundry_evm_coverage::anchors: could not find anchor item=Line (location: (source ID: 60, lines: 21..22, bytes: 581..598), hits: 0) err=Could not find anchor: No matching instruction in range source ID: 60, lines: 21..22, bytes: 581..598
2026-09-08T09:08:57.233705Z  WARN foundry_evm_coverage::anchors: could not find anchor item=Statement (location: (source ID: 57, lines: 51..52, bytes: 1716..1743), hits: 0) err=Could not find anchor: No matching instruction in range source ID: 57, lines: 51..52, bytes: 1716..1743
2026-09-08T09:08:57.233700Z  WARN foundry_evm_coverage::anchors: could not find anchor item=Statement (location: (source ID: 54, lines: 79..80, bytes: 3002..3026), hits: 0) err=Could not find anchor: No matching instruction in range source ID: 54, lines: 79..80, bytes: 3002..3026
2026-09-08T09:08:57.233682Z  WARN foundry_evm_coverage::anchors: could not find anchor item=Statement (location: (source ID: 53, lines: 114..115, bytes: 4035..4085), hits: 0) err=Could not find anchor: No matching instruction in range source ID: 53, lines: 114..115, bytes: 4035..4085
2026-09-08T09:08:57.233748Z  WARN foundry_evm_coverage::anchors: could not find anchor item=Statement (location: (source ID: 53, lines: 114..115, bytes: 4053..4085), hits: 0) err=Could not find anchor: No matching instruction in range source ID: 53, lines: 114..115, bytes: 4053..4085
2026-09-08T09:08:57.233752Z  WARN foundry_evm_coverage::anchors: could not find anchor item=Line (location: (source ID: 53, lines: 115..116, bytes: 4099..4111), hits: 0) err=Could not find anchor: No matching instruction in range source ID: 53, lines: 115..116, bytes: 4099..4111
2026-09-08T09:08:57.233756Z  WARN foundry_evm_coverage::anchors: could not find anchor item=Statement (location: (source ID: 53, lines: 115..116, bytes: 4099..4111), hits: 0) err=Could not find anchor: No matching instruction in range source ID: 53, lines: 115..116, bytes: 4099..4111
2026-09-08T09:08:57.233759Z  WARN foundry_evm_coverage::anchors: could not find anchor item=Statement (location: (source ID: 53, lines: 115..116, bytes: 4113..4119), hits: 0) err=Could not find anchor: No matching instruction in range source ID: 53, lines: 115..116, bytes: 4113..4119
2026-09-08T09:08:57.233763Z  WARN foundry_evm_coverage::anchors: could not find anchor item=Branch (branch: 4, path: 0) (location: (source ID: 53, lines: 115..116, bytes: 4113..4119), hits: 0) err=Could not find anchor: No matching instruction in range source ID: 53, lines: 115..116, bytes: 4113..4119
2026-09-08T09:08:57.233766Z  WARN foundry_evm_coverage::anchors: could not find anchor item=Line (location: (source ID: 53, lines: 117..118, bytes: 4130..4168), hits: 0) err=Could not find anchor: No matching instruction in range source ID: 53, lines: 117..118, bytes: 4130..4168
2026-09-08T09:08:57.233769Z  WARN foundry_evm_coverage::anchors: could not find anchor item=Statement (location: (source ID: 53, lines: 117..118, bytes: 4130..4168), hits: 0) err=Could not find anchor: No matching instruction in range source ID: 53, lines: 117..118, bytes: 4130..4168
2026-09-08T09:08:57.233772Z  WARN foundry_evm_coverage::anchors: could not find anchor item=Statement (location: (source ID: 53, lines: 117..118, bytes: 4152..4168), hits: 0) err=Could not find anchor: No matching instruction in range source ID: 53, lines: 117..118, bytes: 4152..4168
2026-09-08T09:08:57.233775Z  WARN foundry_evm_coverage::anchors: could not find anchor item=Line (location: (source ID: 53, lines: 118..119, bytes: 4178..4210), hits: 0) err=Could not find anchor: No matching instruction in range source ID: 53, lines: 118..119, bytes: 4178..4210
2026-09-08T09:08:57.233779Z  WARN foundry_evm_coverage::anchors: could not find anchor item=Statement (location: (source ID: 53, lines: 118..119, bytes: 4178..4210), hits: 0) err=Could not find anchor: No matching instruction in range source ID: 53, lines: 118..119, bytes: 4178..4210
2026-09-08T09:08:57.233782Z  WARN foundry_evm_coverage::anchors: could not find anchor item=Line (location: (source ID: 53, lines: 120..121, bytes: 4228..4243), hits: 0) err=Could not find anchor: No matching instruction in range source ID: 53, lines: 120..121, bytes: 4228..4243
2026-09-08T09:08:57.233785Z  WARN foundry_evm_coverage::anchors: could not find anchor item=Statement (location: (source ID: 53, lines: 120..121, bytes: 4228..4243), hits: 0) err=Could not find anchor: No matching instruction in range source ID: 53, lines: 120..121, bytes: 4228..4243
2026-09-08T09:08:57.233788Z  WARN foundry_evm_coverage::anchors: could not find anchor item=Statement (location: (source ID: 53, lines: 120..121, bytes: 4228..4262), hits: 0) err=Could not find anchor: No matching instruction in range source ID: 53, lines: 120..121, bytes: 4228..4262
2026-09-08T09:08:57.233794Z  WARN foundry_evm_coverage::anchors: could not find anchor item=Statement (location: (source ID: 53, lines: 120..121, bytes: 4247..4262), hits: 0) err=Could not find anchor: No matching instruction in range source ID: 53, lines: 120..121, bytes: 4247..4262
2026-09-08T09:08:57.233798Z  WARN foundry_evm_coverage::anchors: could not find anchor item=Line (location: (source ID: 53, lines: 121..122, bytes: 4278..4323), hits: 0) err=Could not find anchor: No matching instruction in range source ID: 53, lines: 121..122, bytes: 4278..4323
2026-09-08T09:08:57.233801Z  WARN foundry_evm_coverage::anchors: could not find anchor item=Statement (location: (source ID: 53, lines: 121..122, bytes: 4278..4323), hits: 0) err=Could not find anchor: No matching instruction in range source ID: 53, lines: 121..122, bytes: 4278..4323
2026-09-08T09:08:57.233804Z  WARN foundry_evm_coverage::anchors: could not find anchor item=Line (location: (source ID: 53, lines: 122..123, bytes: 4337..4380), hits: 0) err=Could not find anchor: No matching instruction in range source ID: 53, lines: 122..123, bytes: 4337..4380
2026-09-08T09:08:57.233808Z  WARN foundry_evm_coverage::anchors: could not find anchor item=Statement (location: (source ID: 53, lines: 122..123, bytes: 4337..4380), hits: 0) err=Could not find anchor: No matching instruction in range source ID: 53, lines: 122..123, bytes: 4337..4380
2026-09-08T09:08:57.233811Z  WARN foundry_evm_coverage::anchors: could not find anchor item=Statement (location: (source ID: 53, lines: 122..123, bytes: 4357..4380), hits: 0) err=Could not find anchor: No matching instruction in range source ID: 53, lines: 122..123, bytes: 4357..4380
2026-09-08T09:08:57.233814Z  WARN foundry_evm_coverage::anchors: could not find anchor item=Line (location: (source ID: 53, lines: 123..124, bytes: 4398..4429), hits: 0) err=Could not find anchor: No matching instruction in range source ID: 53, lines: 123..124, bytes: 4398..4429
2026-09-08T09:08:57.233818Z  WARN foundry_evm_coverage::anchors: could not find anchor item=Statement (location: (source ID: 53, lines: 123..124, bytes: 4398..4429), hits: 0) err=Could not find anchor: No matching instruction in range source ID: 53, lines: 123..124, bytes: 4398..4429
2026-09-08T09:08:57.233821Z  WARN foundry_evm_coverage::anchors: could not find anchor item=Statement (location: (source ID: 53, lines: 123..124, bytes: 4415..4429), hits: 0) err=Could not find anchor: No matching instruction in range source ID: 53, lines: 123..124, bytes: 4415..4429
2026-09-08T09:08:57.233824Z  WARN foundry_evm_coverage::anchors: could not find anchor item=Branch (branch: 5, path: 0) (location: (source ID: 53, lines: 123..127, bytes: 4431..4498), hits: 0) err=Could not find anchor: No matching instruction in range source ID: 53, lines: 123..127, bytes: 4431..4498
2026-09-08T09:08:57.233827Z  WARN foundry_evm_coverage::anchors: could not find anchor item=Line (location: (source ID: 53, lines: 124..125, bytes: 4449..4457), hits: 0) err=Could not find anchor: No matching instruction in range source ID: 53, lines: 124..125, bytes: 4449..4457
2026-09-08T09:08:57.233830Z  WARN foundry_evm_coverage::anchors: could not find anchor item=Statement (location: (source ID: 53, lines: 124..125, bytes: 4449..4457), hits: 0) err=Could not find anchor: No matching instruction in range source ID: 53, lines: 124..125, bytes: 4449..4457
2026-09-08T09:08:57.233833Z  WARN foundry_evm_coverage::anchors: could not find anchor item=Line (location: (source ID: 53, lines: 125..126, bytes: 4475..4483), hits: 0) err=Could not find anchor: No matching instruction in range source ID: 53, lines: 125..126, bytes: 4475..4483
2026-09-08T09:08:57.233837Z  WARN foundry_evm_coverage::anchors: could not find anchor item=Statement (location: (source ID: 53, lines: 125..126, bytes: 4475..4483), hits: 0) err=Could not find anchor: No matching instruction in range source ID: 53, lines: 125..126, bytes: 4475..4483
2026-09-08T09:08:57.233840Z  WARN foundry_evm_coverage::anchors: could not find anchor item=Line (location: (source ID: 53, lines: 127..128, bytes: 4511..4575), hits: 0) err=Could not find anchor: No matching instruction in range source ID: 53, lines: 127..128, bytes: 4511..4575
2026-09-08T09:08:57.233845Z  WARN foundry_evm_coverage::anchors: could not find anchor item=Statement (location: (source ID: 53, lines: 127..128, bytes: 4511..4575), hits: 0) err=Could not find anchor: No matching instruction in range source ID: 53, lines: 127..128, bytes: 4511..4575
2026-09-08T09:08:57.233848Z  WARN foundry_evm_coverage::anchors: could not find anchor item=Statement (location: (source ID: 53, lines: 127..128, bytes: 4526..4575), hits: 0) err=Could not find anchor: No matching instruction in range source ID: 53, lines: 127..128, bytes: 4526..4575
2026-09-08T09:08:57.233851Z  WARN foundry_evm_coverage::anchors: could not find anchor item=Line (location: (source ID: 53, lines: 128..129, bytes: 4589..4607), hits: 0) err=Could not find anchor: No matching instruction in range source ID: 53, lines: 128..129, bytes: 4589..4607
2026-09-08T09:08:57.233855Z  WARN foundry_evm_coverage::anchors: could not find anchor item=Statement (location: (source ID: 53, lines: 128..129, bytes: 4589..4607), hits: 0) err=Could not find anchor: No matching instruction in range source ID: 53, lines: 128..129, bytes: 4589..4607
2026-09-08T09:08:57.233858Z  WARN foundry_evm_coverage::anchors: could not find anchor item=Line (location: (source ID: 53, lines: 129..130, bytes: 4621..4640), hits: 0) err=Could not find anchor: No matching instruction in range source ID: 53, lines: 129..130, bytes: 4621..4640
2026-09-08T09:08:57.233861Z  WARN foundry_evm_coverage::anchors: could not find anchor item=Statement (location: (source ID: 53, lines: 129..130, bytes: 4621..4640), hits: 0) err=Could not find anchor: No matching instruction in range source ID: 53, lines: 129..130, bytes: 4621..4640
2026-09-08T09:08:57.233864Z  WARN foundry_evm_coverage::anchors: could not find anchor item=Line (location: (source ID: 53, lines: 130..131, bytes: 4654..4677), hits: 0) err=Could not find anchor: No matching instruction in range source ID: 53, lines: 130..131, bytes: 4654..4677
2026-09-08T09:08:57.233868Z  WARN foundry_evm_coverage::anchors: could not find anchor item=Statement (location: (source ID: 53, lines: 130..131, bytes: 4654..4677), hits: 0) err=Could not find anchor: No matching instruction in range source ID: 53, lines: 130..131, bytes: 4654..4677
2026-09-08T09:08:57.233871Z  WARN foundry_evm_coverage::anchors: could not find anchor item=Line (location: (source ID: 53, lines: 131..132, bytes: 4695..4719), hits: 0) err=Could not find anchor: No matching instruction in range source ID: 53, lines: 131..132, bytes: 4695..4719
2026-09-08T09:08:57.233874Z  WARN foundry_evm_coverage::anchors: could not find anchor item=Statement (location: (source ID: 53, lines: 131..132, bytes: 4695..4719), hits: 0) err=Could not find anchor: No matching instruction in range source ID: 53, lines: 131..132, bytes: 4695..4719
2026-09-08T09:08:57.233877Z  WARN foundry_evm_coverage::anchors: could not find anchor item=Branch (branch: 6, path: 0) (location: (source ID: 53, lines: 131..134, bytes: 4721..4762), hits: 0) err=Could not find anchor: No matching instruction in range source ID: 53, lines: 131..134, bytes: 4721..4762
2026-09-08T09:08:57.233880Z  WARN foundry_evm_coverage::anchors: could not find anchor item=Line (location: (source ID: 53, lines: 132..133, bytes: 4739..4747), hits: 0) err=Could not find anchor: No matching instruction in range source ID: 53, lines: 132..133, bytes: 4739..4747
2026-09-08T09:08:57.233884Z  WARN foundry_evm_coverage::anchors: could not find anchor item=Statement (location: (source ID: 53, lines: 132..133, bytes: 4739..4747), hits: 0) err=Could not find anchor: No matching instruction in range source ID: 53, lines: 132..133, bytes: 4739..4747
2026-09-08T09:08:57.233887Z  WARN foundry_evm_coverage::anchors: could not find anchor item=Line (location: (source ID: 53, lines: 137..138, bytes: 4841..4882), hits: 0) err=Could not find anchor: No matching instruction in range source ID: 53, lines: 137..138, bytes: 4841..4882
2026-09-08T09:08:57.233893Z  WARN foundry_evm_coverage::anchors: could not find anchor item=Statement (location: (source ID: 53, lines: 137..138, bytes: 4841..4882), hits: 0) err=Could not find anchor: No matching instruction in range source ID: 53, lines: 137..138, bytes: 4841..4882
2026-09-08T09:08:57.233896Z  WARN foundry_evm_coverage::anchors: could not find anchor item=Line (location: (source ID: 53, lines: 140..166, bytes: 4895..5784), hits: 0) err=Could not find anchor: No matching instruction in range source ID: 53, lines: 140..166, bytes: 4895..5784
2026-09-08T09:08:57.233900Z  WARN foundry_evm_coverage::anchors: could not find anchor item=Function "_dripWithdrawBucket" (location: (source ID: 53, lines: 140..166, bytes: 4895..5784), hits: 0) err=Could not find anchor: No matching instruction in range source ID: 53, lines: 140..166, bytes: 4895..5784
2026-09-08T09:08:57.233903Z  WARN foundry_evm_coverage::anchors: could not find anchor item=Line (location: (source ID: 53, lines: 141..142, bytes: 4945..4978), hits: 0) err=Could not find anchor: No matching instruction in range source ID: 53, lines: 141..142, bytes: 4945..4978
2026-09-08T09:08:57.233906Z  WARN foundry_evm_coverage::anchors: could not find anchor item=Statement (location: (source ID: 53, lines: 141..142, bytes: 4945..4978), hits: 0) err=Could not find anchor: No matching instruction in range source ID: 53, lines: 141..142, bytes: 4945..4978
2026-09-08T09:08:57.233910Z  WARN foundry_evm_coverage::anchors: could not find anchor item=Line (location: (source ID: 53, lines: 142..143, bytes: 4988..5038), hits: 0) err=Could not find anchor: No matching instruction in range source ID: 53, lines: 142..143, bytes: 4988..5038
2026-09-08T09:08:57.233913Z  WARN foundry_evm_coverage::anchors: could not find anchor item=Statement (location: (source ID: 53, lines: 142..143, bytes: 4988..5038), hits: 0) err=Could not find anchor: No matching instruction in range source ID: 53, lines: 142..143, bytes: 4988..5038
2026-09-08T09:08:57.233916Z  WARN foundry_evm_coverage::anchors: could not find anchor item=Statement (location: (source ID: 53, lines: 142..143, bytes: 5006..5038), hits: 0) err=Could not find anchor: No matching instruction in range source ID: 53, lines: 142..143, bytes: 5006..5038
2026-09-08T09:08:57.233919Z  WARN foundry_evm_coverage::anchors: could not find anchor item=Line (location: (source ID: 53, lines: 143..144, bytes: 5052..5064), hits: 0) err=Could not find anchor: No matching instruction in range source ID: 53, lines: 143..144, bytes: 5052..5064
2026-09-08T09:08:57.233923Z  WARN foundry_evm_coverage::anchors: could not find anchor item=Statement (location: (source ID: 53, lines: 143..144, bytes: 5052..5064), hits: 0) err=Could not find anchor: No matching instruction in range source ID: 53, lines: 143..144, bytes: 5052..5064
2026-09-08T09:08:57.233926Z  WARN foundry_evm_coverage::anchors: could not find anchor item=Statement (location: (source ID: 53, lines: 143..144, bytes: 5066..5072), hits: 0) err=Could not find anchor: No matching instruction in range source ID: 53, lines: 143..144, bytes: 5066..5072
2026-09-08T09:08:57.233929Z  WARN foundry_evm_coverage::anchors: could not find anchor item=Branch (branch: 7, path: 0) (location: (source ID: 53, lines: 143..144, bytes: 5066..5072), hits: 0) err=Could not find anchor: No matching instruction in range source ID: 53, lines: 143..144, bytes: 5066..5072
2026-09-08T09:08:57.233933Z  WARN foundry_evm_coverage::anchors: could not find anchor item=Line (location: (source ID: 53, lines: 145..146, bytes: 5083..5121), hits: 0) err=Could not find anchor: No matching instruction in range source ID: 53, lines: 145..146, bytes: 5083..5121
2026-09-08T09:08:57.233936Z  WARN foundry_evm_coverage::anchors: could not find anchor item=Statement (location: (source ID: 53, lines: 145..146, bytes: 5083..5121), hits: 0) err=Could not find anchor: No matching instruction in range source ID: 53, lines: 145..146, bytes: 5083..5121
2026-09-08T09:08:57.233743Z  WARN foundry_evm_coverage::anchors: could not find anchor item=Line (location: (source ID: 54, lines: 80..81, bytes: 3036..3062), hits: 0) err=Could not find anchor: No matching instruction in range source ID: 54, lines: 80..81, bytes: 3036..3062
2026-09-08T09:08:57.233713Z  WARN foundry_evm_coverage::anchors: could not find anchor item=Line (location: (source ID: 57, lines: 52..53, bytes: 1757..1785), hits: 0) err=Could not find anchor: No matching instruction in range source ID: 57, lines: 52..53, bytes: 1757..1785
2026-09-08T09:08:57.233718Z  WARN foundry_evm_coverage::anchors: could not find anchor item=Statement (location: (source ID: 60, lines: 21..22, bytes: 581..598), hits: 0) err=Could not find anchor: No matching instruction in range source ID: 60, lines: 21..22, bytes: 581..598
2026-09-08T09:08:57.233943Z  WARN foundry_evm_coverage::anchors: could not find anchor item=Statement (location: (source ID: 53, lines: 145..146, bytes: 5105..5121), hits: 0) err=Could not find anchor: No matching instruction in range source ID: 53, lines: 145..146, bytes: 5105..5121
2026-09-08T09:08:57.233964Z  WARN foundry_evm_coverage::anchors: could not find anchor item=Line (location: (source ID: 53, lines: 146..147, bytes: 5131..5163), hits: 0) err=Could not find anchor: No matching instruction in range source ID: 53, lines: 146..147, bytes: 5131..5163
2026-09-08T09:08:57.233967Z  WARN foundry_evm_coverage::anchors: could not find anchor item=Statement (location: (source ID: 53, lines: 146..147, bytes: 5131..5163), hits: 0) err=Could not find anchor: No matching instruction in range source ID: 53, lines: 146..147, bytes: 5131..5163
2026-09-08T09:08:57.233971Z  WARN foundry_evm_coverage::anchors: could not find anchor item=Line (location: (source ID: 53, lines: 148..149, bytes: 5181..5196), hits: 0) err=Could not find anchor: No matching instruction in range source ID: 53, lines: 148..149, bytes: 5181..5196
2026-09-08T09:08:57.233974Z  WARN foundry_evm_coverage::anchors: could not find anchor item=Statement (location: (source ID: 53, lines: 148..149, bytes: 5181..5196), hits: 0) err=Could not find anchor: No matching instruction in range source ID: 53, lines: 148..149, bytes: 5181..5196
2026-09-08T09:08:57.233977Z  WARN foundry_evm_coverage::anchors: could not find anchor item=Statement (location: (source ID: 53, lines: 148..149, bytes: 5181..5215), hits: 0) err=Could not find anchor: No matching instruction in range source ID: 53, lines: 148..149, bytes: 5181..5215
2026-09-08T09:08:57.233981Z  WARN foundry_evm_coverage::anchors: could not find anchor item=Statement (location: (source ID: 53, lines: 148..149, bytes: 5200..5215), hits: 0) err=Could not find anchor: No matching instruction in range source ID: 53, lines: 148..149, bytes: 5200..5215
2026-09-08T09:08:57.233984Z  WARN foundry_evm_coverage::anchors: could not find anchor item=Line (location: (source ID: 53, lines: 149..150, bytes: 5231..5277), hits: 0) err=Could not find anchor: No matching instruction in range source ID: 53, lines: 149..150, bytes: 5231..5277
2026-09-08T09:08:57.233988Z  WARN foundry_evm_coverage::anchors: could not find anchor item=Statement (location: (source ID: 53, lines: 149..150, bytes: 5231..5277), hits: 0) err=Could not find anchor: No matching instruction in range source ID: 53, lines: 149..150, bytes: 5231..5277
2026-09-08T09:08:57.233991Z  WARN foundry_evm_coverage::anchors: could not find anchor item=Line (location: (source ID: 53, lines: 150..151, bytes: 5291..5334), hits: 0) err=Could not find anchor: No matching instruction in range source ID: 53, lines: 150..151, bytes: 5291..5334
2026-09-08T09:08:57.233995Z  WARN foundry_evm_coverage::anchors: could not find anchor item=Statement (location: (source ID: 53, lines: 150..151, bytes: 5291..5334), hits: 0) err=Could not find anchor: No matching instruction in range source ID: 53, lines: 150..151, bytes: 5291..5334
2026-09-08T09:08:57.233998Z  WARN foundry_evm_coverage::anchors: could not find anchor item=Statement (location: (source ID: 53, lines: 150..151, bytes: 5311..5334), hits: 0) err=Could not find anchor: No matching instruction in range source ID: 53, lines: 150..151, bytes: 5311..5334
2026-09-08T09:08:57.234003Z  WARN foundry_evm_coverage::anchors: could not find anchor item=Line (location: (source ID: 53, lines: 151..152, bytes: 5352..5383), hits: 0) err=Could not find anchor: No matching instruction in range source ID: 53, lines: 151..152, bytes: 5352..5383
2026-09-08T09:08:57.234007Z  WARN foundry_evm_coverage::anchors: could not find anchor item=Statement (location: (source ID: 53, lines: 151..152, bytes: 5352..5383), hits: 0) err=Could not find anchor: No matching instruction in range source ID: 53, lines: 151..152, bytes: 5352..5383
2026-09-08T09:08:57.234010Z  WARN foundry_evm_coverage::anchors: could not find anchor item=Statement (location: (source ID: 53, lines: 151..152, bytes: 5369..5383), hits: 0) err=Could not find anchor: No matching instruction in range source ID: 53, lines: 151..152, bytes: 5369..5383
2026-09-08T09:08:57.234013Z  WARN foundry_evm_coverage::anchors: could not find anchor item=Branch (branch: 8, path: 0) (location: (source ID: 53, lines: 151..155, bytes: 5385..5452), hits: 0) err=Could not find anchor: No matching instruction in range source ID: 53, lines: 151..155, bytes: 5385..5452
2026-09-08T09:08:57.234017Z  WARN foundry_evm_coverage::anchors: could not find anchor item=Line (location: (source ID: 53, lines: 152..153, bytes: 5403..5411), hits: 0) err=Could not find anchor: No matching instruction in range source ID: 53, lines: 152..153, bytes: 5403..5411
2026-09-08T09:08:57.234020Z  WARN foundry_evm_coverage::anchors: could not find anchor item=Statement (location: (source ID: 53, lines: 152..153, bytes: 5403..5411), hits: 0) err=Could not find anchor: No matching instruction in range source ID: 53, lines: 152..153, bytes: 5403..5411
2026-09-08T09:08:57.234023Z  WARN foundry_evm_coverage::anchors: could not find anchor item=Line (location: (source ID: 53, lines: 153..154, bytes: 5429..5437), hits: 0) err=Could not find anchor: No matching instruction in range source ID: 53, lines: 153..154, bytes: 5429..5437
2026-09-08T09:08:57.234026Z  WARN foundry_evm_coverage::anchors: could not find anchor item=Statement (location: (source ID: 53, lines: 153..154, bytes: 5429..5437), hits: 0) err=Could not find anchor: No matching instruction in range source ID: 53, lines: 153..154, bytes: 5429..5437
2026-09-08T09:08:57.234029Z  WARN foundry_evm_coverage::anchors: could not find anchor item=Line (location: (source ID: 53, lines: 155..156, bytes: 5465..5529), hits: 0) err=Could not find anchor: No matching instruction in range source ID: 53, lines: 155..156, bytes: 5465..5529
2026-09-08T09:08:57.233951Z  WARN foundry_evm_coverage::anchors: could not find anchor item=Statement (location: (source ID: 54, lines: 80..81, bytes: 3036..3062), hits: 0) err=Could not find anchor: No matching instruction in range source ID: 54, lines: 80..81, bytes: 3036..3062
2026-09-08T09:08:57.233955Z  WARN foundry_evm_coverage::anchors: could not find anchor item=Statement (location: (source ID: 57, lines: 52..53, bytes: 1757..1785), hits: 0) err=Could not find anchor: No matching instruction in range source ID: 57, lines: 52..53, bytes: 1757..1785
2026-09-08T09:08:57.234033Z  WARN foundry_evm_coverage::anchors: could not find anchor item=Statement (location: (source ID: 53, lines: 155..156, bytes: 5465..5529), hits: 0) err=Could not find anchor: No matching instruction in range source ID: 53, lines: 155..156, bytes: 5465..5529
2026-09-08T09:08:57.234049Z  WARN foundry_evm_coverage::anchors: could not find anchor item=Statement (location: (source ID: 53, lines: 155..156, bytes: 5480..5529), hits: 0) err=Could not find anchor: No matching instruction in range source ID: 53, lines: 155..156, bytes: 5480..5529
2026-09-08T09:08:57.234053Z  WARN foundry_evm_coverage::anchors: could not find anchor item=Line (location: (source ID: 53, lines: 156..157, bytes: 5543..5561), hits: 0) err=Could not find anchor: No matching instruction in range source ID: 53, lines: 156..157, bytes: 5543..5561
2026-09-08T09:08:57.234059Z  WARN foundry_evm_coverage::anchors: could not find anchor item=Statement (location: (source ID: 53, lines: 156..157, bytes: 5543..5561), hits: 0) err=Could not find anchor: No matching instruction in range source ID: 53, lines: 156..157, bytes: 5543..5561
2026-09-08T09:08:57.234062Z  WARN foundry_evm_coverage::anchors: could not find anchor item=Line (location: (source ID: 53, lines: 157..158, bytes: 5575..5594), hits: 0) err=Could not find anchor: No matching instruction in range source ID: 53, lines: 157..158, bytes: 5575..5594
2026-09-08T09:08:57.234066Z  WARN foundry_evm_coverage::anchors: could not find anchor item=Statement (location: (source ID: 53, lines: 157..158, bytes: 5575..5594), hits: 0) err=Could not find anchor: No matching instruction in range source ID: 53, lines: 157..158, bytes: 5575..5594
2026-09-08T09:08:57.234069Z  WARN foundry_evm_coverage::anchors: could not find anchor item=Line (location: (source ID: 53, lines: 158..159, bytes: 5608..5631), hits: 0) err=Could not find anchor: No matching instruction in range source ID: 53, lines: 158..159, bytes: 5608..5631
2026-09-08T09:08:57.234073Z  WARN foundry_evm_coverage::anchors: could not find anchor item=Statement (location: (source ID: 53, lines: 158..159, bytes: 5608..5631), hits: 0) err=Could not find anchor: No matching instruction in range source ID: 53, lines: 158..159, bytes: 5608..5631
2026-09-08T09:08:57.234076Z  WARN foundry_evm_coverage::anchors: could not find anchor item=Line (location: (source ID: 53, lines: 159..160, bytes: 5649..5673), hits: 0) err=Could not find anchor: No matching instruction in range source ID: 53, lines: 159..160, bytes: 5649..5673
2026-09-08T09:08:57.234079Z  WARN foundry_evm_coverage::anchors: could not find anchor item=Statement (location: (source ID: 53, lines: 159..160, bytes: 5649..5673), hits: 0) err=Could not find anchor: No matching instruction in range source ID: 53, lines: 159..160, bytes: 5649..5673
2026-09-08T09:08:57.234082Z  WARN foundry_evm_coverage::anchors: could not find anchor item=Branch (branch: 9, path: 0) (location: (source ID: 53, lines: 159..162, bytes: 5675..5716), hits: 0) err=Could not find anchor: No matching instruction in range source ID: 53, lines: 159..162, bytes: 5675..5716
2026-09-08T09:08:57.234086Z  WARN foundry_evm_coverage::anchors: could not find anchor item=Line (location: (source ID: 53, lines: 160..161, bytes: 5693..5701), hits: 0) err=Could not find anchor: No matching instruction in range source ID: 53, lines: 160..161, bytes: 5693..5701
2026-09-08T09:08:57.234089Z  WARN foundry_evm_coverage::anchors: could not find anchor item=Statement (location: (source ID: 53, lines: 160..161, bytes: 5693..5701), hits: 0) err=Could not find anchor: No matching instruction in range source ID: 53, lines: 160..161, bytes: 5693..5701
2026-09-08T09:08:57.234092Z  WARN foundry_evm_coverage::anchors: could not find anchor item=Line (location: (source ID: 53, lines: 164..165, bytes: 5736..5777), hits: 0) err=Could not find anchor: No matching instruction in range source ID: 53, lines: 164..165, bytes: 5736..5777
2026-09-08T09:08:57.234095Z  WARN foundry_evm_coverage::anchors: could not find anchor item=Statement (location: (source ID: 53, lines: 164..165, bytes: 5736..5777), hits: 0) err=Could not find anchor: No matching instruction in range source ID: 53, lines: 164..165, bytes: 5736..5777
2026-09-08T09:08:57.234098Z  WARN foundry_evm_coverage::anchors: could not find anchor item=Line (location: (source ID: 53, lines: 167..171, bytes: 5790..5884), hits: 0) err=Could not find anchor: No matching instruction in range source ID: 53, lines: 167..171, bytes: 5790..5884
2026-09-08T09:08:57.234102Z  WARN foundry_evm_coverage::anchors: could not find anchor item=Function "_drip" (location: (source ID: 53, lines: 167..171, bytes: 5790..5884), hits: 0) err=Could not find anchor: No matching instruction in range source ID: 53, lines: 167..171, bytes: 5790..5884
2026-09-08T09:08:57.234105Z  WARN foundry_evm_coverage::anchors: could not find anchor item=Line (location: (source ID: 53, lines: 168..169, bytes: 5826..5846), hits: 0) err=Could not find anchor: No matching instruction in range source ID: 53, lines: 168..169, bytes: 5826..5846
2026-09-08T09:08:57.234114Z  WARN foundry_evm_coverage::anchors: could not find anchor item=Statement (location: (source ID: 53, lines: 168..169, bytes: 5826..5846), hits: 0) err=Could not find anchor: No matching instruction in range source ID: 53, lines: 168..169, bytes: 5826..5846
2026-09-08T09:08:57.234117Z  WARN foundry_evm_coverage::anchors: could not find anchor item=Line (location: (source ID: 53, lines: 169..170, bytes: 5856..5877), hits: 0) err=Could not find anchor: No matching instruction in range source ID: 53, lines: 169..170, bytes: 5856..5877
2026-09-08T09:08:57.234120Z  WARN foundry_evm_coverage::anchors: could not find anchor item=Statement (location: (source ID: 53, lines: 169..170, bytes: 5856..5877), hits: 0) err=Could not find anchor: No matching instruction in range source ID: 53, lines: 169..170, bytes: 5856..5877
2026-09-08T09:08:57.234123Z  WARN foundry_evm_coverage::anchors: could not find anchor item=Line (location: (source ID: 53, lines: 172..188, bytes: 5890..6586), hits: 0) err=Could not find anchor: No matching instruction in range source ID: 53, lines: 172..188, bytes: 5890..6586
2026-09-08T09:08:57.234127Z  WARN foundry_evm_coverage::anchors: could not find anchor item=Function "requestDeposit" (location: (source ID: 53, lines: 172..188, bytes: 5890..6586), hits: 0) err=Could not find anchor: No matching instruction in range source ID: 53, lines: 172..188, bytes: 5890..6586
2026-09-08T09:08:57.234130Z  WARN foundry_evm_coverage::anchors: could not find anchor item=Line (location: (source ID: 53, lines: 173..174, bytes: 6008..6019), hits: 0) err=Could not find anchor: No matching instruction in range source ID: 53, lines: 173..174, bytes: 6008..6019
2026-09-08T09:08:57.234133Z  WARN foundry_evm_coverage::anchors: could not find anchor item=Statement (location: (source ID: 53, lines: 173..174, bytes: 6008..6019), hits: 0) err=Could not find anchor: No matching instruction in range source ID: 53, lines: 173..174, bytes: 6008..6019
2026-09-08T09:08:57.234137Z  WARN foundry_evm_coverage::anchors: could not find anchor item=Statement (location: (source ID: 53, lines: 173..174, bytes: 6021..6040), hits: 0) err=Could not find anchor: No matching instruction in range source ID: 53, lines: 173..174, bytes: 6021..6040
2026-09-08T09:08:57.234140Z  WARN foundry_evm_coverage::anchors: could not find anchor item=Branch (branch: 10, path: 0) (location: (source ID: 53, lines: 173..174, bytes: 6021..6040), hits: 0) err=Could not find anchor: No matching instruction in range source ID: 53, lines: 173..174, bytes: 6021..6040
2026-09-08T09:08:57.234143Z  WARN foundry_evm_coverage::anchors: could not find anchor item=Line (location: (source ID: 53, lines: 174..175, bytes: 6050..6070), hits: 0) err=Could not find anchor: No matching instruction in range source ID: 53, lines: 174..175, bytes: 6050..6070
2026-09-08T09:08:57.234147Z  WARN foundry_evm_coverage::anchors: could not find anchor item=Statement (location: (source ID: 53, lines: 174..175, bytes: 6050..6070), hits: 0) err=Could not find anchor: No matching instruction in range source ID: 53, lines: 174..175, bytes: 6050..6070
2026-09-08T09:08:57.234150Z  WARN foundry_evm_coverage::anchors: could not find anchor item=Line (location: (source ID: 53, lines: 175..176, bytes: 6080..6112), hits: 0) err=Could not find anchor: No matching instruction in range source ID: 53, lines: 175..176, bytes: 6080..6112
2026-09-08T09:08:57.234153Z  WARN foundry_evm_coverage::anchors: could not find anchor item=Statement (location: (source ID: 53, lines: 175..176, bytes: 6080..6112), hits: 0) err=Could not find anchor: No matching instruction in range source ID: 53, lines: 175..176, bytes: 6080..6112
2026-09-08T09:08:57.234157Z  WARN foundry_evm_coverage::anchors: could not find anchor item=Line (location: (source ID: 53, lines: 176..177, bytes: 6126..6150), hits: 0) err=Could not find anchor: No matching instruction in range source ID: 53, lines: 176..177, bytes: 6126..6150
2026-09-08T09:08:57.234162Z  WARN foundry_evm_coverage::anchors: could not find anchor item=Statement (location: (source ID: 53, lines: 176..177, bytes: 6126..6150), hits: 0) err=Could not find anchor: No matching instruction in range source ID: 53, lines: 176..177, bytes: 6126..6150
2026-09-08T09:08:57.234165Z  WARN foundry_evm_coverage::anchors: could not find anchor item=Statement (location: (source ID: 53, lines: 176..177, bytes: 6126..6163), hits: 0) err=Could not find anchor: No matching instruction in range source ID: 53, lines: 176..177, bytes: 6126..6163
2026-09-08T09:08:57.234168Z  WARN foundry_evm_coverage::anchors: could not find anchor item=Statement (location: (source ID: 53, lines: 176..177, bytes: 6165..6190), hits: 0) err=Could not find anchor: No matching instruction in range source ID: 53, lines: 176..177, bytes: 6165..6190
2026-09-08T09:08:57.234171Z  WARN foundry_evm_coverage::anchors: could not find anchor item=Branch (branch: 11, path: 0) (location: (source ID: 53, lines: 176..177, bytes: 6165..6190), hits: 0) err=Could not find anchor: No matching instruction in range source ID: 53, lines: 176..177, bytes: 6165..6190
2026-09-08T09:08:57.234175Z  WARN foundry_evm_coverage::anchors: could not find anchor item=Line (location: (source ID: 53, lines: 178..179, bytes: 6201..6259), hits: 0) err=Could not find anchor: No matching instruction in range source ID: 53, lines: 178..179, bytes: 6201..6259
2026-09-08T09:08:57.234178Z  WARN foundry_evm_coverage::anchors: could not find anchor item=Statement (location: (source ID: 53, lines: 178..179, bytes: 6201..6259), hits: 0) err=Could not find anchor: No matching instruction in range source ID: 53, lines: 178..179, bytes: 6201..6259
2026-09-08T09:08:57.234181Z  WARN foundry_evm_coverage::anchors: could not find anchor item=Line (location: (source ID: 53, lines: 180..181, bytes: 6270..6290), hits: 0) err=Could not find anchor: No matching instruction in range source ID: 53, lines: 180..181, bytes: 6270..6290
2026-09-08T09:08:57.234184Z  WARN foundry_evm_coverage::anchors: could not find anchor item=Statement (location: (source ID: 53, lines: 180..181, bytes: 6270..6290), hits: 0) err=Could not find anchor: No matching instruction in range source ID: 53, lines: 180..181, bytes: 6270..6290
2026-09-08T09:08:57.234188Z  WARN foundry_evm_coverage::anchors: could not find anchor item=Line (location: (source ID: 53, lines: 181..183, bytes: 6300..6426), hits: 0) err=Could not find anchor: No matching instruction in range source ID: 53, lines: 181..183, bytes: 6300..6426
2026-09-08T09:08:57.234191Z  WARN foundry_evm_coverage::anchors: could not find anchor item=Statement (location: (source ID: 53, lines: 181..183, bytes: 6300..6426), hits: 0) err=Could not find anchor: No matching instruction in range source ID: 53, lines: 181..183, bytes: 6300..6426
2026-09-08T09:08:57.234194Z  WARN foundry_evm_coverage::anchors: could not find anchor item=Line (location: (source ID: 53, lines: 183..184, bytes: 6436..6481), hits: 0) err=Could not find anchor: No matching instruction in range source ID: 53, lines: 183..184, bytes: 6436..6481
2026-09-08T09:08:57.234041Z  WARN foundry_evm_coverage::anchors: could not find anchor item=Line (location: (source ID: 54, lines: 81..82, bytes: 3072..3102), hits: 0) err=Could not find anchor: No matching instruction in range source ID: 54, lines: 81..82, bytes: 3072..3102
2026-09-08T09:08:57.234198Z  WARN foundry_evm_coverage::anchors: could not find anchor item=Statement (location: (source ID: 53, lines: 183..184, bytes: 6436..6481), hits: 0) err=Could not find anchor: No matching instruction in range source ID: 53, lines: 183..184, bytes: 6436..6481
2026-09-08T09:08:57.234208Z  WARN foundry_evm_coverage::anchors: could not find anchor item=Line (location: (source ID: 53, lines: 184..185, bytes: 6491..6516), hits: 0) err=Could not find anchor: No matching instruction in range source ID: 53, lines: 184..185, bytes: 6491..6516
2026-09-08T09:08:57.234214Z  WARN foundry_evm_coverage::anchors: could not find anchor item=Statement (location: (source ID: 53, lines: 184..185, bytes: 6491..6516), hits: 0) err=Could not find anchor: No matching instruction in range source ID: 53, lines: 184..185, bytes: 6491..6516
2026-09-08T09:08:57.234217Z  WARN foundry_evm_coverage::anchors: could not find anchor item=Line (location: (source ID: 53, lines: 186..187, bytes: 6527..6579), hits: 0) err=Could not find anchor: No matching instruction in range source ID: 53, lines: 186..187, bytes: 6527..6579
2026-09-08T09:08:57.234220Z  WARN foundry_evm_coverage::anchors: could not find anchor item=Statement (location: (source ID: 53, lines: 186..187, bytes: 6527..6579), hits: 0) err=Could not find anchor: No matching instruction in range source ID: 53, lines: 186..187, bytes: 6527..6579
2026-09-08T09:08:57.234224Z  WARN foundry_evm_coverage::anchors: could not find anchor item=Line (location: (source ID: 53, lines: 189..205, bytes: 6592..7280), hits: 0) err=Could not find anchor: No matching instruction in range source ID: 53, lines: 189..205, bytes: 6592..7280
2026-09-08T09:08:57.234227Z  WARN foundry_evm_coverage::anchors: could not find anchor item=Function "requestWithdraw" (location: (source ID: 53, lines: 189..205, bytes: 6592..7280), hits: 0) err=Could not find anchor: No matching instruction in range source ID: 53, lines: 189..205, bytes: 6592..7280
2026-09-08T09:08:57.234230Z  WARN foundry_evm_coverage::anchors: could not find anchor item=Line (location: (source ID: 53, lines: 190..191, bytes: 6711..6722), hits: 0) err=Could not find anchor: No matching instruction in range source ID: 53, lines: 190..191, bytes: 6711..6722
2026-09-08T09:08:57.234233Z  WARN foundry_evm_coverage::anchors: could not find anchor item=Statement (location: (source ID: 53, lines: 190..191, bytes: 6711..6722), hits: 0) err=Could not find anchor: No matching instruction in range source ID: 53, lines: 190..191, bytes: 6711..6722
2026-09-08T09:08:57.234237Z  WARN foundry_evm_coverage::anchors: could not find anchor item=Statement (location: (source ID: 53, lines: 190..191, bytes: 6724..6743), hits: 0) err=Could not find anchor: No matching instruction in range source ID: 53, lines: 190..191, bytes: 6724..6743
2026-09-08T09:08:57.234240Z  WARN foundry_evm_coverage::anchors: could not find anchor item=Branch (branch: 12, path: 0) (location: (source ID: 53, lines: 190..191, bytes: 6724..6743), hits: 0) err=Could not find anchor: No matching instruction in range source ID: 53, lines: 190..191, bytes: 6724..6743
2026-09-08T09:08:57.234243Z  WARN foundry_evm_coverage::anchors: could not find anchor item=Line (location: (source ID: 53, lines: 191..192, bytes: 6753..6774), hits: 0) err=Could not find anchor: No matching instruction in range source ID: 53, lines: 191..192, bytes: 6753..6774
2026-09-08T09:08:57.234246Z  WARN foundry_evm_coverage::anchors: could not find anchor item=Statement (location: (source ID: 53, lines: 191..192, bytes: 6753..6774), hits: 0) err=Could not find anchor: No matching instruction in range source ID: 53, lines: 191..192, bytes: 6753..6774
2026-09-08T09:08:57.234250Z  WARN foundry_evm_coverage::anchors: could not find anchor item=Line (location: (source ID: 53, lines: 192..193, bytes: 6784..6817), hits: 0) err=Could not find anchor: No matching instruction in range source ID: 53, lines: 192..193, bytes: 6784..6817
2026-09-08T09:08:57.234253Z  WARN foundry_evm_coverage::anchors: could not find anchor item=Statement (location: (source ID: 53, lines: 192..193, bytes: 6784..6817), hits: 0) err=Could not find anchor: No matching instruction in range source ID: 53, lines: 192..193, bytes: 6784..6817
2026-09-08T09:08:57.234256Z  WARN foundry_evm_coverage::anchors: could not find anchor item=Line (location: (source ID: 53, lines: 193..194, bytes: 6831..6855), hits: 0) err=Could not find anchor: No matching instruction in range source ID: 53, lines: 193..194, bytes: 6831..6855
2026-09-08T09:08:57.234260Z  WARN foundry_evm_coverage::anchors: could not find anchor item=Statement (location: (source ID: 53, lines: 193..194, bytes: 6831..6855), hits: 0) err=Could not find anchor: No matching instruction in range source ID: 53, lines: 193..194, bytes: 6831..6855
2026-09-08T09:08:57.234265Z  WARN foundry_evm_coverage::anchors: could not find anchor item=Statement (location: (source ID: 53, lines: 193..194, bytes: 6831..6868), hits: 0) err=Could not find anchor: No matching instruction in range source ID: 53, lines: 193..194, bytes: 6831..6868
2026-09-08T09:08:57.234268Z  WARN foundry_evm_coverage::anchors: could not find anchor item=Statement (location: (source ID: 53, lines: 193..194, bytes: 6870..6895), hits: 0) err=Could not find anchor: No matching instruction in range source ID: 53, lines: 193..194, bytes: 6870..6895
2026-09-08T09:08:57.234272Z  WARN foundry_evm_coverage::anchors: could not find anchor item=Branch (branch: 13, path: 0) (location: (source ID: 53, lines: 193..194, bytes: 6870..6895), hits: 0) err=Could not find anchor: No matching instruction in range source ID: 53, lines: 193..194, bytes: 6870..6895
2026-09-08T09:08:57.234275Z  WARN foundry_evm_coverage::anchors: could not find anchor item=Line (location: (source ID: 53, lines: 195..196, bytes: 6906..6950), hits: 0) err=Could not find anchor: No matching instruction in range source ID: 53, lines: 195..196, bytes: 6906..6950
2026-09-08T09:08:57.234278Z  WARN foundry_evm_coverage::anchors: could not find anchor item=Statement (location: (source ID: 53, lines: 195..196, bytes: 6906..6950), hits: 0) err=Could not find anchor: No matching instruction in range source ID: 53, lines: 195..196, bytes: 6906..6950
2026-09-08T09:08:57.234281Z  WARN foundry_evm_coverage::anchors: could not find anchor item=Line (location: (source ID: 53, lines: 197..198, bytes: 6961..6981), hits: 0) err=Could not find anchor: No matching instruction in range source ID: 53, lines: 197..198, bytes: 6961..6981
2026-09-08T09:08:57.234285Z  WARN foundry_evm_coverage::anchors: could not find anchor item=Statement (location: (source ID: 53, lines: 197..198, bytes: 6961..6981), hits: 0) err=Could not find anchor: No matching instruction in range source ID: 53, lines: 197..198, bytes: 6961..6981
2026-09-08T09:08:57.234288Z  WARN foundry_evm_coverage::anchors: could not find anchor item=Line (location: (source ID: 53, lines: 198..200, bytes: 6991..7118), hits: 0) err=Could not find anchor: No matching instruction in range source ID: 53, lines: 198..200, bytes: 6991..7118
2026-09-08T09:08:57.234291Z  WARN foundry_evm_coverage::anchors: could not find anchor item=Statement (location: (source ID: 53, lines: 198..200, bytes: 6991..7118), hits: 0) err=Could not find anchor: No matching instruction in range source ID: 53, lines: 198..200, bytes: 6991..7118
2026-09-08T09:08:57.234294Z  WARN foundry_evm_coverage::anchors: could not find anchor item=Line (location: (source ID: 53, lines: 200..201, bytes: 7128..7174), hits: 0) err=Could not find anchor: No matching instruction in range source ID: 53, lines: 200..201, bytes: 7128..7174
2026-09-08T09:08:57.234297Z  WARN foundry_evm_coverage::anchors: could not find anchor item=Statement (location: (source ID: 53, lines: 200..201, bytes: 7128..7174), hits: 0) err=Could not find anchor: No matching instruction in range source ID: 53, lines: 200..201, bytes: 7128..7174
2026-09-08T09:08:57.234301Z  WARN foundry_evm_coverage::anchors: could not find anchor item=Line (location: (source ID: 53, lines: 201..202, bytes: 7184..7209), hits: 0) err=Could not find anchor: No matching instruction in range source ID: 53, lines: 201..202, bytes: 7184..7209
2026-09-08T09:08:57.234304Z  WARN foundry_evm_coverage::anchors: could not find anchor item=Statement (location: (source ID: 53, lines: 201..202, bytes: 7184..7209), hits: 0) err=Could not find anchor: No matching instruction in range source ID: 53, lines: 201..202, bytes: 7184..7209
2026-09-08T09:08:57.234307Z  WARN foundry_evm_coverage::anchors: could not find anchor item=Line (location: (source ID: 53, lines: 203..204, bytes: 7220..7273), hits: 0) err=Could not find anchor: No matching instruction in range source ID: 53, lines: 203..204, bytes: 7220..7273
2026-09-08T09:08:57.234313Z  WARN foundry_evm_coverage::anchors: could not find anchor item=Statement (location: (source ID: 53, lines: 203..204, bytes: 7220..7273), hits: 0) err=Could not find anchor: No matching instruction in range source ID: 53, lines: 203..204, bytes: 7220..7273
2026-09-08T09:08:57.234316Z  WARN foundry_evm_coverage::anchors: could not find anchor item=Line (location: (source ID: 53, lines: 206..224, bytes: 7286..7997), hits: 0) err=Could not find anchor: No matching instruction in range source ID: 53, lines: 206..224, bytes: 7286..7997
2026-09-08T09:08:57.234319Z  WARN foundry_evm_coverage::anchors: could not find anchor item=Function "cancelDepositRequest" (location: (source ID: 53, lines: 206..224, bytes: 7286..7997), hits: 0) err=Could not find anchor: No matching instruction in range source ID: 53, lines: 206..224, bytes: 7286..7997
2026-09-08T09:08:57.234323Z  WARN foundry_evm_coverage::anchors: could not find anchor item=Line (location: (source ID: 53, lines: 207..208, bytes: 7367..7415), hits: 0) err=Could not find anchor: No matching instruction in range source ID: 53, lines: 207..208, bytes: 7367..7415
2026-09-08T09:08:57.234326Z  WARN foundry_evm_coverage::anchors: could not find anchor item=Statement (location: (source ID: 53, lines: 207..208, bytes: 7367..7415), hits: 0) err=Could not find anchor: No matching instruction in range source ID: 53, lines: 207..208, bytes: 7367..7415
2026-09-08T09:08:57.234329Z  WARN foundry_evm_coverage::anchors: could not find anchor item=Line (location: (source ID: 53, lines: 208..209, bytes: 7429..7452), hits: 0) err=Could not find anchor: No matching instruction in range source ID: 53, lines: 208..209, bytes: 7429..7452
2026-09-08T09:08:57.234332Z  WARN foundry_evm_coverage::anchors: could not find anchor item=Statement (location: (source ID: 53, lines: 208..209, bytes: 7429..7452), hits: 0) err=Could not find anchor: No matching instruction in range source ID: 53, lines: 208..209, bytes: 7429..7452
2026-09-08T09:08:57.234335Z  WARN foundry_evm_coverage::anchors: could not find anchor item=Statement (location: (source ID: 53, lines: 208..209, bytes: 7454..7478), hits: 0) err=Could not find anchor: No matching instruction in range source ID: 53, lines: 208..209, bytes: 7454..7478
2026-09-08T09:08:57.234339Z  WARN foundry_evm_coverage::anchors: could not find anchor item=Branch (branch: 14, path: 0) (location: (source ID: 53, lines: 208..209, bytes: 7454..7478), hits: 0) err=Could not find anchor: No matching instruction in range source ID: 53, lines: 208..209, bytes: 7454..7478
2026-09-08T09:08:57.234342Z  WARN foundry_evm_coverage::anchors: could not find anchor item=Line (location: (source ID: 53, lines: 209..210, bytes: 7507..7532), hits: 0) err=Could not find anchor: No matching instruction in range source ID: 53, lines: 209..210, bytes: 7507..7532
2026-09-08T09:08:57.234345Z  WARN foundry_evm_coverage::anchors: could not find anchor item=Statement (location: (source ID: 53, lines: 209..210, bytes: 7507..7532), hits: 0) err=Could not find anchor: No matching instruction in range source ID: 53, lines: 209..210, bytes: 7507..7532
2026-09-08T09:08:57.234348Z  WARN foundry_evm_coverage::anchors: could not find anchor item=Branch (branch: 15, path: 0) (location: (source ID: 53, lines: 209..210, bytes: 7507..7532), hits: 0) err=Could not find anchor: No matching instruction in range source ID: 53, lines: 209..210, bytes: 7507..7532
2026-09-08T09:08:57.234352Z  WARN foundry_evm_coverage::anchors: could not find anchor item=Line (location: (source ID: 53, lines: 210..211, bytes: 7542..7585), hits: 0) err=Could not find anchor: No matching instruction in range source ID: 53, lines: 210..211, bytes: 7542..7585
2026-09-08T09:08:57.234355Z  WARN foundry_evm_coverage::anchors: could not find anchor item=Statement (location: (source ID: 53, lines: 210..211, bytes: 7542..7585), hits: 0) err=Could not find anchor: No matching instruction in range source ID: 53, lines: 210..211, bytes: 7542..7585
2026-09-08T09:08:57.234360Z  WARN foundry_evm_coverage::anchors: could not find anchor item=Statement (location: (source ID: 53, lines: 210..211, bytes: 7562..7585), hits: 0) err=Could not find anchor: No matching instruction in range source ID: 53, lines: 210..211, bytes: 7562..7585
2026-09-08T09:08:57.234363Z  WARN foundry_evm_coverage::anchors: could not find anchor item=Line (location: (source ID: 53, lines: 211..212, bytes: 7599..7613), hits: 0) err=Could not find anchor: No matching instruction in range source ID: 53, lines: 211..212, bytes: 7599..7613
2026-09-08T09:08:57.234366Z  WARN foundry_evm_coverage::anchors: could not find anchor item=Statement (location: (source ID: 53, lines: 211..212, bytes: 7599..7613), hits: 0) err=Could not find anchor: No matching instruction in range source ID: 53, lines: 211..212, bytes: 7599..7613
2026-09-08T09:08:57.234370Z  WARN foundry_evm_coverage::anchors: could not find anchor item=Statement (location: (source ID: 53, lines: 211..212, bytes: 7615..7640), hits: 0) err=Could not find anchor: No matching instruction in range source ID: 53, lines: 211..212, bytes: 7615..7640
2026-09-08T09:08:57.234373Z  WARN foundry_evm_coverage::anchors: could not find anchor item=Branch (branch: 16, path: 0) (location: (source ID: 53, lines: 211..212, bytes: 7615..7640), hits: 0) err=Could not find anchor: No matching instruction in range source ID: 53, lines: 211..212, bytes: 7615..7640
2026-09-08T09:08:57.234377Z  WARN foundry_evm_coverage::anchors: could not find anchor item=Line (location: (source ID: 53, lines: 213..214, bytes: 7651..7671), hits: 0) err=Could not find anchor: No matching instruction in range source ID: 53, lines: 213..214, bytes: 7651..7671
2026-09-08T09:08:57.234380Z  WARN foundry_evm_coverage::anchors: could not find anchor item=Statement (location: (source ID: 53, lines: 213..214, bytes: 7651..7671), hits: 0) err=Could not find anchor: No matching instruction in range source ID: 53, lines: 213..214, bytes: 7651..7671
2026-09-08T09:08:57.234383Z  WARN foundry_evm_coverage::anchors: could not find anchor item=Line (location: (source ID: 53, lines: 214..215, bytes: 7681..7721), hits: 0) err=Could not find anchor: No matching instruction in range source ID: 53, lines: 214..215, bytes: 7681..7721
2026-09-08T09:08:57.234387Z  WARN foundry_evm_coverage::anchors: could not find anchor item=Statement (location: (source ID: 53, lines: 214..215, bytes: 7681..7721), hits: 0) err=Could not find anchor: No matching instruction in range source ID: 53, lines: 214..215, bytes: 7681..7721
2026-09-08T09:08:57.234390Z  WARN foundry_evm_coverage::anchors: could not find anchor item=Line (location: (source ID: 53, lines: 216..217, bytes: 7732..7796), hits: 0) err=Could not find anchor: No matching instruction in range source ID: 53, lines: 216..217, bytes: 7732..7796
2026-09-08T09:08:57.234393Z  WARN foundry_evm_coverage::anchors: could not find anchor item=Statement (location: (source ID: 53, lines: 216..217, bytes: 7732..7796), hits: 0) err=Could not find anchor: No matching instruction in range source ID: 53, lines: 216..217, bytes: 7732..7796
2026-09-08T09:08:57.234396Z  WARN foundry_evm_coverage::anchors: could not find anchor item=Statement (location: (source ID: 53, lines: 216..217, bytes: 7750..7796), hits: 0) err=Could not find anchor: No matching instruction in range source ID: 53, lines: 216..217, bytes: 7750..7796
2026-09-08T09:08:57.234399Z  WARN foundry_evm_coverage::anchors: could not find anchor item=Line (location: (source ID: 53, lines: 217..218, bytes: 7806..7842), hits: 0) err=Could not find anchor: No matching instruction in range source ID: 53, lines: 217..218, bytes: 7806..7842
2026-09-08T09:08:57.234403Z  WARN foundry_evm_coverage::anchors: could not find anchor item=Statement (location: (source ID: 53, lines: 217..218, bytes: 7806..7842), hits: 0) err=Could not find anchor: No matching instruction in range source ID: 53, lines: 217..218, bytes: 7806..7842
2026-09-08T09:08:57.234406Z  WARN foundry_evm_coverage::anchors: could not find anchor item=Statement (location: (source ID: 53, lines: 217..218, bytes: 7823..7842), hits: 0) err=Could not find anchor: No matching instruction in range source ID: 53, lines: 217..218, bytes: 7823..7842
2026-09-08T09:08:57.234411Z  WARN foundry_evm_coverage::anchors: could not find anchor item=Line (location: (source ID: 53, lines: 218..219, bytes: 7856..7866), hits: 0) err=Could not find anchor: No matching instruction in range source ID: 53, lines: 218..219, bytes: 7856..7866
2026-09-08T09:08:57.234414Z  WARN foundry_evm_coverage::anchors: could not find anchor item=Statement (location: (source ID: 53, lines: 218..219, bytes: 7856..7866), hits: 0) err=Could not find anchor: No matching instruction in range source ID: 53, lines: 218..219, bytes: 7856..7866
2026-09-08T09:08:57.234418Z  WARN foundry_evm_coverage::anchors: could not find anchor item=Branch (branch: 17, path: 0) (location: (source ID: 53, lines: 218..221, bytes: 7868..7932), hits: 0) err=Could not find anchor: No matching instruction in range source ID: 53, lines: 218..221, bytes: 7868..7932
2026-09-08T09:08:57.234421Z  WARN foundry_evm_coverage::anchors: could not find anchor item=Line (location: (source ID: 53, lines: 219..220, bytes: 7882..7921), hits: 0) err=Could not find anchor: No matching instruction in range source ID: 53, lines: 219..220, bytes: 7882..7921
2026-09-08T09:08:57.234424Z  WARN foundry_evm_coverage::anchors: could not find anchor item=Statement (location: (source ID: 53, lines: 219..220, bytes: 7882..7921), hits: 0) err=Could not find anchor: No matching instruction in range source ID: 53, lines: 219..220, bytes: 7882..7921
2026-09-08T09:08:57.234428Z  WARN foundry_evm_coverage::anchors: could not find anchor item=Line (location: (source ID: 53, lines: 222..223, bytes: 7942..7990), hits: 0) err=Could not find anchor: No matching instruction in range source ID: 53, lines: 222..223, bytes: 7942..7990
2026-09-08T09:08:57.234431Z  WARN foundry_evm_coverage::anchors: could not find anchor item=Statement (location: (source ID: 53, lines: 222..223, bytes: 7942..7990), hits: 0) err=Could not find anchor: No matching instruction in range source ID: 53, lines: 222..223, bytes: 7942..7990
2026-09-08T09:08:57.234206Z  WARN foundry_evm_coverage::anchors: could not find anchor item=Statement (location: (source ID: 54, lines: 81..82, bytes: 3072..3102), hits: 0) err=Could not find anchor: No matching instruction in range source ID: 54, lines: 81..82, bytes: 3072..3102
2026-09-08T09:08:57.234435Z  WARN foundry_evm_coverage::anchors: could not find anchor item=Line (location: (source ID: 53, lines: 225..246, bytes: 8003..8803), hits: 0) err=Could not find anchor: No matching instruction in range source ID: 53, lines: 225..246, bytes: 8003..8803
2026-09-08T09:08:57.234447Z  WARN foundry_evm_coverage::anchors: could not find anchor item=Function "cancelWithdrawRequest" (location: (source ID: 53, lines: 225..246, bytes: 8003..8803), hits: 0) err=Could not find anchor: No matching instruction in range source ID: 53, lines: 225..246, bytes: 8003..8803
2026-09-08T09:08:57.234045Z  WARN foundry_evm_coverage::anchors: could not find anchor item=Branch (branch: 1, path: 0) (location: (source ID: 57, lines: 52..53, bytes: 1753..1797), hits: 0) err=Could not find anchor: No matching instruction in range source ID: 57, lines: 52..53, bytes: 1753..1797
2026-09-08T09:08:57.234456Z  WARN foundry_evm_coverage::anchors: could not find anchor item=Line (location: (source ID: 57, lines: 53..54, bytes: 1806..1820), hits: 0) err=Could not find anchor: No matching instruction in range source ID: 57, lines: 53..54, bytes: 1806..1820
2026-09-08T09:08:57.234462Z  WARN foundry_evm_coverage::anchors: could not find anchor item=Statement (location: (source ID: 57, lines: 53..54, bytes: 1806..1820), hits: 0) err=Could not find anchor: No matching instruction in range source ID: 57, lines: 53..54, bytes: 1806..1820
2026-09-08T09:08:57.234468Z  WARN foundry_evm_coverage::anchors: could not find anchor item=Line (location: (source ID: 57, lines: 56..65, bytes: 1833..2213), hits: 0) err=Could not find anchor: No matching instruction in range source ID: 57, lines: 56..65, bytes: 1833..2213
2026-09-08T09:08:57.234450Z  WARN foundry_evm_coverage::anchors: could not find anchor item=Line (location: (source ID: 53, lines: 226..227, bytes: 8085..8134), hits: 0) err=Could not find anchor: No matching instruction in range source ID: 53, lines: 226..227, bytes: 8085..8134
2026-09-08T09:08:57.234478Z  WARN foundry_evm_coverage::anchors: could not find anchor item=Statement (location: (source ID: 53, lines: 226..227, bytes: 8085..8134), hits: 0) err=Could not find anchor: No matching instruction in range source ID: 53, lines: 226..227, bytes: 8085..8134
2026-09-08T09:08:57.234481Z  WARN foundry_evm_coverage::anchors: could not find anchor item=Line (location: (source ID: 53, lines: 227..228, bytes: 8148..8171), hits: 0) err=Could not find anchor: No matching instruction in range source ID: 53, lines: 227..228, bytes: 8148..8171
2026-09-08T09:08:57.234485Z  WARN foundry_evm_coverage::anchors: could not find anchor item=Statement (location: (source ID: 53, lines: 227..228, bytes: 8148..8171), hits: 0) err=Could not find anchor: No matching instruction in range source ID: 53, lines: 227..228, bytes: 8148..8171
2026-09-08T09:08:57.234488Z  WARN foundry_evm_coverage::anchors: could not find anchor item=Statement (location: (source ID: 53, lines: 227..228, bytes: 8173..8197), hits: 0) err=Could not find anchor: No matching instruction in range source ID: 53, lines: 227..228, bytes: 8173..8197
2026-09-08T09:08:57.234491Z  WARN foundry_evm_coverage::anchors: could not find anchor item=Branch (branch: 18, path: 0) (location: (source ID: 53, lines: 227..228, bytes: 8173..8197), hits: 0) err=Could not find anchor: No matching instruction in range source ID: 53, lines: 227..228, bytes: 8173..8197
2026-09-08T09:08:57.234495Z  WARN foundry_evm_coverage::anchors: could not find anchor item=Line (location: (source ID: 53, lines: 228..229, bytes: 8226..8251), hits: 0) err=Could not find anchor: No matching instruction in range source ID: 53, lines: 228..229, bytes: 8226..8251
2026-09-08T09:08:57.234498Z  WARN foundry_evm_coverage::anchors: could not find anchor item=Statement (location: (source ID: 53, lines: 228..229, bytes: 8226..8251), hits: 0) err=Could not find anchor: No matching instruction in range source ID: 53, lines: 228..229, bytes: 8226..8251
2026-09-08T09:08:57.234501Z  WARN foundry_evm_coverage::anchors: could not find anchor item=Branch (branch: 19, path: 0) (location: (source ID: 53, lines: 228..229, bytes: 8226..8251), hits: 0) err=Could not find anchor: No matching instruction in range source ID: 53, lines: 228..229, bytes: 8226..8251
2026-09-08T09:08:57.234505Z  WARN foundry_evm_coverage::anchors: could not find anchor item=Line (location: (source ID: 53, lines: 229..230, bytes: 8261..8304), hits: 0) err=Could not find anchor: No matching instruction in range source ID: 53, lines: 229..230, bytes: 8261..8304
2026-09-08T09:08:57.234508Z  WARN foundry_evm_coverage::anchors: could not find anchor item=Statement (location: (source ID: 53, lines: 229..230, bytes: 8261..8304), hits: 0) err=Could not find anchor: No matching instruction in range source ID: 53, lines: 229..230, bytes: 8261..8304
2026-09-08T09:08:57.234511Z  WARN foundry_evm_coverage::anchors: could not find anchor item=Statement (location: (source ID: 53, lines: 229..230, bytes: 8281..8304), hits: 0) err=Could not find anchor: No matching instruction in range source ID: 53, lines: 229..230, bytes: 8281..8304
2026-09-08T09:08:57.234514Z  WARN foundry_evm_coverage::anchors: could not find anchor item=Line (location: (source ID: 53, lines: 230..231, bytes: 8318..8332), hits: 0) err=Could not find anchor: No matching instruction in range source ID: 53, lines: 230..231, bytes: 8318..8332
2026-09-08T09:08:57.234518Z  WARN foundry_evm_coverage::anchors: could not find anchor item=Statement (location: (source ID: 53, lines: 230..231, bytes: 8318..8332), hits: 0) err=Could not find anchor: No matching instruction in range source ID: 53, lines: 230..231, bytes: 8318..8332
2026-09-08T09:08:57.234521Z  WARN foundry_evm_coverage::anchors: could not find anchor item=Statement (location: (source ID: 53, lines: 230..231, bytes: 8334..8359), hits: 0) err=Could not find anchor: No matching instruction in range source ID: 53, lines: 230..231, bytes: 8334..8359
2026-09-08T09:08:57.234528Z  WARN foundry_evm_coverage::anchors: could not find anchor item=Branch (branch: 20, path: 0) (location: (source ID: 53, lines: 230..231, bytes: 8334..8359), hits: 0) err=Could not find anchor: No matching instruction in range source ID: 53, lines: 230..231, bytes: 8334..8359
2026-09-08T09:08:57.234531Z  WARN foundry_evm_coverage::anchors: could not find anchor item=Line (location: (source ID: 53, lines: 232..233, bytes: 8370..8390), hits: 0) err=Could not find anchor: No matching instruction in range source ID: 53, lines: 232..233, bytes: 8370..8390
2026-09-08T09:08:57.234535Z  WARN foundry_evm_coverage::anchors: could not find anchor item=Statement (location: (source ID: 53, lines: 232..233, bytes: 8370..8390), hits: 0) err=Could not find anchor: No matching instruction in range source ID: 53, lines: 232..233, bytes: 8370..8390
2026-09-08T09:08:57.234538Z  WARN foundry_evm_coverage::anchors: could not find anchor item=Line (location: (source ID: 53, lines: 233..234, bytes: 8400..8441), hits: 0) err=Could not find anchor: No matching instruction in range source ID: 53, lines: 233..234, bytes: 8400..8441
2026-09-08T09:08:57.234542Z  WARN foundry_evm_coverage::anchors: could not find anchor item=Statement (location: (source ID: 53, lines: 233..234, bytes: 8400..8441), hits: 0) err=Could not find anchor: No matching instruction in range source ID: 53, lines: 233..234, bytes: 8400..8441
2026-09-08T09:08:57.234545Z  WARN foundry_evm_coverage::anchors: could not find anchor item=Line (location: (source ID: 53, lines: 235..236, bytes: 8452..8516), hits: 0) err=Could not find anchor: No matching instruction in range source ID: 53, lines: 235..236, bytes: 8452..8516
2026-09-08T09:08:57.234548Z  WARN foundry_evm_coverage::anchors: could not find anchor item=Statement (location: (source ID: 53, lines: 235..236, bytes: 8452..8516), hits: 0) err=Could not find anchor: No matching instruction in range source ID: 53, lines: 235..236, bytes: 8452..8516
2026-09-08T09:08:57.234552Z  WARN foundry_evm_coverage::anchors: could not find anchor item=Statement (location: (source ID: 53, lines: 235..236, bytes: 8470..8516), hits: 0) err=Could not find anchor: No matching instruction in range source ID: 53, lines: 235..236, bytes: 8470..8516
2026-09-08T09:08:57.234555Z  WARN foundry_evm_coverage::anchors: could not find anchor item=Line (location: (source ID: 53, lines: 236..237, bytes: 8526..8562), hits: 0) err=Could not find anchor: No matching instruction in range source ID: 53, lines: 236..237, bytes: 8526..8562
2026-09-08T09:08:57.234558Z  WARN foundry_evm_coverage::anchors: could not find anchor item=Statement (location: (source ID: 53, lines: 236..237, bytes: 8526..8562), hits: 0) err=Could not find anchor: No matching instruction in range source ID: 53, lines: 236..237, bytes: 8526..8562
2026-09-08T09:08:57.234560Z  WARN foundry_evm_coverage::anchors: could not find anchor item=Statement (location: (source ID: 53, lines: 236..237, bytes: 8543..8562), hits: 0) err=Could not find anchor: No matching instruction in range source ID: 53, lines: 236..237, bytes: 8543..8562
2026-09-08T09:08:57.234562Z  WARN foundry_evm_coverage::anchors: could not find anchor item=Line (location: (source ID: 53, lines: 237..238, bytes: 8576..8587), hits: 0) err=Could not find anchor: No matching instruction in range source ID: 53, lines: 237..238, bytes: 8576..8587
2026-09-08T09:08:57.234576Z  WARN foundry_evm_coverage::anchors: could not find anchor item=Statement (location: (source ID: 53, lines: 237..238, bytes: 8576..8587), hits: 0) err=Could not find anchor: No matching instruction in range source ID: 53, lines: 237..238, bytes: 8576..8587
2026-09-08T09:08:57.234475Z  WARN foundry_evm_coverage::anchors: could not find anchor item=Function "requestWithdraw" (location: (source ID: 57, lines: 56..65, bytes: 1833..2213), hits: 0) err=Could not find anchor: No matching instruction in range source ID: 57, lines: 56..65, bytes: 1833..2213
2026-09-08T09:08:57.234593Z  WARN foundry_evm_coverage::anchors: could not find anchor item=Line (location: (source ID: 57, lines: 57..58, bytes: 1930..1989), hits: 0) err=Could not find anchor: No matching instruction in range source ID: 57, lines: 57..58, bytes: 1930..1989
2026-09-08T09:08:57.234596Z  WARN foundry_evm_coverage::anchors: could not find anchor item=Statement (location: (source ID: 57, lines: 57..58, bytes: 1930..1989), hits: 0) err=Could not find anchor: No matching instruction in range source ID: 57, lines: 57..58, bytes: 1930..1989
2026-09-08T09:08:57.234600Z  WARN foundry_evm_coverage::anchors: could not find anchor item=Line (location: (source ID: 57, lines: 58..59, bytes: 2003..2014), hits: 0) err=Could not find anchor: No matching instruction in range source ID: 57, lines: 58..59, bytes: 2003..2014
2026-09-08T09:08:57.234604Z  WARN foundry_evm_coverage::anchors: could not find anchor item=Statement (location: (source ID: 57, lines: 58..59, bytes: 2003..2014), hits: 0) err=Could not find anchor: No matching instruction in range source ID: 57, lines: 58..59, bytes: 2003..2014
2026-09-08T09:08:57.234607Z  WARN foundry_evm_coverage::anchors: could not find anchor item=Statement (location: (source ID: 57, lines: 58..59, bytes: 2016..2022), hits: 0) err=Could not find anchor: No matching instruction in range source ID: 57, lines: 58..59, bytes: 2016..2022
2026-09-08T09:08:57.234578Z  WARN foundry_evm_coverage::anchors: could not find anchor item=Branch (branch: 21, path: 0) (location: (source ID: 53, lines: 237..240, bytes: 8589..8643), hits: 0) err=Could not find anchor: No matching instruction in range source ID: 53, lines: 237..240, bytes: 8589..8643
2026-09-08T09:08:57.234616Z  WARN foundry_evm_coverage::anchors: could not find anchor item=Line (location: (source ID: 53, lines: 238..239, bytes: 8603..8632), hits: 0) err=Could not find anchor: No matching instruction in range source ID: 53, lines: 238..239, bytes: 8603..8632
2026-09-08T09:08:57.234620Z  WARN foundry_evm_coverage::anchors: could not find anchor item=Statement (location: (source ID: 53, lines: 238..239, bytes: 8603..8632), hits: 0) err=Could not find anchor: No matching instruction in range source ID: 53, lines: 238..239, bytes: 8603..8632
2026-09-08T09:08:57.234624Z  WARN foundry_evm_coverage::anchors: could not find anchor item=Line (location: (source ID: 53, lines: 240..241, bytes: 8656..8666), hits: 0) err=Could not find anchor: No matching instruction in range source ID: 53, lines: 240..241, bytes: 8656..8666
2026-09-08T09:08:57.234628Z  WARN foundry_evm_coverage::anchors: could not find anchor item=Statement (location: (source ID: 53, lines: 240..241, bytes: 8656..8666), hits: 0) err=Could not find anchor: No matching instruction in range source ID: 53, lines: 240..241, bytes: 8656..8666
2026-09-08T09:08:57.234630Z  WARN foundry_evm_coverage::anchors: could not find anchor item=Branch (branch: 22, path: 0) (location: (source ID: 53, lines: 240..243, bytes: 8668..8737), hits: 0) err=Could not find anchor: No matching instruction in range source ID: 53, lines: 240..243, bytes: 8668..8737
2026-09-08T09:08:57.234632Z  WARN foundry_evm_coverage::anchors: could not find anchor item=Line (location: (source ID: 53, lines: 241..242, bytes: 8682..8726), hits: 0) err=Could not find anchor: No matching instruction in range source ID: 53, lines: 241..242, bytes: 8682..8726
2026-09-08T09:08:57.234634Z  WARN foundry_evm_coverage::anchors: could not find anchor item=Statement (location: (source ID: 53, lines: 241..242, bytes: 8682..8726), hits: 0) err=Could not find anchor: No matching instruction in range source ID: 53, lines: 241..242, bytes: 8682..8726
2026-09-08T09:08:57.234612Z  WARN foundry_evm_coverage::anchors: could not find anchor item=Branch (branch: 2, path: 0) (location: (source ID: 57, lines: 58..59, bytes: 2016..2022), hits: 0) err=Could not find anchor: No matching instruction in range source ID: 57, lines: 58..59, bytes: 2016..2022
2026-09-08T09:08:57.234636Z  WARN foundry_evm_coverage::anchors: could not find anchor item=Line (location: (source ID: 53, lines: 244..245, bytes: 8747..8796), hits: 0) err=Could not find anchor: No matching instruction in range source ID: 53, lines: 244..245, bytes: 8747..8796
2026-09-08T09:08:57.234649Z  WARN foundry_evm_coverage::anchors: could not find anchor item=Statement (location: (source ID: 53, lines: 244..245, bytes: 8747..8796), hits: 0) err=Could not find anchor: No matching instruction in range source ID: 53, lines: 244..245, bytes: 8747..8796
2026-09-08T09:08:57.234652Z  WARN foundry_evm_coverage::anchors: could not find anchor item=Line (location: (source ID: 53, lines: 247..250, bytes: 8809..8917), hits: 0) err=Could not find anchor: No matching instruction in range source ID: 53, lines: 247..250, bytes: 8809..8917
2026-09-08T09:08:57.234656Z  WARN foundry_evm_coverage::anchors: could not find anchor item=Function "totalAssets" (location: (source ID: 53, lines: 247..250, bytes: 8809..8917), hits: 0) err=Could not find anchor: No matching instruction in range source ID: 53, lines: 247..250, bytes: 8809..8917
2026-09-08T09:08:57.234659Z  WARN foundry_evm_coverage::anchors: could not find anchor item=Line (location: (source ID: 53, lines: 248..249, bytes: 8872..8910), hits: 0) err=Could not find anchor: No matching instruction in range source ID: 53, lines: 248..249, bytes: 8872..8910
2026-09-08T09:08:57.234663Z  WARN foundry_evm_coverage::anchors: could not find anchor item=Statement (location: (source ID: 53, lines: 248..249, bytes: 8872..8910), hits: 0) err=Could not find anchor: No matching instruction in range source ID: 53, lines: 248..249, bytes: 8872..8910
2026-09-08T09:08:57.234665Z  WARN foundry_evm_coverage::anchors: could not find anchor item=Statement (location: (source ID: 53, lines: 248..249, bytes: 8879..8910), hits: 0) err=Could not find anchor: No matching instruction in range source ID: 53, lines: 248..249, bytes: 8879..8910
2026-09-08T09:08:57.234667Z  WARN foundry_evm_coverage::anchors: could not find anchor item=Line (location: (source ID: 53, lines: 251..254, bytes: 8923..9044), hits: 0) err=Could not find anchor: No matching instruction in range source ID: 53, lines: 251..254, bytes: 8923..9044
2026-09-08T09:08:57.234669Z  WARN foundry_evm_coverage::anchors: could not find anchor item=Function "convertToShares" (location: (source ID: 53, lines: 251..254, bytes: 8923..9044), hits: 0) err=Could not find anchor: No matching instruction in range source ID: 53, lines: 251..254, bytes: 8923..9044
2026-09-08T09:08:57.234671Z  WARN foundry_evm_coverage::anchors: could not find anchor item=Line (location: (source ID: 53, lines: 252..253, bytes: 9004..9017), hits: 0) err=Could not find anchor: No matching instruction in range source ID: 53, lines: 252..253, bytes: 9004..9017
2026-09-08T09:08:57.234672Z  WARN foundry_evm_coverage::anchors: could not find anchor item=Statement (location: (source ID: 53, lines: 252..253, bytes: 9004..9017), hits: 0) err=Could not find anchor: No matching instruction in range source ID: 53, lines: 252..253, bytes: 9004..9017
2026-09-08T09:08:57.234674Z  WARN foundry_evm_coverage::anchors: could not find anchor item=Line (location: (source ID: 53, lines: 255..258, bytes: 9050..9171), hits: 0) err=Could not find anchor: No matching instruction in range source ID: 53, lines: 255..258, bytes: 9050..9171
2026-09-08T09:08:57.234676Z  WARN foundry_evm_coverage::anchors: could not find anchor item=Function "convertToAssets" (location: (source ID: 53, lines: 255..258, bytes: 9050..9171), hits: 0) err=Could not find anchor: No matching instruction in range source ID: 53, lines: 255..258, bytes: 9050..9171
2026-09-08T09:08:57.234678Z  WARN foundry_evm_coverage::anchors: could not find anchor item=Line (location: (source ID: 53, lines: 256..257, bytes: 9131..9144), hits: 0) err=Could not find anchor: No matching instruction in range source ID: 53, lines: 256..257, bytes: 9131..9144
2026-09-08T09:08:57.234680Z  WARN foundry_evm_coverage::anchors: could not find anchor item=Statement (location: (source ID: 53, lines: 256..257, bytes: 9131..9144), hits: 0) err=Could not find anchor: No matching instruction in range source ID: 53, lines: 256..257, bytes: 9131..9144
2026-09-08T09:08:57.234686Z  WARN foundry_evm_coverage::anchors: could not find anchor item=Line (location: (source ID: 53, lines: 259..262, bytes: 9177..9300), hits: 0) err=Could not find anchor: No matching instruction in range source ID: 53, lines: 259..262, bytes: 9177..9300
2026-09-08T09:08:57.234689Z  WARN foundry_evm_coverage::anchors: could not find anchor item=Function "maxDeposit" (location: (source ID: 53, lines: 259..262, bytes: 9177..9300), hits: 0) err=Could not find anchor: No matching instruction in range source ID: 53, lines: 259..262, bytes: 9177..9300
2026-09-08T09:08:57.234693Z  WARN foundry_evm_coverage::anchors: could not find anchor item=Line (location: (source ID: 53, lines: 260..261, bytes: 9246..9293), hits: 0) err=Could not find anchor: No matching instruction in range source ID: 53, lines: 260..261, bytes: 9246..9293
2026-09-08T09:08:57.234696Z  WARN foundry_evm_coverage::anchors: could not find anchor item=Statement (location: (source ID: 53, lines: 260..261, bytes: 9246..9293), hits: 0) err=Could not find anchor: No matching instruction in range source ID: 53, lines: 260..261, bytes: 9246..9293
2026-09-08T09:08:57.234699Z  WARN foundry_evm_coverage::anchors: could not find anchor item=Statement (location: (source ID: 53, lines: 260..261, bytes: 9253..9293), hits: 0) err=Could not find anchor: No matching instruction in range source ID: 53, lines: 260..261, bytes: 9253..9293
2026-09-08T09:08:57.234702Z  WARN foundry_evm_coverage::anchors: could not find anchor item=Line (location: (source ID: 53, lines: 263..266, bytes: 9306..9413), hits: 0) err=Could not find anchor: No matching instruction in range source ID: 53, lines: 263..266, bytes: 9306..9413
2026-09-08T09:08:57.234706Z  WARN foundry_evm_coverage::anchors: could not find anchor item=Function "previewDeposit" (location: (source ID: 53, lines: 263..266, bytes: 9306..9413), hits: 0) err=Could not find anchor: No matching instruction in range source ID: 53, lines: 263..266, bytes: 9306..9413
2026-09-08T09:08:57.234709Z  WARN foundry_evm_coverage::anchors: could not find anchor item=Line (location: (source ID: 53, lines: 264..265, bytes: 9386..9399), hits: 0) err=Could not find anchor: No matching instruction in range source ID: 53, lines: 264..265, bytes: 9386..9399
2026-09-08T09:08:57.234712Z  WARN foundry_evm_coverage::anchors: could not find anchor item=Statement (location: (source ID: 53, lines: 264..265, bytes: 9386..9399), hits: 0) err=Could not find anchor: No matching instruction in range source ID: 53, lines: 264..265, bytes: 9386..9399
2026-09-08T09:08:57.234716Z  WARN foundry_evm_coverage::anchors: could not find anchor item=Line (location: (source ID: 53, lines: 267..279, bytes: 9419..9894), hits: 0) err=Could not find anchor: No matching instruction in range source ID: 53, lines: 267..279, bytes: 9419..9894
2026-09-08T09:08:57.234719Z  WARN foundry_evm_coverage::anchors: could not find anchor item=Function "deposit" (location: (source ID: 53, lines: 267..279, bytes: 9419..9894), hits: 0) err=Could not find anchor: No matching instruction in range source ID: 53, lines: 267..279, bytes: 9419..9894
2026-09-08T09:08:57.234722Z  WARN foundry_evm_coverage::anchors: could not find anchor item=Line (location: (source ID: 53, lines: 268..269, bytes: 9522..9533), hits: 0) err=Could not find anchor: No matching instruction in range source ID: 53, lines: 268..269, bytes: 9522..9533
2026-09-08T09:08:57.234725Z  WARN foundry_evm_coverage::anchors: could not find anchor item=Statement (location: (source ID: 53, lines: 268..269, bytes: 9522..9533), hits: 0) err=Could not find anchor: No matching instruction in range source ID: 53, lines: 268..269, bytes: 9522..9533
2026-09-08T09:08:57.234729Z  WARN foundry_evm_coverage::anchors: could not find anchor item=Statement (location: (source ID: 53, lines: 268..269, bytes: 9535..9554), hits: 0) err=Could not find anchor: No matching instruction in range source ID: 53, lines: 268..269, bytes: 9535..9554
2026-09-08T09:08:57.234748Z  WARN foundry_evm_coverage::anchors: could not find anchor item=Branch (branch: 23, path: 0) (location: (source ID: 53, lines: 268..269, bytes: 9535..9554), hits: 0) err=Could not find anchor: No matching instruction in range source ID: 53, lines: 268..269, bytes: 9535..9554
2026-09-08T09:08:57.234750Z  WARN foundry_evm_coverage::anchors: could not find anchor item=Line (location: (source ID: 53, lines: 269..270, bytes: 9564..9571), hits: 0) err=Could not find anchor: No matching instruction in range source ID: 53, lines: 269..270, bytes: 9564..9571
2026-09-08T09:08:57.234752Z  WARN foundry_evm_coverage::anchors: could not find anchor item=Statement (location: (source ID: 53, lines: 269..270, bytes: 9564..9571), hits: 0) err=Could not find anchor: No matching instruction in range source ID: 53, lines: 269..270, bytes: 9564..9571
2026-09-08T09:08:57.234754Z  WARN foundry_evm_coverage::anchors: could not find anchor item=Line (location: (source ID: 53, lines: 270..271, bytes: 9581..9663), hits: 0) err=Could not find anchor: No matching instruction in range source ID: 53, lines: 270..271, bytes: 9581..9663
2026-09-08T09:08:57.234756Z  WARN foundry_evm_coverage::anchors: could not find anchor item=Statement (location: (source ID: 53, lines: 270..271, bytes: 9581..9663), hits: 0) err=Could not find anchor: No matching instruction in range source ID: 53, lines: 270..271, bytes: 9581..9663
2026-09-08T09:08:57.234758Z  WARN foundry_evm_coverage::anchors: could not find anchor item=Statement (location: (source ID: 53, lines: 270..271, bytes: 9615..9663), hits: 0) err=Could not find anchor: No matching instruction in range source ID: 53, lines: 270..271, bytes: 9615..9663
2026-09-08T09:08:57.234760Z  WARN foundry_evm_coverage::anchors: could not find anchor item=Line (location: (source ID: 53, lines: 271..272, bytes: 9677..9683), hits: 0) err=Could not find anchor: No matching instruction in range source ID: 53, lines: 271..272, bytes: 9677..9683
2026-09-08T09:08:57.234761Z  WARN foundry_evm_coverage::anchors: could not find anchor item=Statement (location: (source ID: 53, lines: 271..272, bytes: 9677..9683), hits: 0) err=Could not find anchor: No matching instruction in range source ID: 53, lines: 271..272, bytes: 9677..9683
2026-09-08T09:08:57.234763Z  WARN foundry_evm_coverage::anchors: could not find anchor item=Statement (location: (source ID: 53, lines: 271..272, bytes: 9685..9715), hits: 0) err=Could not find anchor: No matching instruction in range source ID: 53, lines: 271..272, bytes: 9685..9715
2026-09-08T09:08:57.234765Z  WARN foundry_evm_coverage::anchors: could not find anchor item=Branch (branch: 24, path: 0) (location: (source ID: 53, lines: 271..272, bytes: 9685..9715), hits: 0) err=Could not find anchor: No matching instruction in range source ID: 53, lines: 271..272, bytes: 9685..9715
2026-09-08T09:08:57.234767Z  WARN foundry_evm_coverage::anchors: could not find anchor item=Line (location: (source ID: 53, lines: 273..274, bytes: 9726..9770), hits: 0) err=Could not find anchor: No matching instruction in range source ID: 53, lines: 273..274, bytes: 9726..9770
2026-09-08T09:08:57.234769Z  WARN foundry_evm_coverage::anchors: could not find anchor item=Statement (location: (source ID: 53, lines: 273..274, bytes: 9726..9770), hits: 0) err=Could not find anchor: No matching instruction in range source ID: 53, lines: 273..274, bytes: 9726..9770
2026-09-08T09:08:57.234771Z  WARN foundry_evm_coverage::anchors: could not find anchor item=Line (location: (source ID: 53, lines: 275..276, bytes: 9781..9804), hits: 0) err=Could not find anchor: No matching instruction in range source ID: 53, lines: 275..276, bytes: 9781..9804
2026-09-08T09:08:57.234773Z  WARN foundry_evm_coverage::anchors: could not find anchor item=Statement (location: (source ID: 53, lines: 275..276, bytes: 9781..9804), hits: 0) err=Could not find anchor: No matching instruction in range source ID: 53, lines: 275..276, bytes: 9781..9804
2026-09-08T09:08:57.234789Z  WARN foundry_evm_coverage::anchors: could not find anchor item=Line (location: (source ID: 53, lines: 276..277, bytes: 9814..9864), hits: 0) err=Could not find anchor: No matching instruction in range source ID: 53, lines: 276..277, bytes: 9814..9864
2026-09-08T09:08:57.234792Z  WARN foundry_evm_coverage::anchors: could not find anchor item=Statement (location: (source ID: 53, lines: 276..277, bytes: 9814..9864), hits: 0) err=Could not find anchor: No matching instruction in range source ID: 53, lines: 276..277, bytes: 9814..9864
2026-09-08T09:08:57.234796Z  WARN foundry_evm_coverage::anchors: could not find anchor item=Line (location: (source ID: 53, lines: 277..278, bytes: 9874..9887), hits: 0) err=Could not find anchor: No matching instruction in range source ID: 53, lines: 277..278, bytes: 9874..9887
2026-09-08T09:08:57.234645Z  WARN foundry_evm_coverage::anchors: could not find anchor item=Line (location: (source ID: 57, lines: 59..60, bytes: 2036..2062), hits: 0) err=Could not find anchor: No matching instruction in range source ID: 57, lines: 59..60, bytes: 2036..2062
2026-09-08T09:08:57.234804Z  WARN foundry_evm_coverage::anchors: could not find anchor item=Statement (location: (source ID: 57, lines: 59..60, bytes: 2036..2062), hits: 0) err=Could not find anchor: No matching instruction in range source ID: 57, lines: 59..60, bytes: 2036..2062
2026-09-08T09:08:57.234808Z  WARN foundry_evm_coverage::anchors: could not find anchor item=Statement (location: (source ID: 57, lines: 59..60, bytes: 2036..2071), hits: 0) err=Could not find anchor: No matching instruction in range source ID: 57, lines: 59..60, bytes: 2036..2071
2026-09-08T09:08:57.234812Z  WARN foundry_evm_coverage::anchors: could not find anchor item=Statement (location: (source ID: 57, lines: 59..60, bytes: 2036..2082), hits: 0) err=Could not find anchor: No matching instruction in range source ID: 57, lines: 59..60, bytes: 2036..2082
2026-09-08T09:08:57.234815Z  WARN foundry_evm_coverage::anchors: could not find anchor item=Statement (location: (source ID: 57, lines: 59..60, bytes: 2084..2090), hits: 0) err=Could not find anchor: No matching instruction in range source ID: 57, lines: 59..60, bytes: 2084..2090
2026-09-08T09:08:57.234819Z  WARN foundry_evm_coverage::anchors: could not find anchor item=Branch (branch: 3, path: 0) (location: (source ID: 57, lines: 59..60, bytes: 2084..2090), hits: 0) err=Could not find anchor: No matching instruction in range source ID: 57, lines: 59..60, bytes: 2084..2090
2026-09-08T09:08:57.234822Z  WARN foundry_evm_coverage::anchors: could not find anchor item=Line (location: (source ID: 57, lines: 61..62, bytes: 2101..2128), hits: 0) err=Could not find anchor: No matching instruction in range source ID: 57, lines: 61..62, bytes: 2101..2128
2026-09-08T09:08:57.234826Z  WARN foundry_evm_coverage::anchors: could not find anchor item=Statement (location: (source ID: 57, lines: 61..62, bytes: 2101..2128), hits: 0) err=Could not find anchor: No matching instruction in range source ID: 57, lines: 61..62, bytes: 2101..2128
2026-09-08T09:08:57.234830Z  WARN foundry_evm_coverage::anchors: could not find anchor item=Line (location: (source ID: 57, lines: 62..63, bytes: 2142..2171), hits: 0) err=Could not find anchor: No matching instruction in range source ID: 57, lines: 62..63, bytes: 2142..2171
2026-09-08T09:08:57.234798Z  WARN foundry_evm_coverage::anchors: could not find anchor item=Statement (location: (source ID: 53, lines: 277..278, bytes: 9874..9887), hits: 0) err=Could not find anchor: No matching instruction in range source ID: 53, lines: 277..278, bytes: 9874..9887
2026-09-08T09:08:57.234848Z  WARN foundry_evm_coverage::anchors: could not find anchor item=Line (location: (source ID: 53, lines: 280..283, bytes: 9900..10009), hits: 0) err=Could not find anchor: No matching instruction in range source ID: 53, lines: 280..283, bytes: 9900..10009
2026-09-08T09:08:57.234852Z  WARN foundry_evm_coverage::anchors: could not find anchor item=Function "maxMint" (location: (source ID: 53, lines: 280..283, bytes: 9900..10009), hits: 0) err=Could not find anchor: No matching instruction in range source ID: 53, lines: 280..283, bytes: 9900..10009
2026-09-08T09:08:57.234858Z  WARN foundry_evm_coverage::anchors: could not find anchor item=Line (location: (source ID: 53, lines: 281..282, bytes: 9975..10002), hits: 0) err=Could not find anchor: No matching instruction in range source ID: 53, lines: 281..282, bytes: 9975..10002
2026-09-08T09:08:57.234861Z  WARN foundry_evm_coverage::anchors: could not find anchor item=Statement (location: (source ID: 53, lines: 281..282, bytes: 9975..10002), hits: 0) err=Could not find anchor: No matching instruction in range source ID: 53, lines: 281..282, bytes: 9975..10002
2026-09-08T09:08:57.234865Z  WARN foundry_evm_coverage::anchors: could not find anchor item=Statement (location: (source ID: 53, lines: 281..282, bytes: 9982..10002), hits: 0) err=Could not find anchor: No matching instruction in range source ID: 53, lines: 281..282, bytes: 9982..10002
2026-09-08T09:08:57.234869Z  WARN foundry_evm_coverage::anchors: could not find anchor item=Line (location: (source ID: 53, lines: 284..287, bytes: 10015..10119), hits: 0) err=Could not find anchor: No matching instruction in range source ID: 53, lines: 284..287, bytes: 10015..10119
2026-09-08T09:08:57.234873Z  WARN foundry_evm_coverage::anchors: could not find anchor item=Function "previewMint" (location: (source ID: 53, lines: 284..287, bytes: 10015..10119), hits: 0) err=Could not find anchor: No matching instruction in range source ID: 53, lines: 284..287, bytes: 10015..10119
2026-09-08T09:08:57.234833Z  WARN foundry_evm_coverage::anchors: could not find anchor item=Statement (location: (source ID: 57, lines: 62..63, bytes: 2142..2171), hits: 0) err=Could not find anchor: No matching instruction in range source ID: 57, lines: 62..63, bytes: 2142..2171
2026-09-08T09:08:57.234875Z  WARN foundry_evm_coverage::anchors: could not find anchor item=Line (location: (source ID: 53, lines: 285..286, bytes: 10092..10105), hits: 0) err=Could not find anchor: No matching instruction in range source ID: 53, lines: 285..286, bytes: 10092..10105
2026-09-08T09:08:57.234887Z  WARN foundry_evm_coverage::anchors: could not find anchor item=Statement (location: (source ID: 53, lines: 285..286, bytes: 10092..10105), hits: 0) err=Could not find anchor: No matching instruction in range source ID: 53, lines: 285..286, bytes: 10092..10105
2026-09-08T09:08:57.234889Z  WARN foundry_evm_coverage::anchors: could not find anchor item=Line (location: (source ID: 53, lines: 288..300, bytes: 10125..10597), hits: 0) err=Could not find anchor: No matching instruction in range source ID: 53, lines: 288..300, bytes: 10125..10597
2026-09-08T09:08:57.234891Z  WARN foundry_evm_coverage::anchors: could not find anchor item=Function "mint" (location: (source ID: 53, lines: 288..300, bytes: 10125..10597), hits: 0) err=Could not find anchor: No matching instruction in range source ID: 53, lines: 288..300, bytes: 10125..10597
2026-09-08T09:08:57.234893Z  WARN foundry_evm_coverage::anchors: could not find anchor item=Line (location: (source ID: 53, lines: 289..290, bytes: 10225..10236), hits: 0) err=Could not find anchor: No matching instruction in range source ID: 53, lines: 289..290, bytes: 10225..10236
2026-09-08T09:08:57.234894Z  WARN foundry_evm_coverage::anchors: could not find anchor item=Statement (location: (source ID: 53, lines: 289..290, bytes: 10225..10236), hits: 0) err=Could not find anchor: No matching instruction in range source ID: 53, lines: 289..290, bytes: 10225..10236
2026-09-08T09:08:57.234896Z  WARN foundry_evm_coverage::anchors: could not find anchor item=Statement (location: (source ID: 53, lines: 289..290, bytes: 10238..10257), hits: 0) err=Could not find anchor: No matching instruction in range source ID: 53, lines: 289..290, bytes: 10238..10257
2026-09-08T09:08:57.234898Z  WARN foundry_evm_coverage::anchors: could not find anchor item=Branch (branch: 25, path: 0) (location: (source ID: 53, lines: 289..290, bytes: 10238..10257), hits: 0) err=Could not find anchor: No matching instruction in range source ID: 53, lines: 289..290, bytes: 10238..10257
2026-09-08T09:08:57.234902Z  WARN foundry_evm_coverage::anchors: could not find anchor item=Line (location: (source ID: 53, lines: 290..291, bytes: 10267..10274), hits: 0) err=Could not find anchor: No matching instruction in range source ID: 53, lines: 290..291, bytes: 10267..10274
2026-09-08T09:08:57.234906Z  WARN foundry_evm_coverage::anchors: could not find anchor item=Statement (location: (source ID: 53, lines: 290..291, bytes: 10267..10274), hits: 0) err=Could not find anchor: No matching instruction in range source ID: 53, lines: 290..291, bytes: 10267..10274
2026-09-08T09:08:57.234882Z  WARN foundry_evm_coverage::anchors: could not find anchor item=Branch (branch: 4, path: 0) (location: (source ID: 57, lines: 62..63, bytes: 2138..2183), hits: 0) err=Could not find anchor: No matching instruction in range source ID: 57, lines: 62..63, bytes: 2138..2183
2026-09-08T09:08:57.234908Z  WARN foundry_evm_coverage::anchors: could not find anchor item=Line (location: (source ID: 53, lines: 291..292, bytes: 10284..10366), hits: 0) err=Could not find anchor: No matching instruction in range source ID: 53, lines: 291..292, bytes: 10284..10366
2026-09-08T09:08:57.234919Z  WARN foundry_evm_coverage::anchors: could not find anchor item=Statement (location: (source ID: 53, lines: 291..292, bytes: 10284..10366), hits: 0) err=Could not find anchor: No matching instruction in range source ID: 53, lines: 291..292, bytes: 10284..10366
2026-09-08T09:08:57.234922Z  WARN foundry_evm_coverage::anchors: could not find anchor item=Statement (location: (source ID: 53, lines: 291..292, bytes: 10318..10366), hits: 0) err=Could not find anchor: No matching instruction in range source ID: 53, lines: 291..292, bytes: 10318..10366
2026-09-08T09:08:57.234926Z  WARN foundry_evm_coverage::anchors: could not find anchor item=Line (location: (source ID: 53, lines: 292..293, bytes: 10380..10386), hits: 0) err=Could not find anchor: No matching instruction in range source ID: 53, lines: 292..293, bytes: 10380..10386
2026-09-08T09:08:57.234929Z  WARN foundry_evm_coverage::anchors: could not find anchor item=Statement (location: (source ID: 53, lines: 292..293, bytes: 10380..10386), hits: 0) err=Could not find anchor: No matching instruction in range source ID: 53, lines: 292..293, bytes: 10380..10386
2026-09-08T09:08:57.234933Z  WARN foundry_evm_coverage::anchors: could not find anchor item=Statement (location: (source ID: 53, lines: 292..293, bytes: 10388..10418), hits: 0) err=Could not find anchor: No matching instruction in range source ID: 53, lines: 292..293, bytes: 10388..10418
2026-09-08T09:08:57.234936Z  WARN foundry_evm_coverage::anchors: could not find anchor item=Branch (branch: 26, path: 0) (location: (source ID: 53, lines: 292..293, bytes: 10388..10418), hits: 0) err=Could not find anchor: No matching instruction in range source ID: 53, lines: 292..293, bytes: 10388..10418
2026-09-08T09:08:57.234939Z  WARN foundry_evm_coverage::anchors: could not find anchor item=Line (location: (source ID: 53, lines: 294..295, bytes: 10429..10473), hits: 0) err=Could not find anchor: No matching instruction in range source ID: 53, lines: 294..295, bytes: 10429..10473
2026-09-08T09:08:57.234915Z  WARN foundry_evm_coverage::anchors: could not find anchor item=Line (location: (source ID: 57, lines: 63..64, bytes: 2192..2206), hits: 0) err=Could not find anchor: No matching instruction in range source ID: 57, lines: 63..64, bytes: 2192..2206
2026-09-08T09:08:57.234941Z  WARN foundry_evm_coverage::anchors: could not find anchor item=Statement (location: (source ID: 53, lines: 294..295, bytes: 10429..10473), hits: 0) err=Could not find anchor: No matching instruction in range source ID: 53, lines: 294..295, bytes: 10429..10473
2026-09-08T09:08:57.234953Z  WARN foundry_evm_coverage::anchors: could not find anchor item=Line (location: (source ID: 53, lines: 296..297, bytes: 10484..10507), hits: 0) err=Could not find anchor: No matching instruction in range source ID: 53, lines: 296..297, bytes: 10484..10507
2026-09-08T09:08:57.234961Z  WARN foundry_evm_coverage::anchors: could not find anchor item=Statement (location: (source ID: 53, lines: 296..297, bytes: 10484..10507), hits: 0) err=Could not find anchor: No matching instruction in range source ID: 53, lines: 296..297, bytes: 10484..10507
2026-09-08T09:08:57.234964Z  WARN foundry_evm_coverage::anchors: could not find anchor item=Line (location: (source ID: 53, lines: 297..298, bytes: 10517..10567), hits: 0) err=Could not find anchor: No matching instruction in range source ID: 53, lines: 297..298, bytes: 10517..10567
2026-09-08T09:08:57.234968Z  WARN foundry_evm_coverage::anchors: could not find anchor item=Statement (location: (source ID: 53, lines: 297..298, bytes: 10517..10567), hits: 0) err=Could not find anchor: No matching instruction in range source ID: 53, lines: 297..298, bytes: 10517..10567
2026-09-08T09:08:57.234971Z  WARN foundry_evm_coverage::anchors: could not find anchor item=Line (location: (source ID: 53, lines: 298..299, bytes: 10577..10590), hits: 0) err=Could not find anchor: No matching instruction in range source ID: 53, lines: 298..299, bytes: 10577..10590
2026-09-08T09:08:57.234975Z  WARN foundry_evm_coverage::anchors: could not find anchor item=Statement (location: (source ID: 53, lines: 298..299, bytes: 10577..10590), hits: 0) err=Could not find anchor: No matching instruction in range source ID: 53, lines: 298..299, bytes: 10577..10590
2026-09-08T09:08:57.234978Z  WARN foundry_evm_coverage::anchors: could not find anchor item=Line (location: (source ID: 53, lines: 301..304, bytes: 10603..10729), hits: 0) err=Could not find anchor: No matching instruction in range source ID: 53, lines: 301..304, bytes: 10603..10729
2026-09-08T09:08:57.234982Z  WARN foundry_evm_coverage::anchors: could not find anchor item=Function "maxWithdraw" (location: (source ID: 53, lines: 301..304, bytes: 10603..10729), hits: 0) err=Could not find anchor: No matching instruction in range source ID: 53, lines: 301..304, bytes: 10603..10729
2026-09-08T09:08:57.234985Z  WARN foundry_evm_coverage::anchors: could not find anchor item=Line (location: (source ID: 53, lines: 302..303, bytes: 10679..10722), hits: 0) err=Could not find anchor: No matching instruction in range source ID: 53, lines: 302..303, bytes: 10679..10722
2026-09-08T09:08:57.234988Z  WARN foundry_evm_coverage::anchors: could not find anchor item=Statement (location: (source ID: 53, lines: 302..303, bytes: 10679..10722), hits: 0) err=Could not find anchor: No matching instruction in range source ID: 53, lines: 302..303, bytes: 10679..10722
2026-09-08T09:08:57.234992Z  WARN foundry_evm_coverage::anchors: could not find anchor item=Statement (location: (source ID: 53, lines: 302..303, bytes: 10686..10722), hits: 0) err=Could not find anchor: No matching instruction in range source ID: 53, lines: 302..303, bytes: 10686..10722
2026-09-08T09:08:57.234995Z  WARN foundry_evm_coverage::anchors: could not find anchor item=Line (location: (source ID: 53, lines: 305..308, bytes: 10735..10843), hits: 0) err=Could not find anchor: No matching instruction in range source ID: 53, lines: 305..308, bytes: 10735..10843
2026-09-08T09:08:57.234998Z  WARN foundry_evm_coverage::anchors: could not find anchor item=Function "previewWithdraw" (location: (source ID: 53, lines: 305..308, bytes: 10735..10843), hits: 0) err=Could not find anchor: No matching instruction in range source ID: 53, lines: 305..308, bytes: 10735..10843
2026-09-08T09:08:57.235002Z  WARN foundry_evm_coverage::anchors: could not find anchor item=Line (location: (source ID: 53, lines: 306..307, bytes: 10816..10829), hits: 0) err=Could not find anchor: No matching instruction in range source ID: 53, lines: 306..307, bytes: 10816..10829
2026-09-08T09:08:57.235005Z  WARN foundry_evm_coverage::anchors: could not find anchor item=Statement (location: (source ID: 53, lines: 306..307, bytes: 10816..10829), hits: 0) err=Could not find anchor: No matching instruction in range source ID: 53, lines: 306..307, bytes: 10816..10829
2026-09-08T09:08:57.235010Z  WARN foundry_evm_coverage::anchors: could not find anchor item=Line (location: (source ID: 53, lines: 309..326, bytes: 10849..11499), hits: 0) err=Could not find anchor: No matching instruction in range source ID: 53, lines: 309..326, bytes: 10849..11499
2026-09-08T09:08:57.235014Z  WARN foundry_evm_coverage::anchors: could not find anchor item=Function "withdraw" (location: (source ID: 53, lines: 309..326, bytes: 10849..11499), hits: 0) err=Could not find anchor: No matching instruction in range source ID: 53, lines: 309..326, bytes: 10849..11499
2026-09-08T09:08:57.235017Z  WARN foundry_evm_coverage::anchors: could not find anchor item=Line (location: (source ID: 53, lines: 310..311, bytes: 10968..10979), hits: 0) err=Could not find anchor: No matching instruction in range source ID: 53, lines: 310..311, bytes: 10968..10979
2026-09-08T09:08:57.235021Z  WARN foundry_evm_coverage::anchors: could not find anchor item=Statement (location: (source ID: 53, lines: 310..311, bytes: 10968..10979), hits: 0) err=Could not find anchor: No matching instruction in range source ID: 53, lines: 310..311, bytes: 10968..10979
2026-09-08T09:08:57.235024Z  WARN foundry_evm_coverage::anchors: could not find anchor item=Statement (location: (source ID: 53, lines: 310..311, bytes: 10981..11000), hits: 0) err=Could not find anchor: No matching instruction in range source ID: 53, lines: 310..311, bytes: 10981..11000
2026-09-08T09:08:57.235028Z  WARN foundry_evm_coverage::anchors: could not find anchor item=Branch (branch: 27, path: 0) (location: (source ID: 53, lines: 310..311, bytes: 10981..11000), hits: 0) err=Could not find anchor: No matching instruction in range source ID: 53, lines: 310..311, bytes: 10981..11000
2026-09-08T09:08:57.235031Z  WARN foundry_evm_coverage::anchors: could not find anchor item=Line (location: (source ID: 53, lines: 311..312, bytes: 11010..11017), hits: 0) err=Could not find anchor: No matching instruction in range source ID: 53, lines: 311..312, bytes: 11010..11017
2026-09-08T09:08:57.235034Z  WARN foundry_evm_coverage::anchors: could not find anchor item=Statement (location: (source ID: 53, lines: 311..312, bytes: 11010..11017), hits: 0) err=Could not find anchor: No matching instruction in range source ID: 53, lines: 311..312, bytes: 11010..11017
2026-09-08T09:08:57.235038Z  WARN foundry_evm_coverage::anchors: could not find anchor item=Line (location: (source ID: 53, lines: 312..313, bytes: 11027..11105), hits: 0) err=Could not find anchor: No matching instruction in range source ID: 53, lines: 312..313, bytes: 11027..11105
2026-09-08T09:08:57.235041Z  WARN foundry_evm_coverage::anchors: could not find anchor item=Statement (location: (source ID: 53, lines: 312..313, bytes: 11027..11105), hits: 0) err=Could not find anchor: No matching instruction in range source ID: 53, lines: 312..313, bytes: 11027..11105
2026-09-08T09:08:57.235044Z  WARN foundry_evm_coverage::anchors: could not find anchor item=Statement (location: (source ID: 53, lines: 312..313, bytes: 11061..11105), hits: 0) err=Could not find anchor: No matching instruction in range source ID: 53, lines: 312..313, bytes: 11061..11105
2026-09-08T09:08:57.235048Z  WARN foundry_evm_coverage::anchors: could not find anchor item=Line (location: (source ID: 53, lines: 313..314, bytes: 11119..11125), hits: 0) err=Could not find anchor: No matching instruction in range source ID: 53, lines: 313..314, bytes: 11119..11125
2026-09-08T09:08:57.235051Z  WARN foundry_evm_coverage::anchors: could not find anchor item=Statement (location: (source ID: 53, lines: 313..314, bytes: 11119..11125), hits: 0) err=Could not find anchor: No matching instruction in range source ID: 53, lines: 313..314, bytes: 11119..11125
2026-09-08T09:08:57.235054Z  WARN foundry_evm_coverage::anchors: could not find anchor item=Statement (location: (source ID: 53, lines: 313..314, bytes: 11127..11157), hits: 0) err=Could not find anchor: No matching instruction in range source ID: 53, lines: 313..314, bytes: 11127..11157
2026-09-08T09:08:57.235060Z  WARN foundry_evm_coverage::anchors: could not find anchor item=Branch (branch: 28, path: 0) (location: (source ID: 53, lines: 313..314, bytes: 11127..11157), hits: 0) err=Could not find anchor: No matching instruction in range source ID: 53, lines: 313..314, bytes: 11127..11157
2026-09-08T09:08:57.235063Z  WARN foundry_evm_coverage::anchors: could not find anchor item=Line (location: (source ID: 53, lines: 315..316, bytes: 11168..11213), hits: 0) err=Could not find anchor: No matching instruction in range source ID: 53, lines: 315..316, bytes: 11168..11213
2026-09-08T09:08:57.235066Z  WARN foundry_evm_coverage::anchors: could not find anchor item=Statement (location: (source ID: 53, lines: 315..316, bytes: 11168..11213), hits: 0) err=Could not find anchor: No matching instruction in range source ID: 53, lines: 315..316, bytes: 11168..11213
2026-09-08T09:08:57.235070Z  WARN foundry_evm_coverage::anchors: could not find anchor item=Line (location: (source ID: 53, lines: 317..318, bytes: 11228..11247), hits: 0) err=Could not find anchor: No matching instruction in range source ID: 53, lines: 317..318, bytes: 11228..11247
2026-09-08T09:08:57.235073Z  WARN foundry_evm_coverage::anchors: could not find anchor item=Statement (location: (source ID: 53, lines: 317..318, bytes: 11228..11247), hits: 0) err=Could not find anchor: No matching instruction in range source ID: 53, lines: 317..318, bytes: 11228..11247
2026-09-08T09:08:57.235076Z  WARN foundry_evm_coverage::anchors: could not find anchor item=Branch (branch: 29, path: 0) (location: (source ID: 53, lines: 317..320, bytes: 11249..11316), hits: 0) err=Could not find anchor: No matching instruction in range source ID: 53, lines: 317..320, bytes: 11249..11316
2026-09-08T09:08:57.235079Z  WARN foundry_evm_coverage::anchors: could not find anchor item=Line (location: (source ID: 53, lines: 318..319, bytes: 11263..11305), hits: 0) err=Could not find anchor: No matching instruction in range source ID: 53, lines: 318..319, bytes: 11263..11305
2026-09-08T09:08:57.235082Z  WARN foundry_evm_coverage::anchors: could not find anchor item=Statement (location: (source ID: 53, lines: 318..319, bytes: 11263..11305), hits: 0) err=Could not find anchor: No matching instruction in range source ID: 53, lines: 318..319, bytes: 11263..11305
2026-09-08T09:08:57.235086Z  WARN foundry_evm_coverage::anchors: could not find anchor item=Line (location: (source ID: 53, lines: 321..322, bytes: 11326..11354), hits: 0) err=Could not find anchor: No matching instruction in range source ID: 53, lines: 321..322, bytes: 11326..11354
2026-09-08T09:08:57.235090Z  WARN foundry_evm_coverage::anchors: could not find anchor item=Statement (location: (source ID: 53, lines: 321..322, bytes: 11326..11354), hits: 0) err=Could not find anchor: No matching instruction in range source ID: 53, lines: 321..322, bytes: 11326..11354
2026-09-08T09:08:57.235093Z  WARN foundry_evm_coverage::anchors: could not find anchor item=Line (location: (source ID: 53, lines: 322..323, bytes: 11364..11401), hits: 0) err=Could not find anchor: No matching instruction in range source ID: 53, lines: 322..323, bytes: 11364..11401
2026-09-08T09:08:57.235097Z  WARN foundry_evm_coverage::anchors: could not find anchor item=Statement (location: (source ID: 53, lines: 322..323, bytes: 11364..11401), hits: 0) err=Could not find anchor: No matching instruction in range source ID: 53, lines: 322..323, bytes: 11364..11401
2026-09-08T09:08:57.234948Z  WARN foundry_evm_coverage::anchors: could not find anchor item=Statement (location: (source ID: 57, lines: 63..64, bytes: 2192..2206), hits: 0) err=Could not find anchor: No matching instruction in range source ID: 57, lines: 63..64, bytes: 2192..2206
2026-09-08T09:08:57.235099Z  WARN foundry_evm_coverage::anchors: could not find anchor item=Line (location: (source ID: 53, lines: 323..324, bytes: 11411..11469), hits: 0) err=Could not find anchor: No matching instruction in range source ID: 53, lines: 323..324, bytes: 11411..11469
2026-09-08T09:08:57.235112Z  WARN foundry_evm_coverage::anchors: could not find anchor item=Statement (location: (source ID: 53, lines: 323..324, bytes: 11411..11469), hits: 0) err=Could not find anchor: No matching instruction in range source ID: 53, lines: 323..324, bytes: 11411..11469
2026-09-08T09:08:57.235121Z  WARN foundry_evm_coverage::anchors: could not find anchor item=Line (location: (source ID: 53, lines: 324..325, bytes: 11479..11492), hits: 0) err=Could not find anchor: No matching instruction in range source ID: 53, lines: 324..325, bytes: 11479..11492
2026-09-08T09:08:57.235125Z  WARN foundry_evm_coverage::anchors: could not find anchor item=Statement (location: (source ID: 53, lines: 324..325, bytes: 11479..11492), hits: 0) err=Could not find anchor: No matching instruction in range source ID: 53, lines: 324..325, bytes: 11479..11492
2026-09-08T09:08:57.235128Z  WARN foundry_evm_coverage::anchors: could not find anchor item=Line (location: (source ID: 53, lines: 327..330, bytes: 11505..11611), hits: 0) err=Could not find anchor: No matching instruction in range source ID: 53, lines: 327..330, bytes: 11505..11611
2026-09-08T09:08:57.235132Z  WARN foundry_evm_coverage::anchors: could not find anchor item=Function "maxRedeem" (location: (source ID: 53, lines: 327..330, bytes: 11505..11611), hits: 0) err=Could not find anchor: No matching instruction in range source ID: 53, lines: 327..330, bytes: 11505..11611
2026-09-08T09:08:57.235136Z  WARN foundry_evm_coverage::anchors: could not find anchor item=Line (location: (source ID: 53, lines: 328..329, bytes: 11579..11604), hits: 0) err=Could not find anchor: No matching instruction in range source ID: 53, lines: 328..329, bytes: 11579..11604
2026-09-08T09:08:57.235139Z  WARN foundry_evm_coverage::anchors: could not find anchor item=Statement (location: (source ID: 53, lines: 328..329, bytes: 11579..11604), hits: 0) err=Could not find anchor: No matching instruction in range source ID: 53, lines: 328..329, bytes: 11579..11604
2026-09-08T09:08:57.235142Z  WARN foundry_evm_coverage::anchors: could not find anchor item=Statement (location: (source ID: 53, lines: 328..329, bytes: 11586..11604), hits: 0) err=Could not find anchor: No matching instruction in range source ID: 53, lines: 328..329, bytes: 11586..11604
2026-09-08T09:08:57.235145Z  WARN foundry_evm_coverage::anchors: could not find anchor item=Line (location: (source ID: 53, lines: 331..334, bytes: 11617..11723), hits: 0) err=Could not find anchor: No matching instruction in range source ID: 53, lines: 331..334, bytes: 11617..11723
2026-09-08T09:08:57.235148Z  WARN foundry_evm_coverage::anchors: could not find anchor item=Function "previewRedeem" (location: (source ID: 53, lines: 331..334, bytes: 11617..11723), hits: 0) err=Could not find anchor: No matching instruction in range source ID: 53, lines: 331..334, bytes: 11617..11723
2026-09-08T09:08:57.235151Z  WARN foundry_evm_coverage::anchors: could not find anchor item=Line (location: (source ID: 53, lines: 332..333, bytes: 11696..11709), hits: 0) err=Could not find anchor: No matching instruction in range source ID: 53, lines: 332..333, bytes: 11696..11709
2026-09-08T09:08:57.235155Z  WARN foundry_evm_coverage::anchors: could not find anchor item=Statement (location: (source ID: 53, lines: 332..333, bytes: 11696..11709), hits: 0) err=Could not find anchor: No matching instruction in range source ID: 53, lines: 332..333, bytes: 11696..11709
2026-09-08T09:08:57.235158Z  WARN foundry_evm_coverage::anchors: could not find anchor item=Line (location: (source ID: 53, lines: 335..352, bytes: 11729..12377), hits: 0) err=Could not find anchor: No matching instruction in range source ID: 53, lines: 335..352, bytes: 11729..12377
2026-09-08T09:08:57.235161Z  WARN foundry_evm_coverage::anchors: could not find anchor item=Function "redeem" (location: (source ID: 53, lines: 335..352, bytes: 11729..12377), hits: 0) err=Could not find anchor: No matching instruction in range source ID: 53, lines: 335..352, bytes: 11729..12377
2026-09-08T09:08:57.235164Z  WARN foundry_evm_coverage::anchors: could not find anchor item=Line (location: (source ID: 53, lines: 336..337, bytes: 11846..11857), hits: 0) err=Could not find anchor: No matching instruction in range source ID: 53, lines: 336..337, bytes: 11846..11857
2026-09-08T09:08:57.235172Z  WARN foundry_evm_coverage::anchors: could not find anchor item=Statement (location: (source ID: 53, lines: 336..337, bytes: 11846..11857), hits: 0) err=Could not find anchor: No matching instruction in range source ID: 53, lines: 336..337, bytes: 11846..11857
2026-09-08T09:08:57.235175Z  WARN foundry_evm_coverage::anchors: could not find anchor item=Statement (location: (source ID: 53, lines: 336..337, bytes: 11859..11878), hits: 0) err=Could not find anchor: No matching instruction in range source ID: 53, lines: 336..337, bytes: 11859..11878
2026-09-08T09:08:57.235178Z  WARN foundry_evm_coverage::anchors: could not find anchor item=Branch (branch: 30, path: 0) (location: (source ID: 53, lines: 336..337, bytes: 11859..11878), hits: 0) err=Could not find anchor: No matching instruction in range source ID: 53, lines: 336..337, bytes: 11859..11878
2026-09-08T09:08:57.235182Z  WARN foundry_evm_coverage::anchors: could not find anchor item=Line (location: (source ID: 53, lines: 337..338, bytes: 11888..11895), hits: 0) err=Could not find anchor: No matching instruction in range source ID: 53, lines: 337..338, bytes: 11888..11895
2026-09-08T09:08:57.235186Z  WARN foundry_evm_coverage::anchors: could not find anchor item=Statement (location: (source ID: 53, lines: 337..338, bytes: 11888..11895), hits: 0) err=Could not find anchor: No matching instruction in range source ID: 53, lines: 337..338, bytes: 11888..11895
2026-09-08T09:08:57.235189Z  WARN foundry_evm_coverage::anchors: could not find anchor item=Line (location: (source ID: 53, lines: 338..339, bytes: 11905..11983), hits: 0) err=Could not find anchor: No matching instruction in range source ID: 53, lines: 338..339, bytes: 11905..11983
2026-09-08T09:08:57.235191Z  WARN foundry_evm_coverage::anchors: could not find anchor item=Statement (location: (source ID: 53, lines: 338..339, bytes: 11905..11983), hits: 0) err=Could not find anchor: No matching instruction in range source ID: 53, lines: 338..339, bytes: 11905..11983
2026-09-08T09:08:57.235195Z  WARN foundry_evm_coverage::anchors: could not find anchor item=Statement (location: (source ID: 53, lines: 338..339, bytes: 11939..11983), hits: 0) err=Could not find anchor: No matching instruction in range source ID: 53, lines: 338..339, bytes: 11939..11983
2026-09-08T09:08:57.235199Z  WARN foundry_evm_coverage::anchors: could not find anchor item=Line (location: (source ID: 53, lines: 339..340, bytes: 11997..12003), hits: 0) err=Could not find anchor: No matching instruction in range source ID: 53, lines: 339..340, bytes: 11997..12003
2026-09-08T09:08:57.235202Z  WARN foundry_evm_coverage::anchors: could not find anchor item=Statement (location: (source ID: 53, lines: 339..340, bytes: 11997..12003), hits: 0) err=Could not find anchor: No matching instruction in range source ID: 53, lines: 339..340, bytes: 11997..12003
2026-09-08T09:08:57.235106Z  WARN foundry_evm_coverage::anchors: could not find anchor item=Line (location: (source ID: 57, lines: 66..74, bytes: 2219..2533), hits: 0) err=Could not find anchor: No matching instruction in range source ID: 57, lines: 66..74, bytes: 2219..2533
2026-09-08T09:08:57.235206Z  WARN foundry_evm_coverage::anchors: could not find anchor item=Statement (location: (source ID: 53, lines: 339..340, bytes: 12005..12035), hits: 0) err=Could not find anchor: No matching instruction in range source ID: 53, lines: 339..340, bytes: 12005..12035
2026-09-08T09:08:57.235217Z  WARN foundry_evm_coverage::anchors: could not find anchor item=Branch (branch: 31, path: 0) (location: (source ID: 53, lines: 339..340, bytes: 12005..12035), hits: 0) err=Could not find anchor: No matching instruction in range source ID: 53, lines: 339..340, bytes: 12005..12035
2026-09-08T09:08:57.235213Z  WARN foundry_evm_coverage::anchors: could not find anchor item=Function "deposit" (location: (source ID: 57, lines: 66..74, bytes: 2219..2533), hits: 0) err=Could not find anchor: No matching instruction in range source ID: 57, lines: 66..74, bytes: 2219..2533
2026-09-08T09:08:57.235221Z  WARN foundry_evm_coverage::anchors: could not find anchor item=Line (location: (source ID: 53, lines: 341..342, bytes: 12046..12091), hits: 0) err=Could not find anchor: No matching instruction in range source ID: 53, lines: 341..342, bytes: 12046..12091
2026-09-08T09:08:57.235235Z  WARN foundry_evm_coverage::anchors: could not find anchor item=Statement (location: (source ID: 53, lines: 341..342, bytes: 12046..12091), hits: 0) err=Could not find anchor: No matching instruction in range source ID: 53, lines: 341..342, bytes: 12046..12091
2026-09-08T09:08:57.235238Z  WARN foundry_evm_coverage::anchors: could not find anchor item=Line (location: (source ID: 53, lines: 343..344, bytes: 12106..12125), hits: 0) err=Could not find anchor: No matching instruction in range source ID: 53, lines: 343..344, bytes: 12106..12125
2026-09-08T09:08:57.235242Z  WARN foundry_evm_coverage::anchors: could not find anchor item=Statement (location: (source ID: 53, lines: 343..344, bytes: 12106..12125), hits: 0) err=Could not find anchor: No matching instruction in range source ID: 53, lines: 343..344, bytes: 12106..12125
2026-09-08T09:08:57.235245Z  WARN foundry_evm_coverage::anchors: could not find anchor item=Branch (branch: 32, path: 0) (location: (source ID: 53, lines: 343..346, bytes: 12127..12194), hits: 0) err=Could not find anchor: No matching instruction in range source ID: 53, lines: 343..346, bytes: 12127..12194
2026-09-08T09:08:57.235249Z  WARN foundry_evm_coverage::anchors: could not find anchor item=Line (location: (source ID: 53, lines: 344..345, bytes: 12141..12183), hits: 0) err=Could not find anchor: No matching instruction in range source ID: 53, lines: 344..345, bytes: 12141..12183
2026-09-08T09:08:57.235253Z  WARN foundry_evm_coverage::anchors: could not find anchor item=Statement (location: (source ID: 53, lines: 344..345, bytes: 12141..12183), hits: 0) err=Could not find anchor: No matching instruction in range source ID: 53, lines: 344..345, bytes: 12141..12183
2026-09-08T09:08:57.235256Z  WARN foundry_evm_coverage::anchors: could not find anchor item=Line (location: (source ID: 53, lines: 347..348, bytes: 12204..12232), hits: 0) err=Could not find anchor: No matching instruction in range source ID: 53, lines: 347..348, bytes: 12204..12232
2026-09-08T09:08:57.235260Z  WARN foundry_evm_coverage::anchors: could not find anchor item=Statement (location: (source ID: 53, lines: 347..348, bytes: 12204..12232), hits: 0) err=Could not find anchor: No matching instruction in range source ID: 53, lines: 347..348, bytes: 12204..12232
2026-09-08T09:08:57.235263Z  WARN foundry_evm_coverage::anchors: could not find anchor item=Line (location: (source ID: 53, lines: 348..349, bytes: 12242..12279), hits: 0) err=Could not find anchor: No matching instruction in range source ID: 53, lines: 348..349, bytes: 12242..12279
2026-09-08T09:08:57.235266Z  WARN foundry_evm_coverage::anchors: could not find anchor item=Statement (location: (source ID: 53, lines: 348..349, bytes: 12242..12279), hits: 0) err=Could not find anchor: No matching instruction in range source ID: 53, lines: 348..349, bytes: 12242..12279
2026-09-08T09:08:57.235269Z  WARN foundry_evm_coverage::anchors: could not find anchor item=Line (location: (source ID: 53, lines: 349..350, bytes: 12289..12347), hits: 0) err=Could not find anchor: No matching instruction in range source ID: 53, lines: 349..350, bytes: 12289..12347
2026-09-08T09:08:57.235272Z  WARN foundry_evm_coverage::anchors: could not find anchor item=Statement (location: (source ID: 53, lines: 349..350, bytes: 12289..12347), hits: 0) err=Could not find anchor: No matching instruction in range source ID: 53, lines: 349..350, bytes: 12289..12347
2026-09-08T09:08:57.235276Z  WARN foundry_evm_coverage::anchors: could not find anchor item=Line (location: (source ID: 53, lines: 350..351, bytes: 12357..12370), hits: 0) err=Could not find anchor: No matching instruction in range source ID: 53, lines: 350..351, bytes: 12357..12370
2026-09-08T09:08:57.235281Z  WARN foundry_evm_coverage::anchors: could not find anchor item=Statement (location: (source ID: 53, lines: 350..351, bytes: 12357..12370), hits: 0) err=Could not find anchor: No matching instruction in range source ID: 53, lines: 350..351, bytes: 12357..12370
2026-09-08T09:08:57.235285Z  WARN foundry_evm_coverage::anchors: could not find anchor item=Line (location: (source ID: 53, lines: 353..368, bytes: 12383..12918), hits: 0) err=Could not find anchor: No matching instruction in range source ID: 53, lines: 353..368, bytes: 12383..12918
2026-09-08T09:08:57.235288Z  WARN foundry_evm_coverage::anchors: could not find anchor item=Function "_findClaimableDepositRequest" (location: (source ID: 53, lines: 353..368, bytes: 12383..12918), hits: 0) err=Could not find anchor: No matching instruction in range source ID: 53, lines: 353..368, bytes: 12383..12918
2026-09-08T09:08:57.235291Z  WARN foundry_evm_coverage::anchors: could not find anchor item=Line (location: (source ID: 53, lines: 358..359, bytes: 12547..12594), hits: 0) err=Could not find anchor: No matching instruction in range source ID: 53, lines: 358..359, bytes: 12547..12594
2026-09-08T09:08:57.235294Z  WARN foundry_evm_coverage::anchors: could not find anchor item=Statement (location: (source ID: 53, lines: 358..359, bytes: 12547..12594), hits: 0) err=Could not find anchor: No matching instruction in range source ID: 53, lines: 358..359, bytes: 12547..12594
2026-09-08T09:08:57.235298Z  WARN foundry_evm_coverage::anchors: could not find anchor item=Line (location: (source ID: 53, lines: 359..360, bytes: 12609..12622), hits: 0) err=Could not find anchor: No matching instruction in range source ID: 53, lines: 359..360, bytes: 12609..12622
2026-09-08T09:08:57.235301Z  WARN foundry_evm_coverage::anchors: could not find anchor item=Statement (location: (source ID: 53, lines: 359..360, bytes: 12609..12622), hits: 0) err=Could not find anchor: No matching instruction in range source ID: 53, lines: 359..360, bytes: 12609..12622
2026-09-08T09:08:57.235304Z  WARN foundry_evm_coverage::anchors: could not find anchor item=Statement (location: (source ID: 53, lines: 359..360, bytes: 12624..12638), hits: 0) err=Could not find anchor: No matching instruction in range source ID: 53, lines: 359..360, bytes: 12624..12638
2026-09-08T09:08:57.235308Z  WARN foundry_evm_coverage::anchors: could not find anchor item=Statement (location: (source ID: 53, lines: 359..360, bytes: 12640..12643), hits: 0) err=Could not find anchor: No matching instruction in range source ID: 53, lines: 359..360, bytes: 12640..12643
2026-09-08T09:08:57.235311Z  WARN foundry_evm_coverage::anchors: could not find anchor item=Line (location: (source ID: 53, lines: 360..361, bytes: 12659..12704), hits: 0) err=Could not find anchor: No matching instruction in range source ID: 53, lines: 360..361, bytes: 12659..12704
2026-09-08T09:08:57.235314Z  WARN foundry_evm_coverage::anchors: could not find anchor item=Statement (location: (source ID: 53, lines: 360..361, bytes: 12659..12704), hits: 0) err=Could not find anchor: No matching instruction in range source ID: 53, lines: 360..361, bytes: 12659..12704
2026-09-08T09:08:57.235318Z  WARN foundry_evm_coverage::anchors: could not find anchor item=Line (location: (source ID: 53, lines: 361..362, bytes: 12718..12762), hits: 0) err=Could not find anchor: No matching instruction in range source ID: 53, lines: 361..362, bytes: 12718..12762
2026-09-08T09:08:57.235321Z  WARN foundry_evm_coverage::anchors: could not find anchor item=Statement (location: (source ID: 53, lines: 361..362, bytes: 12718..12762), hits: 0) err=Could not find anchor: No matching instruction in range source ID: 53, lines: 361..362, bytes: 12718..12762
2026-09-08T09:08:57.235324Z  WARN foundry_evm_coverage::anchors: could not find anchor item=Statement (location: (source ID: 53, lines: 361..362, bytes: 12738..12762), hits: 0) err=Could not find anchor: No matching instruction in range source ID: 53, lines: 361..362, bytes: 12738..12762
2026-09-08T09:08:57.235329Z  WARN foundry_evm_coverage::anchors: could not find anchor item=Line (location: (source ID: 53, lines: 362..363, bytes: 12780..12802), hits: 0) err=Could not find anchor: No matching instruction in range source ID: 53, lines: 362..363, bytes: 12780..12802
2026-09-08T09:08:57.235333Z  WARN foundry_evm_coverage::anchors: could not find anchor item=Statement (location: (source ID: 53, lines: 362..363, bytes: 12780..12802), hits: 0) err=Could not find anchor: No matching instruction in range source ID: 53, lines: 362..363, bytes: 12780..12802
2026-09-08T09:08:57.235336Z  WARN foundry_evm_coverage::anchors: could not find anchor item=Statement (location: (source ID: 53, lines: 362..363, bytes: 12780..12819), hits: 0) err=Could not find anchor: No matching instruction in range source ID: 53, lines: 362..363, bytes: 12780..12819
2026-09-08T09:08:57.235339Z  WARN foundry_evm_coverage::anchors: could not find anchor item=Statement (location: (source ID: 53, lines: 362..363, bytes: 12806..12819), hits: 0) err=Could not find anchor: No matching instruction in range source ID: 53, lines: 362..363, bytes: 12806..12819
2026-09-08T09:08:57.235343Z  WARN foundry_evm_coverage::anchors: could not find anchor item=Branch (branch: 33, path: 0) (location: (source ID: 53, lines: 362..365, bytes: 12821..12875), hits: 0) err=Could not find anchor: No matching instruction in range source ID: 53, lines: 362..365, bytes: 12821..12875
2026-09-08T09:08:57.235346Z  WARN foundry_evm_coverage::anchors: could not find anchor item=Line (location: (source ID: 53, lines: 363..364, bytes: 12839..12860), hits: 0) err=Could not find anchor: No matching instruction in range source ID: 53, lines: 363..364, bytes: 12839..12860
2026-09-08T09:08:57.235349Z  WARN foundry_evm_coverage::anchors: could not find anchor item=Statement (location: (source ID: 53, lines: 363..364, bytes: 12839..12860), hits: 0) err=Could not find anchor: No matching instruction in range source ID: 53, lines: 363..364, bytes: 12839..12860
2026-09-08T09:08:57.235352Z  WARN foundry_evm_coverage::anchors: could not find anchor item=Line (location: (source ID: 53, lines: 366..367, bytes: 12894..12911), hits: 0) err=Could not find anchor: No matching instruction in range source ID: 53, lines: 366..367, bytes: 12894..12911
2026-09-08T09:08:57.235356Z  WARN foundry_evm_coverage::anchors: could not find anchor item=Statement (location: (source ID: 53, lines: 366..367, bytes: 12894..12911), hits: 0) err=Could not find anchor: No matching instruction in range source ID: 53, lines: 366..367, bytes: 12894..12911
2026-09-08T09:08:57.235359Z  WARN foundry_evm_coverage::anchors: could not find anchor item=Line (location: (source ID: 53, lines: 369..384, bytes: 12924..13462), hits: 0) err=Could not find anchor: No matching instruction in range source ID: 53, lines: 369..384, bytes: 12924..13462
2026-09-08T09:08:57.235362Z  WARN foundry_evm_coverage::anchors: could not find anchor item=Function "_findClaimableWithdrawRequest" (location: (source ID: 53, lines: 369..384, bytes: 12924..13462), hits: 0) err=Could not find anchor: No matching instruction in range source ID: 53, lines: 369..384, bytes: 12924..13462
2026-09-08T09:08:57.235365Z  WARN foundry_evm_coverage::anchors: could not find anchor item=Line (location: (source ID: 53, lines: 374..375, bytes: 13089..13137), hits: 0) err=Could not find anchor: No matching instruction in range source ID: 53, lines: 374..375, bytes: 13089..13137
2026-09-08T09:08:57.235369Z  WARN foundry_evm_coverage::anchors: could not find anchor item=Statement (location: (source ID: 53, lines: 374..375, bytes: 13089..13137), hits: 0) err=Could not find anchor: No matching instruction in range source ID: 53, lines: 374..375, bytes: 13089..13137
2026-09-08T09:08:57.235372Z  WARN foundry_evm_coverage::anchors: could not find anchor item=Line (location: (source ID: 53, lines: 375..376, bytes: 13152..13165), hits: 0) err=Could not find anchor: No matching instruction in range source ID: 53, lines: 375..376, bytes: 13152..13165
2026-09-08T09:08:57.235379Z  WARN foundry_evm_coverage::anchors: could not find anchor item=Statement (location: (source ID: 53, lines: 375..376, bytes: 13152..13165), hits: 0) err=Could not find anchor: No matching instruction in range source ID: 53, lines: 375..376, bytes: 13152..13165
2026-09-08T09:08:57.235382Z  WARN foundry_evm_coverage::anchors: could not find anchor item=Statement (location: (source ID: 53, lines: 375..376, bytes: 13167..13181), hits: 0) err=Could not find anchor: No matching instruction in range source ID: 53, lines: 375..376, bytes: 13167..13181
2026-09-08T09:08:57.235385Z  WARN foundry_evm_coverage::anchors: could not find anchor item=Statement (location: (source ID: 53, lines: 375..376, bytes: 13183..13186), hits: 0) err=Could not find anchor: No matching instruction in range source ID: 53, lines: 375..376, bytes: 13183..13186
2026-09-08T09:08:57.235388Z  WARN foundry_evm_coverage::anchors: could not find anchor item=Line (location: (source ID: 53, lines: 376..377, bytes: 13202..13248), hits: 0) err=Could not find anchor: No matching instruction in range source ID: 53, lines: 376..377, bytes: 13202..13248
2026-09-08T09:08:57.235392Z  WARN foundry_evm_coverage::anchors: could not find anchor item=Statement (location: (source ID: 53, lines: 376..377, bytes: 13202..13248), hits: 0) err=Could not find anchor: No matching instruction in range source ID: 53, lines: 376..377, bytes: 13202..13248
2026-09-08T09:08:57.235395Z  WARN foundry_evm_coverage::anchors: could not find anchor item=Line (location: (source ID: 53, lines: 377..378, bytes: 13262..13306), hits: 0) err=Could not find anchor: No matching instruction in range source ID: 53, lines: 377..378, bytes: 13262..13306
2026-09-08T09:08:57.235398Z  WARN foundry_evm_coverage::anchors: could not find anchor item=Statement (location: (source ID: 53, lines: 377..378, bytes: 13262..13306), hits: 0) err=Could not find anchor: No matching instruction in range source ID: 53, lines: 377..378, bytes: 13262..13306
2026-09-08T09:08:57.235402Z  WARN foundry_evm_coverage::anchors: could not find anchor item=Statement (location: (source ID: 53, lines: 377..378, bytes: 13282..13306), hits: 0) err=Could not find anchor: No matching instruction in range source ID: 53, lines: 377..378, bytes: 13282..13306
2026-09-08T09:08:57.235405Z  WARN foundry_evm_coverage::anchors: could not find anchor item=Line (location: (source ID: 53, lines: 378..379, bytes: 13324..13346), hits: 0) err=Could not find anchor: No matching instruction in range source ID: 53, lines: 378..379, bytes: 13324..13346
2026-09-08T09:08:57.235408Z  WARN foundry_evm_coverage::anchors: could not find anchor item=Statement (location: (source ID: 53, lines: 378..379, bytes: 13324..13346), hits: 0) err=Could not find anchor: No matching instruction in range source ID: 53, lines: 378..379, bytes: 13324..13346
2026-09-08T09:08:57.235411Z  WARN foundry_evm_coverage::anchors: could not find anchor item=Statement (location: (source ID: 53, lines: 378..379, bytes: 13324..13363), hits: 0) err=Could not find anchor: No matching instruction in range source ID: 53, lines: 378..379, bytes: 13324..13363
2026-09-08T09:08:57.235415Z  WARN foundry_evm_coverage::anchors: could not find anchor item=Statement (location: (source ID: 53, lines: 378..379, bytes: 13350..13363), hits: 0) err=Could not find anchor: No matching instruction in range source ID: 53, lines: 378..379, bytes: 13350..13363
2026-09-08T09:08:57.235418Z  WARN foundry_evm_coverage::anchors: could not find anchor item=Branch (branch: 34, path: 0) (location: (source ID: 53, lines: 378..381, bytes: 13365..13419), hits: 0) err=Could not find anchor: No matching instruction in range source ID: 53, lines: 378..381, bytes: 13365..13419
2026-09-08T09:08:57.235421Z  WARN foundry_evm_coverage::anchors: could not find anchor item=Line (location: (source ID: 53, lines: 379..380, bytes: 13383..13404), hits: 0) err=Could not find anchor: No matching instruction in range source ID: 53, lines: 379..380, bytes: 13383..13404
2026-09-08T09:08:57.235424Z  WARN foundry_evm_coverage::anchors: could not find anchor item=Statement (location: (source ID: 53, lines: 379..380, bytes: 13383..13404), hits: 0) err=Could not find anchor: No matching instruction in range source ID: 53, lines: 379..380, bytes: 13383..13404
2026-09-08T09:08:57.235430Z  WARN foundry_evm_coverage::anchors: could not find anchor item=Line (location: (source ID: 53, lines: 382..383, bytes: 13438..13455), hits: 0) err=Could not find anchor: No matching instruction in range source ID: 53, lines: 382..383, bytes: 13438..13455
2026-09-08T09:08:57.235433Z  WARN foundry_evm_coverage::anchors: could not find anchor item=Statement (location: (source ID: 53, lines: 382..383, bytes: 13438..13455), hits: 0) err=Could not find anchor: No matching instruction in range source ID: 53, lines: 382..383, bytes: 13438..13455
2026-09-08T09:08:57.235436Z  WARN foundry_evm_coverage::anchors: could not find anchor item=Line (location: (source ID: 53, lines: 385..394, bytes: 13468..13852), hits: 0) err=Could not find anchor: No matching instruction in range source ID: 53, lines: 385..394, bytes: 13468..13852
2026-09-08T09:08:57.235440Z  WARN foundry_evm_coverage::anchors: could not find anchor item=Function "_getFulfillableDepositAmount" (location: (source ID: 53, lines: 385..394, bytes: 13468..13852), hits: 0) err=Could not find anchor: No matching instruction in range source ID: 53, lines: 385..394, bytes: 13468..13852
2026-09-08T09:08:57.235443Z  WARN foundry_evm_coverage::anchors: could not find anchor item=Line (location: (source ID: 53, lines: 386..387, bytes: 13569..13616), hits: 0) err=Could not find anchor: No matching instruction in range source ID: 53, lines: 386..387, bytes: 13569..13616
2026-09-08T09:08:57.235446Z  WARN foundry_evm_coverage::anchors: could not find anchor item=Statement (location: (source ID: 53, lines: 386..387, bytes: 13569..13616), hits: 0) err=Could not find anchor: No matching instruction in range source ID: 53, lines: 386..387, bytes: 13569..13616
2026-09-08T09:08:57.235449Z  WARN foundry_evm_coverage::anchors: could not find anchor item=Line (location: (source ID: 53, lines: 387..388, bytes: 13631..13644), hits: 0) err=Could not find anchor: No matching instruction in range source ID: 53, lines: 387..388, bytes: 13631..13644
2026-09-08T09:08:57.235453Z  WARN foundry_evm_coverage::anchors: could not find anchor item=Statement (location: (source ID: 53, lines: 387..388, bytes: 13631..13644), hits: 0) err=Could not find anchor: No matching instruction in range source ID: 53, lines: 387..388, bytes: 13631..13644
2026-09-08T09:08:57.235456Z  WARN foundry_evm_coverage::anchors: could not find anchor item=Statement (location: (source ID: 53, lines: 387..388, bytes: 13646..13660), hits: 0) err=Could not find anchor: No matching instruction in range source ID: 53, lines: 387..388, bytes: 13646..13660
2026-09-08T09:08:57.235459Z  WARN foundry_evm_coverage::anchors: could not find anchor item=Statement (location: (source ID: 53, lines: 387..388, bytes: 13662..13665), hits: 0) err=Could not find anchor: No matching instruction in range source ID: 53, lines: 387..388, bytes: 13662..13665
2026-09-08T09:08:57.235462Z  WARN foundry_evm_coverage::anchors: could not find anchor item=Line (location: (source ID: 53, lines: 388..389, bytes: 13681..13726), hits: 0) err=Could not find anchor: No matching instruction in range source ID: 53, lines: 388..389, bytes: 13681..13726
2026-09-08T09:08:57.235466Z  WARN foundry_evm_coverage::anchors: could not find anchor item=Statement (location: (source ID: 53, lines: 388..389, bytes: 13681..13726), hits: 0) err=Could not find anchor: No matching instruction in range source ID: 53, lines: 388..389, bytes: 13681..13726
2026-09-08T09:08:57.235231Z  WARN foundry_evm_coverage::anchors: could not find anchor item=Line (location: (source ID: 57, lines: 67..68, bytes: 2308..2345), hits: 0) err=Could not find anchor: No matching instruction in range source ID: 57, lines: 67..68, bytes: 2308..2345
2026-09-08T09:08:57.235469Z  WARN foundry_evm_coverage::anchors: could not find anchor item=Line (location: (source ID: 53, lines: 389..390, bytes: 13744..13768), hits: 0) err=Could not find anchor: No matching instruction in range source ID: 53, lines: 389..390, bytes: 13744..13768
2026-09-08T09:08:57.235480Z  WARN foundry_evm_coverage::anchors: could not find anchor item=Statement (location: (source ID: 53, lines: 389..390, bytes: 13744..13768), hits: 0) err=Could not find anchor: No matching instruction in range source ID: 53, lines: 389..390, bytes: 13744..13768
2026-09-08T09:08:57.235484Z  WARN foundry_evm_coverage::anchors: could not find anchor item=Branch (branch: 35, path: 0) (location: (source ID: 53, lines: 389..392, bytes: 13770..13836), hits: 0) err=Could not find anchor: No matching instruction in range source ID: 53, lines: 389..392, bytes: 13770..13836
2026-09-08T09:08:57.235487Z  WARN foundry_evm_coverage::anchors: could not find anchor item=Line (location: (source ID: 53, lines: 390..391, bytes: 13788..13821), hits: 0) err=Could not find anchor: No matching instruction in range source ID: 53, lines: 390..391, bytes: 13788..13821
2026-09-08T09:08:57.235491Z  WARN foundry_evm_coverage::anchors: could not find anchor item=Statement (location: (source ID: 53, lines: 390..391, bytes: 13788..13821), hits: 0) err=Could not find anchor: No matching instruction in range source ID: 53, lines: 390..391, bytes: 13788..13821
2026-09-08T09:08:57.235494Z  WARN foundry_evm_coverage::anchors: could not find anchor item=Line (location: (source ID: 53, lines: 395..404, bytes: 13858..14245), hits: 0) err=Could not find anchor: No matching instruction in range source ID: 53, lines: 395..404, bytes: 13858..14245
2026-09-08T09:08:57.235497Z  WARN foundry_evm_coverage::anchors: could not find anchor item=Function "_getFulfillableWithdrawAmount" (location: (source ID: 53, lines: 395..404, bytes: 13858..14245), hits: 0) err=Could not find anchor: No matching instruction in range source ID: 53, lines: 395..404, bytes: 13858..14245
2026-09-08T09:08:57.235500Z  WARN foundry_evm_coverage::anchors: could not find anchor item=Line (location: (source ID: 53, lines: 396..397, bytes: 13960..14008), hits: 0) err=Could not find anchor: No matching instruction in range source ID: 53, lines: 396..397, bytes: 13960..14008
2026-09-08T09:08:57.235503Z  WARN foundry_evm_coverage::anchors: could not find anchor item=Statement (location: (source ID: 53, lines: 396..397, bytes: 13960..14008), hits: 0) err=Could not find anchor: No matching instruction in range source ID: 53, lines: 396..397, bytes: 13960..14008
2026-09-08T09:08:57.235506Z  WARN foundry_evm_coverage::anchors: could not find anchor item=Line (location: (source ID: 53, lines: 397..398, bytes: 14023..14036), hits: 0) err=Could not find anchor: No matching instruction in range source ID: 53, lines: 397..398, bytes: 14023..14036
2026-09-08T09:08:57.235509Z  WARN foundry_evm_coverage::anchors: could not find anchor item=Statement (location: (source ID: 53, lines: 397..398, bytes: 14023..14036), hits: 0) err=Could not find anchor: No matching instruction in range source ID: 53, lines: 397..398, bytes: 14023..14036
2026-09-08T09:08:57.235512Z  WARN foundry_evm_coverage::anchors: could not find anchor item=Statement (location: (source ID: 53, lines: 397..398, bytes: 14038..14052), hits: 0) err=Could not find anchor: No matching instruction in range source ID: 53, lines: 397..398, bytes: 14038..14052
2026-09-08T09:08:57.235515Z  WARN foundry_evm_coverage::anchors: could not find anchor item=Statement (location: (source ID: 53, lines: 397..398, bytes: 14054..14057), hits: 0) err=Could not find anchor: No matching instruction in range source ID: 53, lines: 397..398, bytes: 14054..14057
2026-09-08T09:08:57.235518Z  WARN foundry_evm_coverage::anchors: could not find anchor item=Line (location: (source ID: 53, lines: 398..399, bytes: 14073..14119), hits: 0) err=Could not find anchor: No matching instruction in range source ID: 53, lines: 398..399, bytes: 14073..14119
2026-09-08T09:08:57.235522Z  WARN foundry_evm_coverage::anchors: could not find anchor item=Statement (location: (source ID: 53, lines: 398..399, bytes: 14073..14119), hits: 0) err=Could not find anchor: No matching instruction in range source ID: 53, lines: 398..399, bytes: 14073..14119
2026-09-08T09:08:57.235526Z  WARN foundry_evm_coverage::anchors: could not find anchor item=Line (location: (source ID: 53, lines: 399..400, bytes: 14137..14161), hits: 0) err=Could not find anchor: No matching instruction in range source ID: 53, lines: 399..400, bytes: 14137..14161
2026-09-08T09:08:57.235529Z  WARN foundry_evm_coverage::anchors: could not find anchor item=Statement (location: (source ID: 53, lines: 399..400, bytes: 14137..14161), hits: 0) err=Could not find anchor: No matching instruction in range source ID: 53, lines: 399..400, bytes: 14137..14161
2026-09-08T09:08:57.235532Z  WARN foundry_evm_coverage::anchors: could not find anchor item=Branch (branch: 36, path: 0) (location: (source ID: 53, lines: 399..402, bytes: 14163..14229), hits: 0) err=Could not find anchor: No matching instruction in range source ID: 53, lines: 399..402, bytes: 14163..14229
2026-09-08T09:08:57.235535Z  WARN foundry_evm_coverage::anchors: could not find anchor item=Line (location: (source ID: 53, lines: 400..401, bytes: 14181..14214), hits: 0) err=Could not find anchor: No matching instruction in range source ID: 53, lines: 400..401, bytes: 14181..14214
2026-09-08T09:08:57.235538Z  WARN foundry_evm_coverage::anchors: could not find anchor item=Statement (location: (source ID: 53, lines: 400..401, bytes: 14181..14214), hits: 0) err=Could not find anchor: No matching instruction in range source ID: 53, lines: 400..401, bytes: 14181..14214
2026-09-08T09:08:57.235542Z  WARN foundry_evm_coverage::anchors: could not find anchor item=Line (location: (source ID: 53, lines: 405..415, bytes: 14251..14678), hits: 0) err=Could not find anchor: No matching instruction in range source ID: 53, lines: 405..415, bytes: 14251..14678
2026-09-08T09:08:57.235545Z  WARN foundry_evm_coverage::anchors: could not find anchor item=Function "mintViaAuction" (location: (source ID: 53, lines: 405..415, bytes: 14251..14678), hits: 0) err=Could not find anchor: No matching instruction in range source ID: 53, lines: 405..415, bytes: 14251..14678
2026-09-08T09:08:57.235548Z  WARN foundry_evm_coverage::anchors: could not find anchor item=Line (location: (source ID: 53, lines: 406..407, bytes: 14351..14371), hits: 0) err=Could not find anchor: No matching instruction in range source ID: 53, lines: 406..407, bytes: 14351..14371
2026-09-08T09:08:57.235551Z  WARN foundry_evm_coverage::anchors: could not find anchor item=Statement (location: (source ID: 53, lines: 406..407, bytes: 14351..14371), hits: 0) err=Could not find anchor: No matching instruction in range source ID: 53, lines: 406..407, bytes: 14351..14371
2026-09-08T09:08:57.235555Z  WARN foundry_evm_coverage::anchors: could not find anchor item=Line (location: (source ID: 53, lines: 407..408, bytes: 14381..14413), hits: 0) err=Could not find anchor: No matching instruction in range source ID: 53, lines: 407..408, bytes: 14381..14413
2026-09-08T09:08:57.235475Z  WARN foundry_evm_coverage::anchors: could not find anchor item=Statement (location: (source ID: 57, lines: 67..68, bytes: 2308..2345), hits: 0) err=Could not find anchor: No matching instruction in range source ID: 57, lines: 67..68, bytes: 2308..2345
2026-09-08T09:08:57.235558Z  WARN foundry_evm_coverage::anchors: could not find anchor item=Statement (location: (source ID: 53, lines: 407..408, bytes: 14381..14413), hits: 0) err=Could not find anchor: No matching instruction in range source ID: 53, lines: 407..408, bytes: 14381..14413
2026-09-08T09:08:57.235574Z  WARN foundry_evm_coverage::anchors: could not find anchor item=Line (location: (source ID: 53, lines: 408..409, bytes: 14423..14497), hits: 0) err=Could not find anchor: No matching instruction in range source ID: 53, lines: 408..409, bytes: 14423..14497
2026-09-08T09:08:57.235578Z  WARN foundry_evm_coverage::anchors: could not find anchor item=Statement (location: (source ID: 53, lines: 408..409, bytes: 14423..14497), hits: 0) err=Could not find anchor: No matching instruction in range source ID: 53, lines: 408..409, bytes: 14423..14497
2026-09-08T09:08:57.235569Z  WARN foundry_evm_coverage::anchors: could not find anchor item=Line (location: (source ID: 57, lines: 68..69, bytes: 2359..2387), hits: 0) err=Could not find anchor: No matching instruction in range source ID: 57, lines: 68..69, bytes: 2359..2387
2026-09-08T09:08:57.235587Z  WARN foundry_evm_coverage::anchors: could not find anchor item=Branch (branch: 37, path: 0) (location: (source ID: 53, lines: 408..409, bytes: 14423..14497), hits: 0) err=Could not detect branches in source: source ID: 53, lines: 408..409, bytes: 14423..14497
2026-09-08T09:08:57.235593Z  WARN foundry_evm_coverage::anchors: could not find anchor item=Statement (location: (source ID: 57, lines: 68..69, bytes: 2359..2387), hits: 0) err=Could not find anchor: No matching instruction in range source ID: 57, lines: 68..69, bytes: 2359..2387
2026-09-08T09:08:57.235599Z  WARN foundry_evm_coverage::anchors: could not find anchor item=Branch (branch: 37, path: 1) (location: (source ID: 53, lines: 408..409, bytes: 14423..14497), hits: 0) err=Could not detect branches in source: source ID: 53, lines: 408..409, bytes: 14423..14497
2026-09-08T09:08:57.235608Z  WARN foundry_evm_coverage::anchors: could not find anchor item=Line (location: (source ID: 53, lines: 409..410, bytes: 14507..14543), hits: 0) err=Could not find anchor: No matching instruction in range source ID: 53, lines: 409..410, bytes: 14507..14543
2026-09-08T09:08:57.235611Z  WARN foundry_evm_coverage::anchors: could not find anchor item=Statement (location: (source ID: 53, lines: 409..410, bytes: 14507..14543), hits: 0) err=Could not find anchor: No matching instruction in range source ID: 53, lines: 409..410, bytes: 14507..14543
2026-09-08T09:08:57.235614Z  WARN foundry_evm_coverage::anchors: could not find anchor item=Line (location: (source ID: 53, lines: 411..412, bytes: 14554..14571), hits: 0) err=Could not find anchor: No matching instruction in range source ID: 53, lines: 411..412, bytes: 14554..14571
2026-09-08T09:08:57.235618Z  WARN foundry_evm_coverage::anchors: could not find anchor item=Statement (location: (source ID: 53, lines: 411..412, bytes: 14554..14571), hits: 0) err=Could not find anchor: No matching instruction in range source ID: 53, lines: 411..412, bytes: 14554..14571
2026-09-08T09:08:57.235621Z  WARN foundry_evm_coverage::anchors: could not find anchor item=Line (location: (source ID: 53, lines: 412..413, bytes: 14581..14617), hits: 0) err=Could not find anchor: No matching instruction in range source ID: 53, lines: 412..413, bytes: 14581..14617
2026-09-08T09:08:57.235624Z  WARN foundry_evm_coverage::anchors: could not find anchor item=Statement (location: (source ID: 53, lines: 412..413, bytes: 14581..14617), hits: 0) err=Could not find anchor: No matching instruction in range source ID: 53, lines: 412..413, bytes: 14581..14617
2026-09-08T09:08:57.235628Z  WARN foundry_evm_coverage::anchors: could not find anchor item=Line (location: (source ID: 53, lines: 413..414, bytes: 14627..14671), hits: 0) err=Could not find anchor: No matching instruction in range source ID: 53, lines: 413..414, bytes: 14627..14671
2026-09-08T09:08:57.235631Z  WARN foundry_evm_coverage::anchors: could not find anchor item=Statement (location: (source ID: 53, lines: 413..414, bytes: 14627..14671), hits: 0) err=Could not find anchor: No matching instruction in range source ID: 53, lines: 413..414, bytes: 14627..14671
2026-09-08T09:08:57.235634Z  WARN foundry_evm_coverage::anchors: could not find anchor item=Line (location: (source ID: 53, lines: 416..431, bytes: 14684..15476), hits: 0) err=Could not find anchor: No matching instruction in range source ID: 53, lines: 416..431, bytes: 14684..15476
2026-09-08T09:08:57.235638Z  WARN foundry_evm_coverage::anchors: could not find anchor item=Function "burnViaAuction" (location: (source ID: 53, lines: 416..431, bytes: 14684..15476), hits: 0) err=Could not find anchor: No matching instruction in range source ID: 53, lines: 416..431, bytes: 14684..15476
2026-09-08T09:08:57.235643Z  WARN foundry_evm_coverage::anchors: could not find anchor item=Line (location: (source ID: 53, lines: 417..418, bytes: 14804..14829), hits: 0) err=Could not find anchor: No matching instruction in range source ID: 53, lines: 417..418, bytes: 14804..14829
2026-09-08T09:08:57.235646Z  WARN foundry_evm_coverage::anchors: could not find anchor item=Statement (location: (source ID: 53, lines: 417..418, bytes: 14804..14829), hits: 0) err=Could not find anchor: No matching instruction in range source ID: 53, lines: 417..418, bytes: 14804..14829
2026-09-08T09:08:57.235649Z  WARN foundry_evm_coverage::anchors: could not find anchor item=Statement (location: (source ID: 53, lines: 417..418, bytes: 14831..14857), hits: 0) err=Could not find anchor: No matching instruction in range source ID: 53, lines: 417..418, bytes: 14831..14857
2026-09-08T09:08:57.235653Z  WARN foundry_evm_coverage::anchors: could not find anchor item=Branch (branch: 38, path: 0) (location: (source ID: 53, lines: 417..418, bytes: 14831..14857), hits: 0) err=Could not find anchor: No matching instruction in range source ID: 53, lines: 417..418, bytes: 14831..14857
2026-09-08T09:08:57.235656Z  WARN foundry_evm_coverage::anchors: could not find anchor item=Line (location: (source ID: 53, lines: 418..419, bytes: 14867..14888), hits: 0) err=Could not find anchor: No matching instruction in range source ID: 53, lines: 418..419, bytes: 14867..14888
2026-09-08T09:08:57.235659Z  WARN foundry_evm_coverage::anchors: could not find anchor item=Statement (location: (source ID: 53, lines: 418..419, bytes: 14867..14888), hits: 0) err=Could not find anchor: No matching instruction in range source ID: 53, lines: 418..419, bytes: 14867..14888
2026-09-08T09:08:57.235662Z  WARN foundry_evm_coverage::anchors: could not find anchor item=Line (location: (source ID: 53, lines: 419..420, bytes: 14898..14931), hits: 0) err=Could not find anchor: No matching instruction in range source ID: 53, lines: 419..420, bytes: 14898..14931
2026-09-08T09:08:57.235666Z  WARN foundry_evm_coverage::anchors: could not find anchor item=Statement (location: (source ID: 53, lines: 419..420, bytes: 14898..14931), hits: 0) err=Could not find anchor: No matching instruction in range source ID: 53, lines: 419..420, bytes: 14898..14931
2026-09-08T09:08:57.235669Z  WARN foundry_evm_coverage::anchors: could not find anchor item=Line (location: (source ID: 53, lines: 420..421, bytes: 14941..15019), hits: 0) err=Could not find anchor: No matching instruction in range source ID: 53, lines: 420..421, bytes: 14941..15019
2026-09-08T09:08:57.235672Z  WARN foundry_evm_coverage::anchors: could not find anchor item=Statement (location: (source ID: 53, lines: 420..421, bytes: 14941..15019), hits: 0) err=Could not find anchor: No matching instruction in range source ID: 53, lines: 420..421, bytes: 14941..15019
2026-09-08T09:08:57.235604Z  WARN foundry_evm_coverage::anchors: could not find anchor item=Statement (location: (source ID: 57, lines: 68..69, bytes: 2359..2396), hits: 0) err=Could not find anchor: No matching instruction in range source ID: 57, lines: 68..69, bytes: 2359..2396
2026-09-08T09:08:57.235677Z  WARN foundry_evm_coverage::anchors: could not find anchor item=Branch (branch: 39, path: 0) (location: (source ID: 53, lines: 420..421, bytes: 14941..15019), hits: 0) err=Could not detect branches in source: source ID: 53, lines: 420..421, bytes: 14941..15019
2026-09-08T09:08:57.235683Z  WARN foundry_evm_coverage::anchors: could not find anchor item=Statement (location: (source ID: 57, lines: 68..69, bytes: 2398..2404), hits: 0) err=Could not find anchor: No matching instruction in range source ID: 57, lines: 68..69, bytes: 2398..2404
2026-09-08T09:08:57.235688Z  WARN foundry_evm_coverage::anchors: could not find anchor item=Branch (branch: 39, path: 1) (location: (source ID: 53, lines: 420..421, bytes: 14941..15019), hits: 0) err=Could not detect branches in source: source ID: 53, lines: 420..421, bytes: 14941..15019
2026-09-08T09:08:57.235699Z  WARN foundry_evm_coverage::anchors: could not find anchor item=Line (location: (source ID: 53, lines: 421..422, bytes: 15029..15069), hits: 0) err=Could not find anchor: No matching instruction in range source ID: 53, lines: 421..422, bytes: 15029..15069
2026-09-08T09:08:57.235704Z  WARN foundry_evm_coverage::anchors: could not find anchor item=Statement (location: (source ID: 53, lines: 421..422, bytes: 15029..15069), hits: 0) err=Could not find anchor: No matching instruction in range source ID: 53, lines: 421..422, bytes: 15029..15069
2026-09-08T09:08:57.235708Z  WARN foundry_evm_coverage::anchors: could not find anchor item=Line (location: (source ID: 53, lines: 424..425, bytes: 15136..15175), hits: 0) err=Could not find anchor: No matching instruction in range source ID: 53, lines: 424..425, bytes: 15136..15175
2026-09-08T09:08:57.235711Z  WARN foundry_evm_coverage::anchors: could not find anchor item=Statement (location: (source ID: 53, lines: 424..425, bytes: 15136..15175), hits: 0) err=Could not find anchor: No matching instruction in range source ID: 53, lines: 424..425, bytes: 15136..15175
2026-09-08T09:08:57.235714Z  WARN foundry_evm_coverage::anchors: could not find anchor item=Line (location: (source ID: 53, lines: 427..428, bytes: 15283..15324), hits: 0) err=Could not find anchor: No matching instruction in range source ID: 53, lines: 427..428, bytes: 15283..15324
2026-09-08T09:08:57.235717Z  WARN foundry_evm_coverage::anchors: could not find anchor item=Statement (location: (source ID: 53, lines: 427..428, bytes: 15283..15324), hits: 0) err=Could not find anchor: No matching instruction in range source ID: 53, lines: 427..428, bytes: 15283..15324
2026-09-08T09:08:57.235720Z  WARN foundry_evm_coverage::anchors: could not find anchor item=Line (location: (source ID: 53, lines: 428..429, bytes: 15334..15378), hits: 0) err=Could not find anchor: No matching instruction in range source ID: 53, lines: 428..429, bytes: 15334..15378
2026-09-08T09:08:57.235724Z  WARN foundry_evm_coverage::anchors: could not find anchor item=Statement (location: (source ID: 53, lines: 428..429, bytes: 15334..15378), hits: 0) err=Could not find anchor: No matching instruction in range source ID: 53, lines: 428..429, bytes: 15334..15378
2026-09-08T09:08:57.235727Z  WARN foundry_evm_coverage::anchors: could not find anchor item=Line (location: (source ID: 53, lines: 429..430, bytes: 15388..15469), hits: 0) err=Could not find anchor: No matching instruction in range source ID: 53, lines: 429..430, bytes: 15388..15469
2026-09-08T09:08:57.235730Z  WARN foundry_evm_coverage::anchors: could not find anchor item=Statement (location: (source ID: 53, lines: 429..430, bytes: 15388..15469), hits: 0) err=Could not find anchor: No matching instruction in range source ID: 53, lines: 429..430, bytes: 15388..15469
2026-09-08T09:08:57.235734Z  WARN foundry_evm_coverage::anchors: could not find anchor item=Line (location: (source ID: 53, lines: 432..440, bytes: 15482..15876), hits: 0) err=Could not find anchor: No matching instruction in range source ID: 53, lines: 432..440, bytes: 15482..15876
2026-09-08T09:08:57.235737Z  WARN foundry_evm_coverage::anchors: could not find anchor item=Function "setDepositBucketParams" (location: (source ID: 53, lines: 432..440, bytes: 15482..15876), hits: 0) err=Could not find anchor: No matching instruction in range source ID: 53, lines: 432..440, bytes: 15482..15876
2026-09-08T09:08:57.235741Z  WARN foundry_evm_coverage::anchors: could not find anchor item=Line (location: (source ID: 53, lines: 433..434, bytes: 15584..15593), hits: 0) err=Could not find anchor: No matching instruction in range source ID: 53, lines: 433..434, bytes: 15584..15593
2026-09-08T09:08:57.235744Z  WARN foundry_evm_coverage::anchors: could not find anchor item=Statement (location: (source ID: 53, lines: 433..434, bytes: 15584..15593), hits: 0) err=Could not find anchor: No matching instruction in range source ID: 53, lines: 433..434, bytes: 15584..15593
2026-09-08T09:08:57.235747Z  WARN foundry_evm_coverage::anchors: could not find anchor item=Statement (location: (source ID: 53, lines: 433..434, bytes: 15595..15623), hits: 0) err=Could not find anchor: No matching instruction in range source ID: 53, lines: 433..434, bytes: 15595..15623
2026-09-08T09:08:57.235752Z  WARN foundry_evm_coverage::anchors: could not find anchor item=Branch (branch: 40, path: 0) (location: (source ID: 53, lines: 433..434, bytes: 15595..15623), hits: 0) err=Could not find anchor: No matching instruction in range source ID: 53, lines: 433..434, bytes: 15595..15623
2026-09-08T09:08:57.235756Z  WARN foundry_evm_coverage::anchors: could not find anchor item=Line (location: (source ID: 53, lines: 434..435, bytes: 15633..15653), hits: 0) err=Could not find anchor: No matching instruction in range source ID: 53, lines: 434..435, bytes: 15633..15653
2026-09-08T09:08:57.235759Z  WARN foundry_evm_coverage::anchors: could not find anchor item=Statement (location: (source ID: 53, lines: 434..435, bytes: 15633..15653), hits: 0) err=Could not find anchor: No matching instruction in range source ID: 53, lines: 434..435, bytes: 15633..15653
2026-09-08T09:08:57.235762Z  WARN foundry_evm_coverage::anchors: could not find anchor item=Line (location: (source ID: 53, lines: 435..436, bytes: 15667..15705), hits: 0) err=Could not find anchor: No matching instruction in range source ID: 53, lines: 435..436, bytes: 15667..15705
2026-09-08T09:08:57.235765Z  WARN foundry_evm_coverage::anchors: could not find anchor item=Statement (location: (source ID: 53, lines: 435..436, bytes: 15667..15705), hits: 0) err=Could not find anchor: No matching instruction in range source ID: 53, lines: 435..436, bytes: 15667..15705
2026-09-08T09:08:57.235769Z  WARN foundry_evm_coverage::anchors: could not find anchor item=Statement (location: (source ID: 53, lines: 435..436, bytes: 15707..15735), hits: 0) err=Could not find anchor: No matching instruction in range source ID: 53, lines: 435..436, bytes: 15707..15735
2026-09-08T09:08:57.235772Z  WARN foundry_evm_coverage::anchors: could not find anchor item=Branch (branch: 41, path: 0) (location: (source ID: 53, lines: 435..436, bytes: 15707..15735), hits: 0) err=Could not find anchor: No matching instruction in range source ID: 53, lines: 435..436, bytes: 15707..15735
2026-09-08T09:08:57.235775Z  WARN foundry_evm_coverage::anchors: could not find anchor item=Line (location: (source ID: 53, lines: 436..437, bytes: 15745..15770), hits: 0) err=Could not find anchor: No matching instruction in range source ID: 53, lines: 436..437, bytes: 15745..15770
2026-09-08T09:08:57.235779Z  WARN foundry_evm_coverage::anchors: could not find anchor item=Statement (location: (source ID: 53, lines: 436..437, bytes: 15745..15770), hits: 0) err=Could not find anchor: No matching instruction in range source ID: 53, lines: 436..437, bytes: 15745..15770
2026-09-08T09:08:57.235782Z  WARN foundry_evm_coverage::anchors: could not find anchor item=Line (location: (source ID: 53, lines: 437..438, bytes: 15780..15813), hits: 0) err=Could not find anchor: No matching instruction in range source ID: 53, lines: 437..438, bytes: 15780..15813
2026-09-08T09:08:57.235785Z  WARN foundry_evm_coverage::anchors: could not find anchor item=Statement (location: (source ID: 53, lines: 437..438, bytes: 15780..15813), hits: 0) err=Could not find anchor: No matching instruction in range source ID: 53, lines: 437..438, bytes: 15780..15813
2026-09-08T09:08:57.235788Z  WARN foundry_evm_coverage::anchors: could not find anchor item=Line (location: (source ID: 53, lines: 438..439, bytes: 15823..15869), hits: 0) err=Could not find anchor: No matching instruction in range source ID: 53, lines: 438..439, bytes: 15823..15869
2026-09-08T09:08:57.235792Z  WARN foundry_evm_coverage::anchors: could not find anchor item=Statement (location: (source ID: 53, lines: 438..439, bytes: 15823..15869), hits: 0) err=Could not find anchor: No matching instruction in range source ID: 53, lines: 438..439, bytes: 15823..15869
2026-09-08T09:08:57.235795Z  WARN foundry_evm_coverage::anchors: could not find anchor item=Line (location: (source ID: 53, lines: 441..449, bytes: 15882..16282), hits: 0) err=Could not find anchor: No matching instruction in range source ID: 53, lines: 441..449, bytes: 15882..16282
2026-09-08T09:08:57.235801Z  WARN foundry_evm_coverage::anchors: could not find anchor item=Function "setWithdrawBucketParams" (location: (source ID: 53, lines: 441..449, bytes: 15882..16282), hits: 0) err=Could not find anchor: No matching instruction in range source ID: 53, lines: 441..449, bytes: 15882..16282
2026-09-08T09:08:57.235804Z  WARN foundry_evm_coverage::anchors: could not find anchor item=Line (location: (source ID: 53, lines: 442..443, bytes: 15985..15994), hits: 0) err=Could not find anchor: No matching instruction in range source ID: 53, lines: 442..443, bytes: 15985..15994
2026-09-08T09:08:57.235808Z  WARN foundry_evm_coverage::anchors: could not find anchor item=Statement (location: (source ID: 53, lines: 442..443, bytes: 15985..15994), hits: 0) err=Could not find anchor: No matching instruction in range source ID: 53, lines: 442..443, bytes: 15985..15994
2026-09-08T09:08:57.235811Z  WARN foundry_evm_coverage::anchors: could not find anchor item=Statement (location: (source ID: 53, lines: 442..443, bytes: 15996..16024), hits: 0) err=Could not find anchor: No matching instruction in range source ID: 53, lines: 442..443, bytes: 15996..16024
2026-09-08T09:08:57.235814Z  WARN foundry_evm_coverage::anchors: could not find anchor item=Branch (branch: 42, path: 0) (location: (source ID: 53, lines: 442..443, bytes: 15996..16024), hits: 0) err=Could not find anchor: No matching instruction in range source ID: 53, lines: 442..443, bytes: 15996..16024
2026-09-08T09:08:57.235817Z  WARN foundry_evm_coverage::anchors: could not find anchor item=Line (location: (source ID: 53, lines: 443..444, bytes: 16034..16055), hits: 0) err=Could not find anchor: No matching instruction in range source ID: 53, lines: 443..444, bytes: 16034..16055
2026-09-08T09:08:57.235821Z  WARN foundry_evm_coverage::anchors: could not find anchor item=Statement (location: (source ID: 53, lines: 443..444, bytes: 16034..16055), hits: 0) err=Could not find anchor: No matching instruction in range source ID: 53, lines: 443..444, bytes: 16034..16055
2026-09-08T09:08:57.235824Z  WARN foundry_evm_coverage::anchors: could not find anchor item=Line (location: (source ID: 53, lines: 444..445, bytes: 16069..16108), hits: 0) err=Could not find anchor: No matching instruction in range source ID: 53, lines: 444..445, bytes: 16069..16108
2026-09-08T09:08:57.235827Z  WARN foundry_evm_coverage::anchors: could not find anchor item=Statement (location: (source ID: 53, lines: 444..445, bytes: 16069..16108), hits: 0) err=Could not find anchor: No matching instruction in range source ID: 53, lines: 444..445, bytes: 16069..16108
2026-09-08T09:08:57.235831Z  WARN foundry_evm_coverage::anchors: could not find anchor item=Statement (location: (source ID: 53, lines: 444..445, bytes: 16110..16138), hits: 0) err=Could not find anchor: No matching instruction in range source ID: 53, lines: 444..445, bytes: 16110..16138
2026-09-08T09:08:57.235834Z  WARN foundry_evm_coverage::anchors: could not find anchor item=Branch (branch: 43, path: 0) (location: (source ID: 53, lines: 444..445, bytes: 16110..16138), hits: 0) err=Could not find anchor: No matching instruction in range source ID: 53, lines: 444..445, bytes: 16110..16138
2026-09-08T09:08:57.235837Z  WARN foundry_evm_coverage::anchors: could not find anchor item=Line (location: (source ID: 53, lines: 445..446, bytes: 16148..16174), hits: 0) err=Could not find anchor: No matching instruction in range source ID: 53, lines: 445..446, bytes: 16148..16174
2026-09-08T09:08:57.235840Z  WARN foundry_evm_coverage::anchors: could not find anchor item=Statement (location: (source ID: 53, lines: 445..446, bytes: 16148..16174), hits: 0) err=Could not find anchor: No matching instruction in range source ID: 53, lines: 445..446, bytes: 16148..16174
2026-09-08T09:08:57.235844Z  WARN foundry_evm_coverage::anchors: could not find anchor item=Line (location: (source ID: 53, lines: 446..447, bytes: 16184..16218), hits: 0) err=Could not find anchor: No matching instruction in range source ID: 53, lines: 446..447, bytes: 16184..16218
2026-09-08T09:08:57.235849Z  WARN foundry_evm_coverage::anchors: could not find anchor item=Statement (location: (source ID: 53, lines: 446..447, bytes: 16184..16218), hits: 0) err=Could not find anchor: No matching instruction in range source ID: 53, lines: 446..447, bytes: 16184..16218
2026-09-08T09:08:57.235852Z  WARN foundry_evm_coverage::anchors: could not find anchor item=Line (location: (source ID: 53, lines: 447..448, bytes: 16228..16275), hits: 0) err=Could not find anchor: No matching instruction in range source ID: 53, lines: 447..448, bytes: 16228..16275
2026-09-08T09:08:57.235855Z  WARN foundry_evm_coverage::anchors: could not find anchor item=Statement (location: (source ID: 53, lines: 447..448, bytes: 16228..16275), hits: 0) err=Could not find anchor: No matching instruction in range source ID: 53, lines: 447..448, bytes: 16228..16275
2026-09-08T09:08:57.235858Z  WARN foundry_evm_coverage::anchors: could not find anchor item=Line (location: (source ID: 53, lines: 450..455, bytes: 16288..16552), hits: 0) err=Could not find anchor: No matching instruction in range source ID: 53, lines: 450..455, bytes: 16288..16552
2026-09-08T09:08:57.235861Z  WARN foundry_evm_coverage::anchors: could not find anchor item=Function "setCancellationPenaltyBps" (location: (source ID: 53, lines: 450..455, bytes: 16288..16552), hits: 0) err=Could not find anchor: No matching instruction in range source ID: 53, lines: 450..455, bytes: 16288..16552
2026-09-08T09:08:57.235864Z  WARN foundry_evm_coverage::anchors: could not find anchor item=Line (location: (source ID: 53, lines: 451..452, bytes: 16381..16422), hits: 0) err=Could not find anchor: No matching instruction in range source ID: 53, lines: 451..452, bytes: 16381..16422
2026-09-08T09:08:57.235695Z  WARN foundry_evm_coverage::anchors: could not find anchor item=Branch (branch: 5, path: 0) (location: (source ID: 57, lines: 68..69, bytes: 2398..2404), hits: 0) err=Could not find anchor: No matching instruction in range source ID: 57, lines: 68..69, bytes: 2398..2404
2026-09-08T09:08:57.235868Z  WARN foundry_evm_coverage::anchors: could not find anchor item=Statement (location: (source ID: 53, lines: 451..452, bytes: 16381..16422), hits: 0) err=Could not find anchor: No matching instruction in range source ID: 53, lines: 451..452, bytes: 16381..16422
2026-09-08T09:08:57.235878Z  WARN foundry_evm_coverage::anchors: could not find anchor item=Statement (location: (source ID: 53, lines: 451..452, bytes: 16424..16447), hits: 0) err=Could not find anchor: No matching instruction in range source ID: 53, lines: 451..452, bytes: 16424..16447
2026-09-08T09:08:57.235881Z  WARN foundry_evm_coverage::anchors: could not find anchor item=Branch (branch: 44, path: 0) (location: (source ID: 53, lines: 451..452, bytes: 16424..16447), hits: 0) err=Could not find anchor: No matching instruction in range source ID: 53, lines: 451..452, bytes: 16424..16447
2026-09-08T09:08:57.235885Z  WARN foundry_evm_coverage::anchors: could not find anchor item=Line (location: (source ID: 53, lines: 452..453, bytes: 16457..16492), hits: 0) err=Could not find anchor: No matching instruction in range source ID: 53, lines: 452..453, bytes: 16457..16492
2026-09-08T09:08:57.235888Z  WARN foundry_evm_coverage::anchors: could not find anchor item=Statement (location: (source ID: 53, lines: 452..453, bytes: 16457..16492), hits: 0) err=Could not find anchor: No matching instruction in range source ID: 53, lines: 452..453, bytes: 16457..16492
2026-09-08T09:08:57.235891Z  WARN foundry_evm_coverage::anchors: could not find anchor item=Line (location: (source ID: 53, lines: 453..454, bytes: 16502..16545), hits: 0) err=Could not find anchor: No matching instruction in range source ID: 53, lines: 453..454, bytes: 16502..16545
2026-09-08T09:08:57.235894Z  WARN foundry_evm_coverage::anchors: could not find anchor item=Statement (location: (source ID: 53, lines: 453..454, bytes: 16502..16545), hits: 0) err=Could not find anchor: No matching instruction in range source ID: 53, lines: 453..454, bytes: 16502..16545
2026-09-08T09:08:57.235899Z  WARN foundry_evm_coverage::anchors: could not find anchor item=Line (location: (source ID: 53, lines: 456..461, bytes: 16558..16801), hits: 0) err=Could not find anchor: No matching instruction in range source ID: 53, lines: 456..461, bytes: 16558..16801
2026-09-08T09:08:57.235902Z  WARN foundry_evm_coverage::anchors: could not find anchor item=Function "proposeGovernance" (location: (source ID: 53, lines: 456..461, bytes: 16558..16801), hits: 0) err=Could not find anchor: No matching instruction in range source ID: 53, lines: 456..461, bytes: 16558..16801
2026-09-08T09:08:57.235905Z  WARN foundry_evm_coverage::anchors: could not find anchor item=Line (location: (source ID: 53, lines: 457..458, bytes: 16646..16673), hits: 0) err=Could not find anchor: No matching instruction in range source ID: 53, lines: 457..458, bytes: 16646..16673
2026-09-08T09:08:57.235908Z  WARN foundry_evm_coverage::anchors: could not find anchor item=Statement (location: (source ID: 53, lines: 457..458, bytes: 16646..16673), hits: 0) err=Could not find anchor: No matching instruction in range source ID: 53, lines: 457..458, bytes: 16646..16673
2026-09-08T09:08:57.235911Z  WARN foundry_evm_coverage::anchors: could not find anchor item=Statement (location: (source ID: 53, lines: 457..458, bytes: 16675..16695), hits: 0) err=Could not find anchor: No matching instruction in range source ID: 53, lines: 457..458, bytes: 16675..16695
2026-09-08T09:08:57.235915Z  WARN foundry_evm_coverage::anchors: could not find anchor item=Branch (branch: 45, path: 0) (location: (source ID: 53, lines: 457..458, bytes: 16675..16695), hits: 0) err=Could not find anchor: No matching instruction in range source ID: 53, lines: 457..458, bytes: 16675..16695
2026-09-08T09:08:57.235918Z  WARN foundry_evm_coverage::anchors: could not find anchor item=Line (location: (source ID: 53, lines: 458..459, bytes: 16705..16739), hits: 0) err=Could not find anchor: No matching instruction in range source ID: 53, lines: 458..459, bytes: 16705..16739
2026-09-08T09:08:57.235921Z  WARN foundry_evm_coverage::anchors: could not find anchor item=Statement (location: (source ID: 53, lines: 458..459, bytes: 16705..16739), hits: 0) err=Could not find anchor: No matching instruction in range source ID: 53, lines: 458..459, bytes: 16705..16739
2026-09-08T09:08:57.235924Z  WARN foundry_evm_coverage::anchors: could not find anchor item=Line (location: (source ID: 53, lines: 459..460, bytes: 16749..16794), hits: 0) err=Could not find anchor: No matching instruction in range source ID: 53, lines: 459..460, bytes: 16749..16794
2026-09-08T09:08:57.235927Z  WARN foundry_evm_coverage::anchors: could not find anchor item=Statement (location: (source ID: 53, lines: 459..460, bytes: 16749..16794), hits: 0) err=Could not find anchor: No matching instruction in range source ID: 53, lines: 459..460, bytes: 16749..16794
2026-09-08T09:08:57.235930Z  WARN foundry_evm_coverage::anchors: could not find anchor item=Line (location: (source ID: 53, lines: 462..469, bytes: 16807..17117), hits: 0) err=Could not find anchor: No matching instruction in range source ID: 53, lines: 462..469, bytes: 16807..17117
2026-09-08T09:08:57.235933Z  WARN foundry_evm_coverage::anchors: could not find anchor item=Function "acceptGovernance" (location: (source ID: 53, lines: 462..469, bytes: 16807..17117), hits: 0) err=Could not find anchor: No matching instruction in range source ID: 53, lines: 462..469, bytes: 16807..17117
2026-09-08T09:08:57.235936Z  WARN foundry_evm_coverage::anchors: could not find anchor item=Line (location: (source ID: 53, lines: 463..464, bytes: 16858..16890), hits: 0) err=Could not find anchor: No matching instruction in range source ID: 53, lines: 463..464, bytes: 16858..16890
2026-09-08T09:08:57.235939Z  WARN foundry_evm_coverage::anchors: could not find anchor item=Statement (location: (source ID: 53, lines: 463..464, bytes: 16858..16890), hits: 0) err=Could not find anchor: No matching instruction in range source ID: 53, lines: 463..464, bytes: 16858..16890
2026-09-08T09:08:57.235944Z  WARN foundry_evm_coverage::anchors: could not find anchor item=Statement (location: (source ID: 53, lines: 463..464, bytes: 16892..16914), hits: 0) err=Could not find anchor: No matching instruction in range source ID: 53, lines: 463..464, bytes: 16892..16914
2026-09-08T09:08:57.235947Z  WARN foundry_evm_coverage::anchors: could not find anchor item=Branch (branch: 46, path: 0) (location: (source ID: 53, lines: 463..464, bytes: 16892..16914), hits: 0) err=Could not find anchor: No matching instruction in range source ID: 53, lines: 463..464, bytes: 16892..16914
2026-09-08T09:08:57.235950Z  WARN foundry_evm_coverage::anchors: could not find anchor item=Line (location: (source ID: 53, lines: 464..465, bytes: 16924..16984), hits: 0) err=Could not find anchor: No matching instruction in range source ID: 53, lines: 464..465, bytes: 16924..16984
2026-09-08T09:08:57.235953Z  WARN foundry_evm_coverage::anchors: could not find anchor item=Statement (location: (source ID: 53, lines: 464..465, bytes: 16924..16984), hits: 0) err=Could not find anchor: No matching instruction in range source ID: 53, lines: 464..465, bytes: 16924..16984
2026-09-08T09:08:57.235956Z  WARN foundry_evm_coverage::anchors: could not find anchor item=Line (location: (source ID: 53, lines: 465..466, bytes: 16994..17029), hits: 0) err=Could not find anchor: No matching instruction in range source ID: 53, lines: 465..466, bytes: 16994..17029
2026-09-08T09:08:57.235959Z  WARN foundry_evm_coverage::anchors: could not find anchor item=Statement (location: (source ID: 53, lines: 465..466, bytes: 16994..17029), hits: 0) err=Could not find anchor: No matching instruction in range source ID: 53, lines: 465..466, bytes: 16994..17029
2026-09-08T09:08:57.235962Z  WARN foundry_evm_coverage::anchors: could not find anchor item=Line (location: (source ID: 53, lines: 466..467, bytes: 17039..17069), hits: 0) err=Could not find anchor: No matching instruction in range source ID: 53, lines: 466..467, bytes: 17039..17069
2026-09-08T09:08:57.235965Z  WARN foundry_evm_coverage::anchors: could not find anchor item=Statement (location: (source ID: 53, lines: 466..467, bytes: 17039..17069), hits: 0) err=Could not find anchor: No matching instruction in range source ID: 53, lines: 466..467, bytes: 17039..17069
2026-09-08T09:08:57.235968Z  WARN foundry_evm_coverage::anchors: could not find anchor item=Line (location: (source ID: 53, lines: 467..468, bytes: 17079..17110), hits: 0) err=Could not find anchor: No matching instruction in range source ID: 53, lines: 467..468, bytes: 17079..17110
2026-09-08T09:08:57.235972Z  WARN foundry_evm_coverage::anchors: could not find anchor item=Statement (location: (source ID: 53, lines: 467..468, bytes: 17079..17110), hits: 0) err=Could not find anchor: No matching instruction in range source ID: 53, lines: 467..468, bytes: 17079..17110
2026-09-08T09:08:57.235975Z  WARN foundry_evm_coverage::anchors: could not find anchor item=Line (location: (source ID: 53, lines: 470..475, bytes: 17123..17366), hits: 0) err=Could not find anchor: No matching instruction in range source ID: 53, lines: 470..475, bytes: 17123..17366
2026-09-08T09:08:57.235978Z  WARN foundry_evm_coverage::anchors: could not find anchor item=Function "proposeAuctioneer" (location: (source ID: 53, lines: 470..475, bytes: 17123..17366), hits: 0) err=Could not find anchor: No matching instruction in range source ID: 53, lines: 470..475, bytes: 17123..17366
2026-09-08T09:08:57.235981Z  WARN foundry_evm_coverage::anchors: could not find anchor item=Line (location: (source ID: 53, lines: 471..472, bytes: 17211..17238), hits: 0) err=Could not find anchor: No matching instruction in range source ID: 53, lines: 471..472, bytes: 17211..17238
2026-09-08T09:08:57.235984Z  WARN foundry_evm_coverage::anchors: could not find anchor item=Statement (location: (source ID: 53, lines: 471..472, bytes: 17211..17238), hits: 0) err=Could not find anchor: No matching instruction in range source ID: 53, lines: 471..472, bytes: 17211..17238
2026-09-08T09:08:57.235990Z  WARN foundry_evm_coverage::anchors: could not find anchor item=Statement (location: (source ID: 53, lines: 471..472, bytes: 17240..17260), hits: 0) err=Could not find anchor: No matching instruction in range source ID: 53, lines: 471..472, bytes: 17240..17260
2026-09-08T09:08:57.235993Z  WARN foundry_evm_coverage::anchors: could not find anchor item=Branch (branch: 47, path: 0) (location: (source ID: 53, lines: 471..472, bytes: 17240..17260), hits: 0) err=Could not find anchor: No matching instruction in range source ID: 53, lines: 471..472, bytes: 17240..17260
2026-09-08T09:08:57.235996Z  WARN foundry_evm_coverage::anchors: could not find anchor item=Line (location: (source ID: 53, lines: 472..473, bytes: 17270..17304), hits: 0) err=Could not find anchor: No matching instruction in range source ID: 53, lines: 472..473, bytes: 17270..17304
2026-09-08T09:08:57.235999Z  WARN foundry_evm_coverage::anchors: could not find anchor item=Statement (location: (source ID: 53, lines: 472..473, bytes: 17270..17304), hits: 0) err=Could not find anchor: No matching instruction in range source ID: 53, lines: 472..473, bytes: 17270..17304
2026-09-08T09:08:57.236002Z  WARN foundry_evm_coverage::anchors: could not find anchor item=Line (location: (source ID: 53, lines: 473..474, bytes: 17314..17359), hits: 0) err=Could not find anchor: No matching instruction in range source ID: 53, lines: 473..474, bytes: 17314..17359
2026-09-08T09:08:57.236005Z  WARN foundry_evm_coverage::anchors: could not find anchor item=Statement (location: (source ID: 53, lines: 473..474, bytes: 17314..17359), hits: 0) err=Could not find anchor: No matching instruction in range source ID: 53, lines: 473..474, bytes: 17314..17359
2026-09-08T09:08:57.236008Z  WARN foundry_evm_coverage::anchors: could not find anchor item=Line (location: (source ID: 53, lines: 476..483, bytes: 17372..17691), hits: 0) err=Could not find anchor: No matching instruction in range source ID: 53, lines: 476..483, bytes: 17372..17691
2026-09-08T09:08:57.236011Z  WARN foundry_evm_coverage::anchors: could not find anchor item=Function "acceptAuctioneer" (location: (source ID: 53, lines: 476..483, bytes: 17372..17691), hits: 0) err=Could not find anchor: No matching instruction in range source ID: 53, lines: 476..483, bytes: 17372..17691
2026-09-08T09:08:57.236014Z  WARN foundry_evm_coverage::anchors: could not find anchor item=Line (location: (source ID: 53, lines: 477..478, bytes: 17423..17455), hits: 0) err=Could not find anchor: No matching instruction in range source ID: 53, lines: 477..478, bytes: 17423..17455
2026-09-08T09:08:57.236018Z  WARN foundry_evm_coverage::anchors: could not find anchor item=Statement (location: (source ID: 53, lines: 477..478, bytes: 17423..17455), hits: 0) err=Could not find anchor: No matching instruction in range source ID: 53, lines: 477..478, bytes: 17423..17455
2026-09-08T09:08:57.236021Z  WARN foundry_evm_coverage::anchors: could not find anchor item=Statement (location: (source ID: 53, lines: 477..478, bytes: 17457..17479), hits: 0) err=Could not find anchor: No matching instruction in range source ID: 53, lines: 477..478, bytes: 17457..17479
2026-09-08T09:08:57.236024Z  WARN foundry_evm_coverage::anchors: could not find anchor item=Branch (branch: 48, path: 0) (location: (source ID: 53, lines: 477..478, bytes: 17457..17479), hits: 0) err=Could not find anchor: No matching instruction in range source ID: 53, lines: 477..478, bytes: 17457..17479
2026-09-08T09:08:57.236027Z  WARN foundry_evm_coverage::anchors: could not find anchor item=Line (location: (source ID: 53, lines: 478..479, bytes: 17489..17555), hits: 0) err=Could not find anchor: No matching instruction in range source ID: 53, lines: 478..479, bytes: 17489..17555
2026-09-08T09:08:57.236030Z  WARN foundry_evm_coverage::anchors: could not find anchor item=Statement (location: (source ID: 53, lines: 478..479, bytes: 17489..17555), hits: 0) err=Could not find anchor: No matching instruction in range source ID: 53, lines: 478..479, bytes: 17489..17555
2026-09-08T09:08:57.236035Z  WARN foundry_evm_coverage::anchors: could not find anchor item=Line (location: (source ID: 53, lines: 479..480, bytes: 17565..17600), hits: 0) err=Could not find anchor: No matching instruction in range source ID: 53, lines: 479..480, bytes: 17565..17600
2026-09-08T09:08:57.236038Z  WARN foundry_evm_coverage::anchors: could not find anchor item=Statement (location: (source ID: 53, lines: 479..480, bytes: 17565..17600), hits: 0) err=Could not find anchor: No matching instruction in range source ID: 53, lines: 479..480, bytes: 17565..17600
2026-09-08T09:08:57.236041Z  WARN foundry_evm_coverage::anchors: could not find anchor item=Line (location: (source ID: 53, lines: 480..481, bytes: 17610..17643), hits: 0) err=Could not find anchor: No matching instruction in range source ID: 53, lines: 480..481, bytes: 17610..17643
2026-09-08T09:08:57.236044Z  WARN foundry_evm_coverage::anchors: could not find anchor item=Statement (location: (source ID: 53, lines: 480..481, bytes: 17610..17643), hits: 0) err=Could not find anchor: No matching instruction in range source ID: 53, lines: 480..481, bytes: 17610..17643
2026-09-08T09:08:57.236047Z  WARN foundry_evm_coverage::anchors: could not find anchor item=Line (location: (source ID: 53, lines: 481..482, bytes: 17653..17684), hits: 0) err=Could not find anchor: No matching instruction in range source ID: 53, lines: 481..482, bytes: 17653..17684
2026-09-08T09:08:57.236050Z  WARN foundry_evm_coverage::anchors: could not find anchor item=Statement (location: (source ID: 53, lines: 481..482, bytes: 17653..17684), hits: 0) err=Could not find anchor: No matching instruction in range source ID: 53, lines: 481..482, bytes: 17653..17684
2026-09-08T09:08:57.236053Z  WARN foundry_evm_coverage::anchors: could not find anchor item=Line (location: (source ID: 53, lines: 484..488, bytes: 17697..17801), hits: 0) err=Could not find anchor: No matching instruction in range source ID: 53, lines: 484..488, bytes: 17697..17801
2026-09-08T09:08:57.236056Z  WARN foundry_evm_coverage::anchors: could not find anchor item=Function "pause" (location: (source ID: 53, lines: 484..488, bytes: 17697..17801), hits: 0) err=Could not find anchor: No matching instruction in range source ID: 53, lines: 484..488, bytes: 17697..17801
2026-09-08T09:08:57.236059Z  WARN foundry_evm_coverage::anchors: could not find anchor item=Line (location: (source ID: 53, lines: 485..486, bytes: 17748..17761), hits: 0) err=Could not find anchor: No matching instruction in range source ID: 53, lines: 485..486, bytes: 17748..17761
2026-09-08T09:08:57.236063Z  WARN foundry_evm_coverage::anchors: could not find anchor item=Statement (location: (source ID: 53, lines: 485..486, bytes: 17748..17761), hits: 0) err=Could not find anchor: No matching instruction in range source ID: 53, lines: 485..486, bytes: 17748..17761
2026-09-08T09:08:57.236066Z  WARN foundry_evm_coverage::anchors: could not find anchor item=Line (location: (source ID: 53, lines: 486..487, bytes: 17771..17794), hits: 0) err=Could not find anchor: No matching instruction in range source ID: 53, lines: 486..487, bytes: 17771..17794
2026-09-08T09:08:57.236069Z  WARN foundry_evm_coverage::anchors: could not find anchor item=Statement (location: (source ID: 53, lines: 486..487, bytes: 17771..17794), hits: 0) err=Could not find anchor: No matching instruction in range source ID: 53, lines: 486..487, bytes: 17771..17794
2026-09-08T09:08:57.236072Z  WARN foundry_evm_coverage::anchors: could not find anchor item=Line (location: (source ID: 53, lines: 489..493, bytes: 17807..17915), hits: 0) err=Could not find anchor: No matching instruction in range source ID: 53, lines: 489..493, bytes: 17807..17915
2026-09-08T09:08:57.236075Z  WARN foundry_evm_coverage::anchors: could not find anchor item=Function "unpause" (location: (source ID: 53, lines: 489..493, bytes: 17807..17915), hits: 0) err=Could not find anchor: No matching instruction in range source ID: 53, lines: 489..493, bytes: 17807..17915
2026-09-08T09:08:57.236078Z  WARN foundry_evm_coverage::anchors: could not find anchor item=Line (location: (source ID: 53, lines: 490..491, bytes: 17860..17874), hits: 0) err=Could not find anchor: No matching instruction in range source ID: 53, lines: 490..491, bytes: 17860..17874
2026-09-08T09:08:57.236083Z  WARN foundry_evm_coverage::anchors: could not find anchor item=Statement (location: (source ID: 53, lines: 490..491, bytes: 17860..17874), hits: 0) err=Could not find anchor: No matching instruction in range source ID: 53, lines: 490..491, bytes: 17860..17874
2026-09-08T09:08:57.236086Z  WARN foundry_evm_coverage::anchors: could not find anchor item=Line (location: (source ID: 53, lines: 491..492, bytes: 17884..17908), hits: 0) err=Could not find anchor: No matching instruction in range source ID: 53, lines: 491..492, bytes: 17884..17908
2026-09-08T09:08:57.236089Z  WARN foundry_evm_coverage::anchors: could not find anchor item=Statement (location: (source ID: 53, lines: 491..492, bytes: 17884..17908), hits: 0) err=Could not find anchor: No matching instruction in range source ID: 53, lines: 491..492, bytes: 17884..17908
2026-09-08T09:08:57.236092Z  WARN foundry_evm_coverage::anchors: could not find anchor item=Line (location: (source ID: 53, lines: 494..497, bytes: 17921..17970), hits: 0) err=Could not find anchor: No matching instruction in range source ID: 53, lines: 494..497, bytes: 17921..17970
2026-09-08T09:08:57.236095Z  WARN foundry_evm_coverage::anchors: could not find anchor item=Function "drip" (location: (source ID: 53, lines: 494..497, bytes: 17921..17970), hits: 0) err=Could not find anchor: No matching instruction in range source ID: 53, lines: 494..497, bytes: 17921..17970
2026-09-08T09:08:57.236098Z  WARN foundry_evm_coverage::anchors: could not find anchor item=Line (location: (source ID: 53, lines: 495..496, bytes: 17956..17963), hits: 0) err=Could not find anchor: No matching instruction in range source ID: 53, lines: 495..496, bytes: 17956..17963
2026-09-08T09:08:57.236101Z  WARN foundry_evm_coverage::anchors: could not find anchor item=Statement (location: (source ID: 53, lines: 495..496, bytes: 17956..17963), hits: 0) err=Could not find anchor: No matching instruction in range source ID: 53, lines: 495..496, bytes: 17956..17963
2026-09-08T09:08:57.236104Z  WARN foundry_evm_coverage::anchors: could not find anchor item=Line (location: (source ID: 53, lines: 498..501, bytes: 17976..18088), hits: 0) err=Could not find anchor: No matching instruction in range source ID: 53, lines: 498..501, bytes: 17976..18088
2026-09-08T09:08:57.236107Z  WARN foundry_evm_coverage::anchors: could not find anchor item=Function "depositQueueDepth" (location: (source ID: 53, lines: 498..501, bytes: 17976..18088), hits: 0) err=Could not find anchor: No matching instruction in range source ID: 53, lines: 498..501, bytes: 17976..18088
2026-09-08T09:08:57.236110Z  WARN foundry_evm_coverage::anchors: could not find anchor item=Line (location: (source ID: 53, lines: 499..500, bytes: 18047..18081), hits: 0) err=Could not find anchor: No matching instruction in range source ID: 53, lines: 499..500, bytes: 18047..18081
2026-09-08T09:08:57.236114Z  WARN foundry_evm_coverage::anchors: could not find anchor item=Statement (location: (source ID: 53, lines: 499..500, bytes: 18047..18081), hits: 0) err=Could not find anchor: No matching instruction in range source ID: 53, lines: 499..500, bytes: 18047..18081
2026-09-08T09:08:57.236117Z  WARN foundry_evm_coverage::anchors: could not find anchor item=Line (location: (source ID: 53, lines: 502..505, bytes: 18094..18208), hits: 0) err=Could not find anchor: No matching instruction in range source ID: 53, lines: 502..505, bytes: 18094..18208
2026-09-08T09:08:57.236120Z  WARN foundry_evm_coverage::anchors: could not find anchor item=Function "withdrawQueueDepth" (location: (source ID: 53, lines: 502..505, bytes: 18094..18208), hits: 0) err=Could not find anchor: No matching instruction in range source ID: 53, lines: 502..505, bytes: 18094..18208
2026-09-08T09:08:57.236123Z  WARN foundry_evm_coverage::anchors: could not find anchor item=Line (location: (source ID: 53, lines: 503..504, bytes: 18166..18201), hits: 0) err=Could not find anchor: No matching instruction in range source ID: 53, lines: 503..504, bytes: 18166..18201
2026-09-08T09:08:57.236128Z  WARN foundry_evm_coverage::anchors: could not find anchor item=Statement (location: (source ID: 53, lines: 503..504, bytes: 18166..18201), hits: 0) err=Could not find anchor: No matching instruction in range source ID: 53, lines: 503..504, bytes: 18166..18201
2026-09-08T09:08:57.236131Z  WARN foundry_evm_coverage::anchors: could not find anchor item=Line (location: (source ID: 53, lines: 506..509, bytes: 18214..18317), hits: 0) err=Could not find anchor: No matching instruction in range source ID: 53, lines: 506..509, bytes: 18214..18317
2026-09-08T09:08:57.236134Z  WARN foundry_evm_coverage::anchors: could not find anchor item=Function "depositBucketRate" (location: (source ID: 53, lines: 506..509, bytes: 18214..18317), hits: 0) err=Could not find anchor: No matching instruction in range source ID: 53, lines: 506..509, bytes: 18214..18317
2026-09-08T09:08:57.236137Z  WARN foundry_evm_coverage::anchors: could not find anchor item=Line (location: (source ID: 53, lines: 507..508, bytes: 18285..18310), hits: 0) err=Could not find anchor: No matching instruction in range source ID: 53, lines: 507..508, bytes: 18285..18310
2026-09-08T09:08:57.236140Z  WARN foundry_evm_coverage::anchors: could not find anchor item=Statement (location: (source ID: 53, lines: 507..508, bytes: 18285..18310), hits: 0) err=Could not find anchor: No matching instruction in range source ID: 53, lines: 507..508, bytes: 18285..18310
2026-09-08T09:08:57.236143Z  WARN foundry_evm_coverage::anchors: could not find anchor item=Line (location: (source ID: 53, lines: 510..513, bytes: 18323..18434), hits: 0) err=Could not find anchor: No matching instruction in range source ID: 53, lines: 510..513, bytes: 18323..18434
2026-09-08T09:08:57.236146Z  WARN foundry_evm_coverage::anchors: could not find anchor item=Function "depositBucketCapacity" (location: (source ID: 53, lines: 510..513, bytes: 18323..18434), hits: 0) err=Could not find anchor: No matching instruction in range source ID: 53, lines: 510..513, bytes: 18323..18434
2026-09-08T09:08:57.236149Z  WARN foundry_evm_coverage::anchors: could not find anchor item=Line (location: (source ID: 53, lines: 511..512, bytes: 18398..18427), hits: 0) err=Could not find anchor: No matching instruction in range source ID: 53, lines: 511..512, bytes: 18398..18427
2026-09-08T09:08:57.236152Z  WARN foundry_evm_coverage::anchors: could not find anchor item=Statement (location: (source ID: 53, lines: 511..512, bytes: 18398..18427), hits: 0) err=Could not find anchor: No matching instruction in range source ID: 53, lines: 511..512, bytes: 18398..18427
2026-09-08T09:08:57.236155Z  WARN foundry_evm_coverage::anchors: could not find anchor item=Line (location: (source ID: 53, lines: 514..517, bytes: 18440..18545), hits: 0) err=Could not find anchor: No matching instruction in range source ID: 53, lines: 514..517, bytes: 18440..18545
2026-09-08T09:08:57.236158Z  WARN foundry_evm_coverage::anchors: could not find anchor item=Function "withdrawBucketRate" (location: (source ID: 53, lines: 514..517, bytes: 18440..18545), hits: 0) err=Could not find anchor: No matching instruction in range source ID: 53, lines: 514..517, bytes: 18440..18545
2026-09-08T09:08:57.236162Z  WARN foundry_evm_coverage::anchors: could not find anchor item=Line (location: (source ID: 53, lines: 515..516, bytes: 18512..18538), hits: 0) err=Could not find anchor: No matching instruction in range source ID: 53, lines: 515..516, bytes: 18512..18538
2026-09-08T09:08:57.236165Z  WARN foundry_evm_coverage::anchors: could not find anchor item=Statement (location: (source ID: 53, lines: 515..516, bytes: 18512..18538), hits: 0) err=Could not find anchor: No matching instruction in range source ID: 53, lines: 515..516, bytes: 18512..18538
2026-09-08T09:08:57.236167Z  WARN foundry_evm_coverage::anchors: could not find anchor item=Line (location: (source ID: 53, lines: 518..521, bytes: 18551..18664), hits: 0) err=Could not find anchor: No matching instruction in range source ID: 53, lines: 518..521, bytes: 18551..18664
2026-09-08T09:08:57.236173Z  WARN foundry_evm_coverage::anchors: could not find anchor item=Function "withdrawBucketCapacity" (location: (source ID: 53, lines: 518..521, bytes: 18551..18664), hits: 0) err=Could not find anchor: No matching instruction in range source ID: 53, lines: 518..521, bytes: 18551..18664
2026-09-08T09:08:57.235875Z  WARN foundry_evm_coverage::anchors: could not find anchor item=Line (location: (source ID: 57, lines: 70..71, bytes: 2415..2442), hits: 0) err=Could not find anchor: No matching instruction in range source ID: 57, lines: 70..71, bytes: 2415..2442
2026-09-08T09:08:57.236175Z  WARN foundry_evm_coverage::anchors: could not find anchor item=Line (location: (source ID: 53, lines: 519..520, bytes: 18627..18657), hits: 0) err=Could not find anchor: No matching instruction in range source ID: 53, lines: 519..520, bytes: 18627..18657
2026-09-08T09:08:57.236185Z  WARN foundry_evm_coverage::anchors: could not find anchor item=Statement (location: (source ID: 53, lines: 519..520, bytes: 18627..18657), hits: 0) err=Could not find anchor: No matching instruction in range source ID: 53, lines: 519..520, bytes: 18627..18657
2026-09-08T09:08:57.236189Z  WARN foundry_evm_coverage::anchors: could not find anchor item=Line (location: (source ID: 53, lines: 522..525, bytes: 18670..18798), hits: 0) err=Could not find anchor: No matching instruction in range source ID: 53, lines: 522..525, bytes: 18670..18798
2026-09-08T09:08:57.236192Z  WARN foundry_evm_coverage::anchors: could not find anchor item=Function "depositAuctionCapacity" (location: (source ID: 53, lines: 522..525, bytes: 18670..18798), hits: 0) err=Could not find anchor: No matching instruction in range source ID: 53, lines: 522..525, bytes: 18670..18798
2026-09-08T09:08:57.236195Z  WARN foundry_evm_coverage::anchors: could not find anchor item=Line (location: (source ID: 53, lines: 523..524, bytes: 18746..18791), hits: 0) err=Could not find anchor: No matching instruction in range source ID: 53, lines: 523..524, bytes: 18746..18791
2026-09-08T09:08:57.236198Z  WARN foundry_evm_coverage::anchors: could not find anchor item=Statement (location: (source ID: 53, lines: 523..524, bytes: 18746..18791), hits: 0) err=Could not find anchor: No matching instruction in range source ID: 53, lines: 523..524, bytes: 18746..18791
2026-09-08T09:08:57.236201Z  WARN foundry_evm_coverage::anchors: could not find anchor item=Line (location: (source ID: 53, lines: 526..529, bytes: 18804..18934), hits: 0) err=Could not find anchor: No matching instruction in range source ID: 53, lines: 526..529, bytes: 18804..18934
2026-09-08T09:08:57.236204Z  WARN foundry_evm_coverage::anchors: could not find anchor item=Function "withdrawAuctionCapacity" (location: (source ID: 53, lines: 526..529, bytes: 18804..18934), hits: 0) err=Could not find anchor: No matching instruction in range source ID: 53, lines: 526..529, bytes: 18804..18934
2026-09-08T09:08:57.236207Z  WARN foundry_evm_coverage::anchors: could not find anchor item=Line (location: (source ID: 53, lines: 527..528, bytes: 18881..18927), hits: 0) err=Could not find anchor: No matching instruction in range source ID: 53, lines: 527..528, bytes: 18881..18927
2026-09-08T09:08:57.236210Z  WARN foundry_evm_coverage::anchors: could not find anchor item=Statement (location: (source ID: 53, lines: 527..528, bytes: 18881..18927), hits: 0) err=Could not find anchor: No matching instruction in range source ID: 53, lines: 527..528, bytes: 18881..18927
2026-09-08T09:08:57.236213Z  WARN foundry_evm_coverage::anchors: could not find anchor item=Line (location: (source ID: 53, lines: 530..533, bytes: 18940..19075), hits: 0) err=Could not find anchor: No matching instruction in range source ID: 53, lines: 530..533, bytes: 18940..19075
2026-09-08T09:08:57.236216Z  WARN foundry_evm_coverage::anchors: could not find anchor item=Function "getDepositRequest" (location: (source ID: 53, lines: 530..533, bytes: 18940..19075), hits: 0) err=Could not find anchor: No matching instruction in range source ID: 53, lines: 530..533, bytes: 18940..19075
2026-09-08T09:08:57.236221Z  WARN foundry_evm_coverage::anchors: could not find anchor item=Line (location: (source ID: 53, lines: 531..532, bytes: 19035..19068), hits: 0) err=Could not find anchor: No matching instruction in range source ID: 53, lines: 531..532, bytes: 19035..19068
2026-09-08T09:08:57.236224Z  WARN foundry_evm_coverage::anchors: could not find anchor item=Statement (location: (source ID: 53, lines: 531..532, bytes: 19035..19068), hits: 0) err=Could not find anchor: No matching instruction in range source ID: 53, lines: 531..532, bytes: 19035..19068
2026-09-08T09:08:57.236227Z  WARN foundry_evm_coverage::anchors: could not find anchor item=Line (location: (source ID: 53, lines: 534..537, bytes: 19081..19218), hits: 0) err=Could not find anchor: No matching instruction in range source ID: 53, lines: 534..537, bytes: 19081..19218
2026-09-08T09:08:57.236231Z  WARN foundry_evm_coverage::anchors: could not find anchor item=Function "getWithdrawRequest" (location: (source ID: 53, lines: 534..537, bytes: 19081..19218), hits: 0) err=Could not find anchor: No matching instruction in range source ID: 53, lines: 534..537, bytes: 19081..19218
2026-09-08T09:08:57.236234Z  WARN foundry_evm_coverage::anchors: could not find anchor item=Line (location: (source ID: 53, lines: 535..536, bytes: 19177..19211), hits: 0) err=Could not find anchor: No matching instruction in range source ID: 53, lines: 535..536, bytes: 19177..19211
2026-09-08T09:08:57.236237Z  WARN foundry_evm_coverage::anchors: could not find anchor item=Statement (location: (source ID: 53, lines: 535..536, bytes: 19177..19211), hits: 0) err=Could not find anchor: No matching instruction in range source ID: 53, lines: 535..536, bytes: 19177..19211
2026-09-08T09:08:57.236181Z  WARN foundry_evm_coverage::anchors: could not find anchor item=Statement (location: (source ID: 57, lines: 70..71, bytes: 2415..2442), hits: 0) err=Could not find anchor: No matching instruction in range source ID: 57, lines: 70..71, bytes: 2415..2442
2026-09-08T09:08:57.236245Z  WARN foundry_evm_coverage::anchors: could not find anchor item=Line (location: (source ID: 57, lines: 71..72, bytes: 2456..2491), hits: 0) err=Could not find anchor: No matching instruction in range source ID: 57, lines: 71..72, bytes: 2456..2491
2026-09-08T09:08:57.236249Z  WARN foundry_evm_coverage::anchors: could not find anchor item=Statement (location: (source ID: 57, lines: 71..72, bytes: 2456..2491), hits: 0) err=Could not find anchor: No matching instruction in range source ID: 57, lines: 71..72, bytes: 2456..2491
2026-09-08T09:08:57.236251Z  WARN foundry_evm_coverage::anchors: could not find anchor item=Line (location: (source ID: 53, lines: 85..96, bytes: 3101..3604), hits: 0) err=Could not find anchor: No matching instruction in range source ID: 53, lines: 85..96, bytes: 3101..3604
2026-09-08T09:08:57.236252Z  WARN foundry_evm_coverage::anchors: could not find anchor item=Branch (branch: 6, path: 0) (location: (source ID: 57, lines: 71..72, bytes: 2452..2503), hits: 0) err=Could not find anchor: No matching instruction in range source ID: 57, lines: 71..72, bytes: 2452..2503
2026-09-08T09:08:57.236261Z  WARN foundry_evm_coverage::anchors: could not find anchor item=Function "constructor" (location: (source ID: 53, lines: 85..96, bytes: 3101..3604), hits: 0) err=Could not find anchor: No matching instruction in range source ID: 53, lines: 85..96, bytes: 3101..3604
2026-09-08T09:08:57.236261Z  WARN foundry_evm_coverage::anchors: could not find anchor item=Line (location: (source ID: 57, lines: 72..73, bytes: 2512..2526), hits: 0) err=Could not find anchor: No matching instruction in range source ID: 57, lines: 72..73, bytes: 2512..2526
2026-09-08T09:08:57.236270Z  WARN foundry_evm_coverage::anchors: could not find anchor item=Line (location: (source ID: 53, lines: 86..87, bytes: 3217..3237), hits: 0) err=Could not find anchor: No matching instruction in range source ID: 53, lines: 86..87, bytes: 3217..3237
2026-09-08T09:08:57.236271Z  WARN foundry_evm_coverage::anchors: could not find anchor item=Statement (location: (source ID: 57, lines: 72..73, bytes: 2512..2526), hits: 0) err=Could not find anchor: No matching instruction in range source ID: 57, lines: 72..73, bytes: 2512..2526
2026-09-08T09:08:57.236282Z  WARN foundry_evm_coverage::anchors: could not find anchor item=Statement (location: (source ID: 53, lines: 86..87, bytes: 3217..3237), hits: 0) err=Could not find anchor: No matching instruction in range source ID: 53, lines: 86..87, bytes: 3217..3237
2026-09-08T09:08:57.236282Z  WARN foundry_evm_coverage::anchors: could not find anchor item=Line (location: (source ID: 57, lines: 75..83, bytes: 2539..2865), hits: 0) err=Could not find anchor: No matching instruction in range source ID: 57, lines: 75..83, bytes: 2539..2865
2026-09-08T09:08:57.236291Z  WARN foundry_evm_coverage::anchors: could not find anchor item=Statement (location: (source ID: 53, lines: 86..87, bytes: 3217..3266), hits: 0) err=Could not find anchor: No matching instruction in range source ID: 53, lines: 86..87, bytes: 3217..3266
2026-09-08T09:08:57.236292Z  WARN foundry_evm_coverage::anchors: could not find anchor item=Function "withdraw" (location: (source ID: 57, lines: 75..83, bytes: 2539..2865), hits: 0) err=Could not find anchor: No matching instruction in range source ID: 57, lines: 75..83, bytes: 2539..2865
2026-09-08T09:08:57.236301Z  WARN foundry_evm_coverage::anchors: could not find anchor item=Statement (location: (source ID: 53, lines: 86..87, bytes: 3241..3266), hits: 0) err=Could not find anchor: No matching instruction in range source ID: 53, lines: 86..87, bytes: 3241..3266
2026-09-08T09:08:57.236301Z  WARN foundry_evm_coverage::anchors: could not find anchor item=Line (location: (source ID: 57, lines: 76..77, bytes: 2629..2688), hits: 0) err=Could not find anchor: No matching instruction in range source ID: 57, lines: 76..77, bytes: 2629..2688
2026-09-08T09:08:57.236310Z  WARN foundry_evm_coverage::anchors: could not find anchor item=Statement (location: (source ID: 53, lines: 86..87, bytes: 3268..3288), hits: 0) err=Could not find anchor: No matching instruction in range source ID: 53, lines: 86..87, bytes: 3268..3288
2026-09-08T09:08:57.236311Z  WARN foundry_evm_coverage::anchors: could not find anchor item=Statement (location: (source ID: 57, lines: 76..77, bytes: 2629..2688), hits: 0) err=Could not find anchor: No matching instruction in range source ID: 57, lines: 76..77, bytes: 2629..2688
2026-09-08T09:08:57.236320Z  WARN foundry_evm_coverage::anchors: could not find anchor item=Branch (branch: 0, path: 0) (location: (source ID: 53, lines: 86..87, bytes: 3268..3288), hits: 0) err=Could not find anchor: No matching instruction in range source ID: 53, lines: 86..87, bytes: 3268..3288
2026-09-08T09:08:57.236321Z  WARN foundry_evm_coverage::anchors: could not find anchor item=Line (location: (source ID: 57, lines: 77..78, bytes: 2702..2713), hits: 0) err=Could not find anchor: No matching instruction in range source ID: 57, lines: 77..78, bytes: 2702..2713
2026-09-08T09:08:57.236330Z  WARN foundry_evm_coverage::anchors: could not find anchor item=Line (location: (source ID: 53, lines: 87..88, bytes: 3298..3321), hits: 0) err=Could not find anchor: No matching instruction in range source ID: 53, lines: 87..88, bytes: 3298..3321
2026-09-08T09:08:57.236330Z  WARN foundry_evm_coverage::anchors: could not find anchor item=Statement (location: (source ID: 57, lines: 77..78, bytes: 2702..2713), hits: 0) err=Could not find anchor: No matching instruction in range source ID: 57, lines: 77..78, bytes: 2702..2713
2026-09-08T09:08:57.236340Z  WARN foundry_evm_coverage::anchors: could not find anchor item=Statement (location: (source ID: 53, lines: 87..88, bytes: 3298..3321), hits: 0) err=Could not find anchor: No matching instruction in range source ID: 53, lines: 87..88, bytes: 3298..3321
2026-09-08T09:08:57.236340Z  WARN foundry_evm_coverage::anchors: could not find anchor item=Statement (location: (source ID: 57, lines: 77..78, bytes: 2715..2721), hits: 0) err=Could not find anchor: No matching instruction in range source ID: 57, lines: 77..78, bytes: 2715..2721
2026-09-08T09:08:57.236350Z  WARN foundry_evm_coverage::anchors: could not find anchor item=Line (location: (source ID: 53, lines: 88..89, bytes: 3331..3362), hits: 0) err=Could not find anchor: No matching instruction in range source ID: 53, lines: 88..89, bytes: 3331..3362
2026-09-08T09:08:57.236354Z  WARN foundry_evm_coverage::anchors: could not find anchor item=Branch (branch: 7, path: 0) (location: (source ID: 57, lines: 77..78, bytes: 2715..2721), hits: 0) err=Could not find anchor: No matching instruction in range source ID: 57, lines: 77..78, bytes: 2715..2721
2026-09-08T09:08:57.236363Z  WARN foundry_evm_coverage::anchors: could not find anchor item=Statement (location: (source ID: 53, lines: 88..89, bytes: 3331..3362), hits: 0) err=Could not find anchor: No matching instruction in range source ID: 53, lines: 88..89, bytes: 3331..3362
2026-09-08T09:08:57.236364Z  WARN foundry_evm_coverage::anchors: could not find anchor item=Line (location: (source ID: 57, lines: 79..80, bytes: 2732..2759), hits: 0) err=Could not find anchor: No matching instruction in range source ID: 57, lines: 79..80, bytes: 2732..2759
2026-09-08T09:08:57.236372Z  WARN foundry_evm_coverage::anchors: could not find anchor item=Line (location: (source ID: 53, lines: 90..91, bytes: 3422..3456), hits: 0) err=Could not find anchor: No matching instruction in range source ID: 53, lines: 90..91, bytes: 3422..3456
2026-09-08T09:08:57.236373Z  WARN foundry_evm_coverage::anchors: could not find anchor item=Statement (location: (source ID: 57, lines: 79..80, bytes: 2732..2759), hits: 0) err=Could not find anchor: No matching instruction in range source ID: 57, lines: 79..80, bytes: 2732..2759
2026-09-08T09:08:57.236382Z  WARN foundry_evm_coverage::anchors: could not find anchor item=Statement (location: (source ID: 53, lines: 90..91, bytes: 3422..3456), hits: 0) err=Could not find anchor: No matching instruction in range source ID: 53, lines: 90..91, bytes: 3422..3456
2026-09-08T09:08:57.236383Z  WARN foundry_evm_coverage::anchors: could not find anchor item=Line (location: (source ID: 57, lines: 80..81, bytes: 2773..2823), hits: 0) err=Could not find anchor: No matching instruction in range source ID: 57, lines: 80..81, bytes: 2773..2823
2026-09-08T09:08:57.236392Z  WARN foundry_evm_coverage::anchors: could not find anchor item=Line (location: (source ID: 53, lines: 93..94, bytes: 3498..3542), hits: 0) err=Could not find anchor: No matching instruction in range source ID: 53, lines: 93..94, bytes: 3498..3542
2026-09-08T09:08:57.236393Z  WARN foundry_evm_coverage::anchors: could not find anchor item=Statement (location: (source ID: 57, lines: 80..81, bytes: 2773..2823), hits: 0) err=Could not find anchor: No matching instruction in range source ID: 57, lines: 80..81, bytes: 2773..2823
2026-09-08T09:08:57.236402Z  WARN foundry_evm_coverage::anchors: could not find anchor item=Statement (location: (source ID: 53, lines: 93..94, bytes: 3498..3542), hits: 0) err=Could not find anchor: No matching instruction in range source ID: 53, lines: 93..94, bytes: 3498..3542
2026-09-08T09:08:57.236403Z  WARN foundry_evm_coverage::anchors: could not find anchor item=Branch (branch: 8, path: 0) (location: (source ID: 57, lines: 80..81, bytes: 2769..2835), hits: 0) err=Could not find anchor: No matching instruction in range source ID: 57, lines: 80..81, bytes: 2769..2835
2026-09-08T09:08:57.236411Z  WARN foundry_evm_coverage::anchors: could not find anchor item=Line (location: (source ID: 53, lines: 94..95, bytes: 3552..3597), hits: 0) err=Could not find anchor: No matching instruction in range source ID: 53, lines: 94..95, bytes: 3552..3597
2026-09-08T09:08:57.236413Z  WARN foundry_evm_coverage::anchors: could not find anchor item=Line (location: (source ID: 57, lines: 81..82, bytes: 2844..2858), hits: 0) err=Could not find anchor: No matching instruction in range source ID: 57, lines: 81..82, bytes: 2844..2858
2026-09-08T09:08:57.236421Z  WARN foundry_evm_coverage::anchors: could not find anchor item=Statement (location: (source ID: 53, lines: 94..95, bytes: 3552..3597), hits: 0) err=Could not find anchor: No matching instruction in range source ID: 53, lines: 94..95, bytes: 3552..3597
2026-09-08T09:08:57.236426Z  WARN foundry_evm_coverage::anchors: could not find anchor item=Statement (location: (source ID: 57, lines: 81..82, bytes: 2844..2858), hits: 0) err=Could not find anchor: No matching instruction in range source ID: 57, lines: 81..82, bytes: 2844..2858
2026-09-08T09:08:57.236436Z  WARN foundry_evm_coverage::anchors: could not find anchor item=Line (location: (source ID: 57, lines: 84..90, bytes: 2871..3142), hits: 0) err=Could not find anchor: No matching instruction in range source ID: 57, lines: 84..90, bytes: 2871..3142
2026-09-08T09:08:57.236439Z  WARN foundry_evm_coverage::anchors: could not find anchor item=Function "cancelDepositRequest" (location: (source ID: 57, lines: 84..90, bytes: 2871..3142), hits: 0) err=Could not find anchor: No matching instruction in range source ID: 57, lines: 84..90, bytes: 2871..3142
2026-09-08T09:08:57.236443Z  WARN foundry_evm_coverage::anchors: could not find anchor item=Line (location: (source ID: 57, lines: 85..86, bytes: 2976..3012), hits: 0) err=Could not find anchor: No matching instruction in range source ID: 57, lines: 85..86, bytes: 2976..3012
2026-09-08T09:08:57.236446Z  WARN foundry_evm_coverage::anchors: could not find anchor item=Statement (location: (source ID: 57, lines: 85..86, bytes: 2976..3012), hits: 0) err=Could not find anchor: No matching instruction in range source ID: 57, lines: 85..86, bytes: 2976..3012
2026-09-08T09:08:57.236449Z  WARN foundry_evm_coverage::anchors: could not find anchor item=Line (location: (source ID: 57, lines: 86..87, bytes: 3022..3049), hits: 0) err=Could not find anchor: No matching instruction in range source ID: 57, lines: 86..87, bytes: 3022..3049
2026-09-08T09:08:57.236453Z  WARN foundry_evm_coverage::anchors: could not find anchor item=Statement (location: (source ID: 57, lines: 86..87, bytes: 3022..3049), hits: 0) err=Could not find anchor: No matching instruction in range source ID: 57, lines: 86..87, bytes: 3022..3049
2026-09-08T09:08:57.236456Z  WARN foundry_evm_coverage::anchors: could not find anchor item=Line (location: (source ID: 57, lines: 87..88, bytes: 3063..3100), hits: 0) err=Could not find anchor: No matching instruction in range source ID: 57, lines: 87..88, bytes: 3063..3100
2026-09-08T09:08:57.236459Z  WARN foundry_evm_coverage::anchors: could not find anchor item=Statement (location: (source ID: 57, lines: 87..88, bytes: 3063..3100), hits: 0) err=Could not find anchor: No matching instruction in range source ID: 57, lines: 87..88, bytes: 3063..3100
2026-09-08T09:08:57.236462Z  WARN foundry_evm_coverage::anchors: could not find anchor item=Branch (branch: 9, path: 0) (location: (source ID: 57, lines: 87..88, bytes: 3059..3112), hits: 0) err=Could not find anchor: No matching instruction in range source ID: 57, lines: 87..88, bytes: 3059..3112
2026-09-08T09:08:57.236466Z  WARN foundry_evm_coverage::anchors: could not find anchor item=Line (location: (source ID: 57, lines: 88..89, bytes: 3121..3135), hits: 0) err=Could not find anchor: No matching instruction in range source ID: 57, lines: 88..89, bytes: 3121..3135
2026-09-08T09:08:57.236469Z  WARN foundry_evm_coverage::anchors: could not find anchor item=Statement (location: (source ID: 57, lines: 88..89, bytes: 3121..3135), hits: 0) err=Could not find anchor: No matching instruction in range source ID: 57, lines: 88..89, bytes: 3121..3135
2026-09-08T09:08:57.236472Z  WARN foundry_evm_coverage::anchors: could not find anchor item=Line (location: (source ID: 57, lines: 91..97, bytes: 3148..3421), hits: 0) err=Could not find anchor: No matching instruction in range source ID: 57, lines: 91..97, bytes: 3148..3421
2026-09-08T09:08:57.236475Z  WARN foundry_evm_coverage::anchors: could not find anchor item=Function "cancelWithdrawRequest" (location: (source ID: 57, lines: 91..97, bytes: 3148..3421), hits: 0) err=Could not find anchor: No matching instruction in range source ID: 57, lines: 91..97, bytes: 3148..3421
2026-09-08T09:08:57.236481Z  WARN foundry_evm_coverage::anchors: could not find anchor item=Line (location: (source ID: 57, lines: 92..93, bytes: 3254..3290), hits: 0) err=Could not find anchor: No matching instruction in range source ID: 57, lines: 92..93, bytes: 3254..3290
2026-09-08T09:08:57.236484Z  WARN foundry_evm_coverage::anchors: could not find anchor item=Statement (location: (source ID: 57, lines: 92..93, bytes: 3254..3290), hits: 0) err=Could not find anchor: No matching instruction in range source ID: 57, lines: 92..93, bytes: 3254..3290
2026-09-08T09:08:57.236487Z  WARN foundry_evm_coverage::anchors: could not find anchor item=Line (location: (source ID: 57, lines: 93..94, bytes: 3300..3327), hits: 0) err=Could not find anchor: No matching instruction in range source ID: 57, lines: 93..94, bytes: 3300..3327
2026-09-08T09:08:57.236491Z  WARN foundry_evm_coverage::anchors: could not find anchor item=Statement (location: (source ID: 57, lines: 93..94, bytes: 3300..3327), hits: 0) err=Could not find anchor: No matching instruction in range source ID: 57, lines: 93..94, bytes: 3300..3327
2026-09-08T09:08:57.236494Z  WARN foundry_evm_coverage::anchors: could not find anchor item=Line (location: (source ID: 57, lines: 94..95, bytes: 3341..3379), hits: 0) err=Could not find anchor: No matching instruction in range source ID: 57, lines: 94..95, bytes: 3341..3379
2026-09-08T09:08:57.236498Z  WARN foundry_evm_coverage::anchors: could not find anchor item=Statement (location: (source ID: 57, lines: 94..95, bytes: 3341..3379), hits: 0) err=Could not find anchor: No matching instruction in range source ID: 57, lines: 94..95, bytes: 3341..3379
2026-09-08T09:08:57.236501Z  WARN foundry_evm_coverage::anchors: could not find anchor item=Branch (branch: 10, path: 0) (location: (source ID: 57, lines: 94..95, bytes: 3337..3391), hits: 0) err=Could not find anchor: No matching instruction in range source ID: 57, lines: 94..95, bytes: 3337..3391
2026-09-08T09:08:57.236505Z  WARN foundry_evm_coverage::anchors: could not find anchor item=Line (location: (source ID: 57, lines: 95..96, bytes: 3400..3414), hits: 0) err=Could not find anchor: No matching instruction in range source ID: 57, lines: 95..96, bytes: 3400..3414
2026-09-08T09:08:57.236508Z  WARN foundry_evm_coverage::anchors: could not find anchor item=Statement (location: (source ID: 57, lines: 95..96, bytes: 3400..3414), hits: 0) err=Could not find anchor: No matching instruction in range source ID: 57, lines: 95..96, bytes: 3400..3414
2026-09-08T09:08:57.236511Z  WARN foundry_evm_coverage::anchors: could not find anchor item=Line (location: (source ID: 57, lines: 98..103, bytes: 3427..3610), hits: 0) err=Could not find anchor: No matching instruction in range source ID: 57, lines: 98..103, bytes: 3427..3610
2026-09-08T09:08:57.236514Z  WARN foundry_evm_coverage::anchors: could not find anchor item=Function "advanceTime" (location: (source ID: 57, lines: 98..103, bytes: 3427..3610), hits: 0) err=Could not find anchor: No matching instruction in range source ID: 57, lines: 98..103, bytes: 3427..3610
2026-09-08T09:08:57.236518Z  WARN foundry_evm_coverage::anchors: could not find anchor item=Line (location: (source ID: 57, lines: 99..100, bytes: 3483..3525), hits: 0) err=Could not find anchor: No matching instruction in range source ID: 57, lines: 99..100, bytes: 3483..3525
2026-09-08T09:08:57.236521Z  WARN foundry_evm_coverage::anchors: could not find anchor item=Statement (location: (source ID: 57, lines: 99..100, bytes: 3483..3525), hits: 0) err=Could not find anchor: No matching instruction in range source ID: 57, lines: 99..100, bytes: 3483..3525
2026-09-08T09:08:57.236525Z  WARN foundry_evm_coverage::anchors: could not find anchor item=Statement (location: (source ID: 57, lines: 99..100, bytes: 3498..3525), hits: 0) err=Could not find anchor: No matching instruction in range source ID: 57, lines: 99..100, bytes: 3498..3525
2026-09-08T09:08:57.236530Z  WARN foundry_evm_coverage::anchors: could not find anchor item=Line (location: (source ID: 57, lines: 100..101, bytes: 3535..3566), hits: 0) err=Could not find anchor: No matching instruction in range source ID: 57, lines: 100..101, bytes: 3535..3566
2026-09-08T09:08:57.236533Z  WARN foundry_evm_coverage::anchors: could not find anchor item=Statement (location: (source ID: 57, lines: 100..101, bytes: 3535..3566), hits: 0) err=Could not find anchor: No matching instruction in range source ID: 57, lines: 100..101, bytes: 3535..3566
2026-09-08T09:08:57.236536Z  WARN foundry_evm_coverage::anchors: could not find anchor item=Line (location: (source ID: 57, lines: 101..102, bytes: 3580..3592), hits: 0) err=Could not find anchor: No matching instruction in range source ID: 57, lines: 101..102, bytes: 3580..3592
2026-09-08T09:08:57.236539Z  WARN foundry_evm_coverage::anchors: could not find anchor item=Statement (location: (source ID: 57, lines: 101..102, bytes: 3580..3592), hits: 0) err=Could not find anchor: No matching instruction in range source ID: 57, lines: 101..102, bytes: 3580..3592
2026-09-08T09:08:57.236543Z  WARN foundry_evm_coverage::anchors: could not find anchor item=Branch (branch: 11, path: 0) (location: (source ID: 57, lines: 101..102, bytes: 3576..3604), hits: 0) err=Could not find anchor: No matching instruction in range source ID: 57, lines: 101..102, bytes: 3576..3604
2026-09-08T09:08:57.236546Z  WARN foundry_evm_coverage::anchors: could not find anchor item=Line (location: (source ID: 57, lines: 104..107, bytes: 3616..3707), hits: 0) err=Could not find anchor: No matching instruction in range source ID: 57, lines: 104..107, bytes: 3616..3707
2026-09-08T09:08:57.236550Z  WARN foundry_evm_coverage::anchors: could not find anchor item=Function "actorsLength" (location: (source ID: 57, lines: 104..107, bytes: 3616..3707), hits: 0) err=Could not find anchor: No matching instruction in range source ID: 57, lines: 104..107, bytes: 3616..3707
2026-09-08T09:08:57.236553Z  WARN foundry_evm_coverage::anchors: could not find anchor item=Line (location: (source ID: 57, lines: 105..106, bytes: 3680..3700), hits: 0) err=Could not find anchor: No matching instruction in range source ID: 57, lines: 105..106, bytes: 3680..3700
2026-09-08T09:08:57.236556Z  WARN foundry_evm_coverage::anchors: could not find anchor item=Statement (location: (source ID: 57, lines: 105..106, bytes: 3680..3700), hits: 0) err=Could not find anchor: No matching instruction in range source ID: 57, lines: 105..106, bytes: 3680..3700
2026-09-08T09:08:57.236560Z  WARN foundry_evm_coverage::anchors: could not find anchor item=Line (location: (source ID: 57, lines: 108..111, bytes: 3713..3805), hits: 0) err=Could not find anchor: No matching instruction in range source ID: 57, lines: 108..111, bytes: 3713..3805
2026-09-08T09:08:57.236563Z  WARN foundry_evm_coverage::anchors: could not find anchor item=Function "getActor" (location: (source ID: 57, lines: 108..111, bytes: 3713..3805), hits: 0) err=Could not find anchor: No matching instruction in range source ID: 57, lines: 108..111, bytes: 3713..3805
2026-09-08T09:08:57.236567Z  WARN foundry_evm_coverage::anchors: could not find anchor item=Line (location: (source ID: 57, lines: 109..110, bytes: 3782..3798), hits: 0) err=Could not find anchor: No matching instruction in range source ID: 57, lines: 109..110, bytes: 3782..3798
2026-09-08T09:08:57.236570Z  WARN foundry_evm_coverage::anchors: could not find anchor item=Statement (location: (source ID: 57, lines: 109..110, bytes: 3782..3798), hits: 0) err=Could not find anchor: No matching instruction in range source ID: 57, lines: 109..110, bytes: 3782..3798
2026-09-08T09:08:57.236582Z  WARN foundry_evm_coverage::anchors: could not find anchor item=Line (location: (source ID: 57, lines: 21..40, bytes: 670..1340), hits: 0) err=Could not find anchor: No matching instruction in range source ID: 57, lines: 21..40, bytes: 670..1340
2026-09-08T09:08:57.236588Z  WARN foundry_evm_coverage::anchors: could not find anchor item=Function "constructor" (location: (source ID: 57, lines: 21..40, bytes: 670..1340), hits: 0) err=Could not find anchor: No matching instruction in range source ID: 57, lines: 21..40, bytes: 670..1340
2026-09-08T09:08:57.236594Z  WARN foundry_evm_coverage::anchors: could not find anchor item=Line (location: (source ID: 57, lines: 22..23, bytes: 723..745), hits: 0) err=Could not find anchor: No matching instruction in range source ID: 57, lines: 22..23, bytes: 723..745
2026-09-08T09:08:57.236600Z  WARN foundry_evm_coverage::anchors: could not find anchor item=Statement (location: (source ID: 57, lines: 22..23, bytes: 723..745), hits: 0) err=Could not find anchor: No matching instruction in range source ID: 57, lines: 22..23, bytes: 723..745
2026-09-08T09:08:57.236605Z  WARN foundry_evm_coverage::anchors: could not find anchor item=Line (location: (source ID: 57, lines: 23..24, bytes: 755..774), hits: 0) err=Could not find anchor: No matching instruction in range source ID: 57, lines: 23..24, bytes: 755..774
2026-09-08T09:08:57.236610Z  WARN foundry_evm_coverage::anchors: could not find anchor item=Statement (location: (source ID: 57, lines: 23..24, bytes: 755..774), hits: 0) err=Could not find anchor: No matching instruction in range source ID: 57, lines: 23..24, bytes: 755..774
2026-09-08T09:08:57.236615Z  WARN foundry_evm_coverage::anchors: could not find anchor item=Line (location: (source ID: 57, lines: 25..26, bytes: 790..803), hits: 0) err=Could not find anchor: No matching instruction in range source ID: 57, lines: 25..26, bytes: 790..803
2026-09-08T09:08:57.236620Z  WARN foundry_evm_coverage::anchors: could not find anchor item=Statement (location: (source ID: 57, lines: 25..26, bytes: 790..803), hits: 0) err=Could not find anchor: No matching instruction in range source ID: 57, lines: 25..26, bytes: 790..803
2026-09-08T09:08:57.236625Z  WARN foundry_evm_coverage::anchors: could not find anchor item=Statement (location: (source ID: 57, lines: 25..26, bytes: 805..810), hits: 0) err=Could not find anchor: No matching instruction in range source ID: 57, lines: 25..26, bytes: 805..810
2026-09-08T09:08:57.236630Z  WARN foundry_evm_coverage::anchors: could not find anchor item=Statement (location: (source ID: 57, lines: 25..26, bytes: 812..815), hits: 0) err=Could not find anchor: No matching instruction in range source ID: 57, lines: 25..26, bytes: 812..815
2026-09-08T09:08:57.236635Z  WARN foundry_evm_coverage::anchors: could not find anchor item=Line (location: (source ID: 57, lines: 26..27, bytes: 831..875), hits: 0) err=Could not find anchor: No matching instruction in range source ID: 57, lines: 26..27, bytes: 831..875
2026-09-08T09:08:57.236640Z  WARN foundry_evm_coverage::anchors: could not find anchor item=Statement (location: (source ID: 57, lines: 26..27, bytes: 831..875), hits: 0) err=Could not find anchor: No matching instruction in range source ID: 57, lines: 26..27, bytes: 831..875
2026-09-08T09:08:57.236645Z  WARN foundry_evm_coverage::anchors: could not find anchor item=Line (location: (source ID: 57, lines: 27..28, bytes: 889..907), hits: 0) err=Could not find anchor: No matching instruction in range source ID: 57, lines: 27..28, bytes: 889..907
2026-09-08T09:08:57.236650Z  WARN foundry_evm_coverage::anchors: could not find anchor item=Statement (location: (source ID: 57, lines: 27..28, bytes: 889..907), hits: 0) err=Could not find anchor: No matching instruction in range source ID: 57, lines: 27..28, bytes: 889..907
2026-09-08T09:08:57.236655Z  WARN foundry_evm_coverage::anchors: could not find anchor item=Line (location: (source ID: 57, lines: 28..29, bytes: 921..968), hits: 0) err=Could not find anchor: No matching instruction in range source ID: 57, lines: 28..29, bytes: 921..968
2026-09-08T09:08:57.236660Z  WARN foundry_evm_coverage::anchors: could not find anchor item=Statement (location: (source ID: 57, lines: 28..29, bytes: 921..968), hits: 0) err=Could not find anchor: No matching instruction in range source ID: 57, lines: 28..29, bytes: 921..968
2026-09-08T09:08:57.236665Z  WARN foundry_evm_coverage::anchors: could not find anchor item=Line (location: (source ID: 57, lines: 29..30, bytes: 982..1002), hits: 0) err=Could not find anchor: No matching instruction in range source ID: 57, lines: 29..30, bytes: 982..1002
2026-09-08T09:08:57.236673Z  WARN foundry_evm_coverage::anchors: could not find anchor item=Statement (location: (source ID: 57, lines: 29..30, bytes: 982..1002), hits: 0) err=Could not find anchor: No matching instruction in range source ID: 57, lines: 29..30, bytes: 982..1002
2026-09-08T09:08:57.236678Z  WARN foundry_evm_coverage::anchors: could not find anchor item=Line (location: (source ID: 57, lines: 30..31, bytes: 1016..1063), hits: 0) err=Could not find anchor: No matching instruction in range source ID: 57, lines: 30..31, bytes: 1016..1063
2026-09-08T09:08:57.236683Z  WARN foundry_evm_coverage::anchors: could not find anchor item=Statement (location: (source ID: 57, lines: 30..31, bytes: 1016..1063), hits: 0) err=Could not find anchor: No matching instruction in range source ID: 57, lines: 30..31, bytes: 1016..1063
2026-09-08T09:08:57.236689Z  WARN foundry_evm_coverage::anchors: could not find anchor item=Line (location: (source ID: 57, lines: 31..32, bytes: 1077..1091), hits: 0) err=Could not find anchor: No matching instruction in range source ID: 57, lines: 31..32, bytes: 1077..1091
2026-09-08T09:08:57.236694Z  WARN foundry_evm_coverage::anchors: could not find anchor item=Statement (location: (source ID: 57, lines: 31..32, bytes: 1077..1091), hits: 0) err=Could not find anchor: No matching instruction in range source ID: 57, lines: 31..32, bytes: 1077..1091
2026-09-08T09:08:57.236699Z  WARN foundry_evm_coverage::anchors: could not find anchor item=Line (location: (source ID: 57, lines: 35..36, bytes: 1154..1167), hits: 0) err=Could not find anchor: No matching instruction in range source ID: 57, lines: 35..36, bytes: 1154..1167
2026-09-08T09:08:57.236704Z  WARN foundry_evm_coverage::anchors: could not find anchor item=Statement (location: (source ID: 57, lines: 35..36, bytes: 1154..1167), hits: 0) err=Could not find anchor: No matching instruction in range source ID: 57, lines: 35..36, bytes: 1154..1167
2026-09-08T09:08:57.236709Z  WARN foundry_evm_coverage::anchors: could not find anchor item=Statement (location: (source ID: 57, lines: 35..36, bytes: 1169..1186), hits: 0) err=Could not find anchor: No matching instruction in range source ID: 57, lines: 35..36, bytes: 1169..1186
2026-09-08T09:08:57.236714Z  WARN foundry_evm_coverage::anchors: could not find anchor item=Statement (location: (source ID: 57, lines: 35..36, bytes: 1188..1191), hits: 0) err=Could not find anchor: No matching instruction in range source ID: 57, lines: 35..36, bytes: 1188..1191
2026-09-08T09:08:57.236719Z  WARN foundry_evm_coverage::anchors: could not find anchor item=Line (location: (source ID: 57, lines: 37..38, bytes: 1279..1323), hits: 0) err=Could not find anchor: No matching instruction in range source ID: 57, lines: 37..38, bytes: 1279..1323
2026-09-08T09:08:57.236724Z  WARN foundry_evm_coverage::anchors: could not find anchor item=Statement (location: (source ID: 57, lines: 37..38, bytes: 1279..1323), hits: 0) err=Could not find anchor: No matching instruction in range source ID: 57, lines: 37..38, bytes: 1279..1323
Running tests...
2026-09-08T09:08:57.249144Z  WARN evm::traces::external: etherscan config not found

Ran 41 tests for test/unit/VqALCX.t.sol:VqALCXTest
[PASS] test_AcceptAuctioneerOnlyByPending() (gas: 40866)
[PASS] test_BurnViaAuctionRejectsPayoutAboveBurn() (gas: 17465)
[PASS] test_CancelAfterPartialFillKeepsClaimableAmount() (gas: 344661)
[PASS] test_CancelDepositRequest() (gas: 203779)
[PASS] test_CancelRevertsAfterFullClaim() (gas: 349314)
[PASS] test_CancelRevertsIfNotOwner() (gas: 187580)
[PASS] test_CancelWithdrawRequest() (gas: 495939)
[PASS] test_CancellationPenaltyBounds() (gas: 212873)
[PASS] test_Construction() (gas: 34532)
[PASS] test_ConvertToSharesAndAssets() (gas: 8188)
[PASS] test_DepositAfterFulfillment() (gas: 351535)
[PASS] test_DepositCannotBeDoubleClaimed() (gas: 355274)
[PASS] test_DepositClaimWhilePaused() (gas: 370676)
[PASS] test_DepositRevertsIfNotFulfillable() (gas: 190190)
[PASS] test_FIFOOrdering() (gas: 415317)
[PASS] test_LazyDripFulfillment() (gas: 273724)
[PASS] test_LazyDripPartial() (gas: 265794)
[PASS] test_MaxDepositQuotedForCaller() (gas: 340268)
[PASS] test_MintAfterFulfillment() (gas: 343775)
[PASS] test_MintClaimWhilePaused() (gas: 370633)
[PASS] test_MintViaAuction() (gas: 106063)
[PASS] test_MintViaAuctionCapacityExceeded() (gas: 53620)
[PASS] test_MintViaAuctionOnlyAuctioneer() (gas: 15025)
[PASS] test_OnlyGovernanceCanSetParams() (gas: 14278)
[PASS] test_PartialClaimRetainsRemainder() (gas: 358309)
[PASS] test_PartialDripFillIsClaimable() (gas: 337579)
[PASS] test_PauseBlocksNewEntriesAndAllowsWithdrawals() (gas: 629979)
[PASS] test_RedeemAfterFulfillment() (gas: 486707)
[PASS] test_RequestDeposit() (gas: 193388)
[PASS] test_RequestDepositCapacityExceeded() (gas: 26189)
[PASS] test_RequestDepositRejectsZero() (gas: 19306)
[PASS] test_RequestDepositRequiresAlcxBalance() (gas: 30504)
[PASS] test_RequestWithdrawAndFulfill() (gas: 491576)
[PASS] test_RequestWithdrawRequiresShareBalance() (gas: 28785)
[PASS] test_RevertZeroAsset() (gas: 137261)
[PASS] test_SetBucketParamsRejectsCapacityBelowPending() (gas: 186990)
[PASS] test_SetBucketParamsRejectsZeroRate() (gas: 14216)
[PASS] test_TotalAssets() (gas: 344356)
[PASS] test_TwoStepAuctioneerTransfer() (gas: 36841)
[PASS] test_TwoStepGovernanceTransfer() (gas: 32368)
[PASS] test_WithdrawCannotBeDoubleClaimed() (gas: 492326)
Suite result: ok. 41 passed; 0 failed; 0 skipped; finished in 29.37s (19.42ms CPU time)

Ran 21 tests for test/unit/VqAuctioner.t.sol:VqAuctionerTest
[PASS] test_AuctionCapacityBoundedByRate() (gas: 168510)
[PASS] test_AuctioneerAlcxBalanceZeroAfterDepositSettlement() (gas: 635807)
[PASS] test_AuctioneerVqALCXBalanceZeroAfterWithdrawSettlement() (gas: 1027029)
[PASS] test_BidAfterRoundExpiry() (gas: 174685)
[PASS] test_Construction() (gas: 20477)
[PASS] test_DepositAuctionSettlement() (gas: 645656)
[PASS] test_DepositBid() (gas: 366375)
[PASS] test_DepositBidOutbids() (gas: 446154)
[PASS] test_DepositBidRequiresPriceAboveBase() (gas: 17630)
[PASS] test_DepositBidTooLow() (gas: 370357)
[PASS] test_DepositRoundStartsNextAfterSettlement() (gas: 312796)
[PASS] test_DepositSettlementPartiallyFillsWhenCapacityIsShort() (gas: 8556140)
[PASS] test_DepositSettlementRefundsWinnerWhenCapacityIsZero() (gas: 8450280)
[PASS] test_NoBidsSettlement() (gas: 312839)
[PASS] test_SettleDepositRoundRejectsNonCurrentRoundId() (gas: 377579)
[PASS] test_SettleWithdrawRoundRejectsNonCurrentRoundId() (gas: 163646)
[PASS] test_WithdrawAuctionSettlement() (gas: 1036797)
[PASS] test_WithdrawBid() (gas: 961339)
[PASS] test_WithdrawBidRequiresPayoutAtOrBelowBase() (gas: 17496)
[PASS] test_WithdrawSettlementPartiallyFillsWhenCapacityIsShort() (gas: 8825479)
[PASS] test_WithdrawSettlementRefundsWinnerWhenCapacityIsZero() (gas: 8768572)
Suite result: ok. 21 passed; 0 failed; 0 skipped; finished in 29.37s (20.53ms CPU time)

Ran 21 tests for test/unit/VqStaking.t.sol:VqStakingTest
[PASS] test_AccrueRewardsCallableByAnyone() (gas: 613389)
[PASS] test_CheckpointOnStake() (gas: 732871)
[PASS] test_CheckpointOnUnstake() (gas: 608746)
[PASS] test_Construction() (gas: 18546)
[PASS] test_ConstructorRejectsStakedTokenAsRewardToken() (gas: 67576)
[PASS] test_DelegateCheckpointConsistency() (gas: 1033733)
[PASS] test_DelegateSelf() (gas: 638298)
[PASS] test_DelegateToOther() (gas: 644302)
[PASS] test_GetPastBalanceOf() (gas: 522810)
[PASS] test_GetPastDelegate() (gas: 642369)
[PASS] test_GetPastVotes() (gas: 640039)
[PASS] test_GetVotesBeforeDelegate() (gas: 522183)
[PASS] test_PushRewardsDetectedOnNextInteraction() (gas: 933145)
[PASS] test_RewardsAccrueBeforeStake() (gas: 617423)
[PASS] test_RewardsDuringZeroStakeWindowCarryToNextStaker() (gas: 917549)
[PASS] test_RewardsProportionalToStake() (gas: 933190)
[PASS] test_Stake() (gas: 523143)
[PASS] test_StakingAccountingInvariant() (gas: 850716)
[PASS] test_Unstake() (gas: 560198)
[PASS] test_UnstakeInsufficientBalance() (gas: 543655)
[PASS] test_VqALCXBalanceDoesNotChangeOnStake() (gas: 542230)
Suite result: ok. 21 passed; 0 failed; 0 skipped; finished in 29.37s (17.90ms CPU time)

Ran 7 tests for test/invariant/VqALCX.invariant.t.sol:VqALCXInvariantTest
[PASS] invariant_DepositQueueCapacity() (runs: 256, calls: 128000, reverts: 27712)

╭---------------+-----------------------+-------+---------+----------╮
| Contract      | Selector              | Calls | Reverts | Discards |
+====================================================================+
| VqALCXHandler | advanceTime           | 16058 | 0       | 0        |
|---------------+-----------------------+-------+---------+----------|
| VqALCXHandler | cancelDepositRequest  | 15994 | 0       | 0        |
|---------------+-----------------------+-------+---------+----------|
| VqALCXHandler | cancelWithdrawRequest | 15791 | 0       | 0        |
|---------------+-----------------------+-------+---------+----------|
| VqALCXHandler | deposit               | 16041 | 0       | 0        |
|---------------+-----------------------+-------+---------+----------|
| VqALCXHandler | requestDeposit        | 15968 | 0       | 0        |
|---------------+-----------------------+-------+---------+----------|
| VqALCXHandler | requestWithdraw       | 31977 | 18455   | 0        |
|---------------+-----------------------+-------+---------+----------|
| VqALCXHandler | withdraw              | 16171 | 9257    | 0        |
╰---------------+-----------------------+-------+---------+----------╯

[PASS] invariant_HeadLeTail() (runs: 256, calls: 128000, reverts: 27699)

╭---------------+-----------------------+-------+---------+----------╮
| Contract      | Selector              | Calls | Reverts | Discards |
+====================================================================+
| VqALCXHandler | advanceTime           | 16058 | 0       | 0        |
|---------------+-----------------------+-------+---------+----------|
| VqALCXHandler | cancelDepositRequest  | 15994 | 0       | 0        |
|---------------+-----------------------+-------+---------+----------|
| VqALCXHandler | cancelWithdrawRequest | 15791 | 0       | 0        |
|---------------+-----------------------+-------+---------+----------|
| VqALCXHandler | deposit               | 16041 | 0       | 0        |
|---------------+-----------------------+-------+---------+----------|
| VqALCXHandler | requestDeposit        | 15968 | 0       | 0        |
|---------------+-----------------------+-------+---------+----------|
| VqALCXHandler | requestWithdraw       | 31977 | 18454   | 0        |
|---------------+-----------------------+-------+---------+----------|
| VqALCXHandler | withdraw              | 16171 | 9245    | 0        |
╰---------------+-----------------------+-------+---------+----------╯

[PASS] invariant_NoLockup() (runs: 256, calls: 128000, reverts: 27552)

╭---------------+-----------------------+-------+---------+----------╮
| Contract      | Selector              | Calls | Reverts | Discards |
+====================================================================+
| VqALCXHandler | advanceTime           | 16058 | 0       | 0        |
|---------------+-----------------------+-------+---------+----------|
| VqALCXHandler | cancelDepositRequest  | 15994 | 0       | 0        |
|---------------+-----------------------+-------+---------+----------|
| VqALCXHandler | cancelWithdrawRequest | 15791 | 0       | 0        |
|---------------+-----------------------+-------+---------+----------|
| VqALCXHandler | deposit               | 16041 | 0       | 0        |
|---------------+-----------------------+-------+---------+----------|
| VqALCXHandler | requestDeposit        | 15968 | 0       | 0        |
|---------------+-----------------------+-------+---------+----------|
| VqALCXHandler | requestWithdraw       | 31977 | 18407   | 0        |
|---------------+-----------------------+-------+---------+----------|
| VqALCXHandler | withdraw              | 16171 | 9145    | 0        |
╰---------------+-----------------------+-------+---------+----------╯

[PASS] invariant_ProfitNonNegative() (runs: 256, calls: 128000, reverts: 27602)

╭---------------+-----------------------+-------+---------+----------╮
| Contract      | Selector              | Calls | Reverts | Discards |
+====================================================================+
| VqALCXHandler | advanceTime           | 16058 | 0       | 0        |
|---------------+-----------------------+-------+---------+----------|
| VqALCXHandler | cancelDepositRequest  | 15994 | 0       | 0        |
|---------------+-----------------------+-------+---------+----------|
| VqALCXHandler | cancelWithdrawRequest | 15791 | 0       | 0        |
|---------------+-----------------------+-------+---------+----------|
| VqALCXHandler | deposit               | 16041 | 0       | 0        |
|---------------+-----------------------+-------+---------+----------|
| VqALCXHandler | requestDeposit        | 15968 | 0       | 0        |
|---------------+-----------------------+-------+---------+----------|
| VqALCXHandler | requestWithdraw       | 31977 | 18398   | 0        |
|---------------+-----------------------+-------+---------+----------|
| VqALCXHandler | withdraw              | 16171 | 9204    | 0        |
╰---------------+-----------------------+-------+---------+----------╯

[PASS] invariant_SharePrice1to1() (runs: 256, calls: 128000, reverts: 27767)

╭---------------+-----------------------+-------+---------+----------╮
| Contract      | Selector              | Calls | Reverts | Discards |
+====================================================================+
| VqALCXHandler | advanceTime           | 16058 | 0       | 0        |
|---------------+-----------------------+-------+---------+----------|
| VqALCXHandler | cancelDepositRequest  | 15994 | 0       | 0        |
|---------------+-----------------------+-------+---------+----------|
| VqALCXHandler | cancelWithdrawRequest | 15791 | 0       | 0        |
|---------------+-----------------------+-------+---------+----------|
| VqALCXHandler | deposit               | 16041 | 0       | 0        |
|---------------+-----------------------+-------+---------+----------|
| VqALCXHandler | requestDeposit        | 15968 | 0       | 0        |
|---------------+-----------------------+-------+---------+----------|
| VqALCXHandler | requestWithdraw       | 31977 | 18470   | 0        |
|---------------+-----------------------+-------+---------+----------|
| VqALCXHandler | withdraw              | 16171 | 9297    | 0        |
╰---------------+-----------------------+-------+---------+----------╯

[PASS] invariant_WatermarkBacking() (runs: 256, calls: 128000, reverts: 27808)

╭---------------+-----------------------+-------+---------+----------╮
| Contract      | Selector              | Calls | Reverts | Discards |
+====================================================================+
| VqALCXHandler | advanceTime           | 16058 | 0       | 0        |
|---------------+-----------------------+-------+---------+----------|
| VqALCXHandler | cancelDepositRequest  | 15994 | 0       | 0        |
|---------------+-----------------------+-------+---------+----------|
| VqALCXHandler | cancelWithdrawRequest | 15791 | 0       | 0        |
|---------------+-----------------------+-------+---------+----------|
| VqALCXHandler | deposit               | 16041 | 0       | 0        |
|---------------+-----------------------+-------+---------+----------|
| VqALCXHandler | requestDeposit        | 15968 | 0       | 0        |
|---------------+-----------------------+-------+---------+----------|
| VqALCXHandler | requestWithdraw       | 31977 | 18515   | 0        |
|---------------+-----------------------+-------+---------+----------|
| VqALCXHandler | withdraw              | 16171 | 9293    | 0        |
╰---------------+-----------------------+-------+---------+----------╯

[PASS] invariant_WithdrawQueueCapacity() (runs: 256, calls: 128000, reverts: 27735)

╭---------------+-----------------------+-------+---------+----------╮
| Contract      | Selector              | Calls | Reverts | Discards |
+====================================================================+
| VqALCXHandler | advanceTime           | 16058 | 0       | 0        |
|---------------+-----------------------+-------+---------+----------|
| VqALCXHandler | cancelDepositRequest  | 15994 | 0       | 0        |
|---------------+-----------------------+-------+---------+----------|
| VqALCXHandler | cancelWithdrawRequest | 15791 | 0       | 0        |
|---------------+-----------------------+-------+---------+----------|
| VqALCXHandler | deposit               | 16041 | 0       | 0        |
|---------------+-----------------------+-------+---------+----------|
| VqALCXHandler | requestDeposit        | 15968 | 0       | 0        |
|---------------+-----------------------+-------+---------+----------|
| VqALCXHandler | requestWithdraw       | 31977 | 18458   | 0        |
|---------------+-----------------------+-------+---------+----------|
| VqALCXHandler | withdraw              | 16171 | 9277    | 0        |
╰---------------+-----------------------+-------+---------+----------╯

Suite result: ok. 7 passed; 0 failed; 0 skipped; finished in 29.37s (131.66s CPU time)

Ran 4 test suites in 29.38s (117.48s CPU time): 90 tests passed, 0 failed, 0 skipped (90 total tests)

╭-------------------------------------------+------------------+------------------+-----------------+-----------------╮
| File                                      | % Lines          | % Statements     | % Branches      | % Funcs         |
+=====================================================================================================================+
| src/VqALCX.sol                            | 91.49% (258/282) | 89.25% (274/307) | 64.71% (33/51)  | 83.02% (44/53)  |
|-------------------------------------------+------------------+------------------+-----------------+-----------------|
| src/VqAuctioner.sol                       | 90.85% (129/142) | 87.79% (151/172) | 58.62% (17/29)  | 100.00% (11/11) |
|-------------------------------------------+------------------+------------------+-----------------+-----------------|
| src/VqStaking.sol                         | 96.49% (55/57)   | 92.45% (49/53)   | 50.00% (3/6)    | 92.31% (12/13)  |
|-------------------------------------------+------------------+------------------+-----------------+-----------------|
| test/invariant/handlers/VqALCXHandler.sol | 92.98% (53/57)   | 96.72% (59/61)   | 100.00% (12/12) | 81.82% (9/11)   |
|-------------------------------------------+------------------+------------------+-----------------+-----------------|
| test/unit/VqALCX.t.sol                    | 100.00% (2/2)    | 100.00% (1/1)    | 100.00% (0/0)   | 100.00% (1/1)   |
|-------------------------------------------+------------------+------------------+-----------------+-----------------|
| test/unit/VqAuctioner.t.sol               | 100.00% (2/2)    | 100.00% (1/1)    | 100.00% (0/0)   | 100.00% (1/1)   |
|-------------------------------------------+------------------+------------------+-----------------+-----------------|
| test/unit/VqStaking.t.sol                 | 100.00% (4/4)    | 100.00% (2/2)    | 100.00% (0/0)   | 100.00% (2/2)   |
|-------------------------------------------+------------------+------------------+-----------------+-----------------|
| Total                                     | 92.12% (503/546) | 89.95% (537/597) | 66.33% (65/98)  | 86.96% (80/92)  |
╰-------------------------------------------+------------------+------------------+-----------------+-----------------╯
