No files changed, compilation skipped
2026-09-08T10:23:06.533673Z  WARN evm::traces::external: etherscan config not found

Ran 1 test for test/audit/SystemAudit.t.sol:SystemAuditTest
[FAIL: panic: division or modulo by zero (0x12)] test_SystemTransitionEvidence() (gas: 9423249)
Traces:
  [13062726] SystemAuditTest::setUp()
    ├─ [793117] → new SystemToken@0x5615dEB798BB3E4dFa0139dFa1b3D433Cc23b72f
    │   └─ ← [Return] 3734 bytes of code
    ├─ [793117] → new SystemToken@0x2e234DAe75C793f67A35089C9d99245E1C58470b
    │   └─ ← [Return] 3734 bytes of code
    ├─ [0] VM::getNonce(SystemAuditTest: [0x7FA9385bE102ac3EAc297483Dd6233D62b3e1496]) [staticcall]
    │   └─ ← [Return] 3
    ├─ [0] VM::computeCreateAddress(SystemAuditTest: [0x7FA9385bE102ac3EAc297483Dd6233D62b3e1496], 4) [staticcall]
    │   └─ ← [Return] VqAuctioner: [0x5991A2dF15A8F6A256D3Ec51E99254Cd3fb576A9]
    ├─ [4186602] → new VqALCX@0xF62849F9A0B5Bf2913b396098F7c7019b51A820a
    │   └─ ← [Return] 20013 bytes of code
    ├─ [2397159] → new VqAuctioner@0x5991A2dF15A8F6A256D3Ec51E99254Cd3fb576A9
    │   └─ ← [Return] 11634 bytes of code
    ├─ [2923539] → new VqStaking@0xc7183455a4C133Ae270771860664b6B7ec320bB1
    │   └─ ← [Return] 14476 bytes of code
    ├─ [49525] VqALCX::setDepositBucketParams(100000000000000000000 [1e20], 1000000000000000000000000 [1e24])
    │   ├─ emit BucketParamsUpdated(isDeposit: true, rate: 100000000000000000000 [1e20], capacity: 1000000000000000000000000 [1e24])
    │   └─ ← [Stop]
    ├─ [49524] VqALCX::setWithdrawBucketParams(100000000000000000000 [1e20], 1000000000000000000000000 [1e24])
    │   ├─ emit BucketParamsUpdated(isDeposit: false, rate: 100000000000000000000 [1e20], capacity: 1000000000000000000000000 [1e24])
    │   └─ ← [Stop]
    ├─ [47291] SystemToken::mint(0x00000000000000000000000000000000000000A1, 1000000000000000000000000000 [1e27])
    │   ├─ emit Transfer(from: 0x0000000000000000000000000000000000000000, to: 0x00000000000000000000000000000000000000A1, value: 1000000000000000000000000000 [1e27])
    │   └─ ← [Stop]
    ├─ [0] VM::startPrank(0x00000000000000000000000000000000000000A1)
    │   └─ ← [Return]
    ├─ [25296] SystemToken::approve(VqALCX: [0xF62849F9A0B5Bf2913b396098F7c7019b51A820a], 115792089237316195423570985008687907853269984665640564039457584007913129639935 [1.157e77])
    │   ├─ emit Approval(owner: 0x00000000000000000000000000000000000000A1, spender: VqALCX: [0xF62849F9A0B5Bf2913b396098F7c7019b51A820a], value: 115792089237316195423570985008687907853269984665640564039457584007913129639935 [1.157e77])
    │   └─ ← [Return] true
    ├─ [25296] SystemToken::approve(VqAuctioner: [0x5991A2dF15A8F6A256D3Ec51E99254Cd3fb576A9], 115792089237316195423570985008687907853269984665640564039457584007913129639935 [1.157e77])
    │   ├─ emit Approval(owner: 0x00000000000000000000000000000000000000A1, spender: VqAuctioner: [0x5991A2dF15A8F6A256D3Ec51E99254Cd3fb576A9], value: 115792089237316195423570985008687907853269984665640564039457584007913129639935 [1.157e77])
    │   └─ ← [Return] true
    ├─ [25386] VqALCX::approve(VqAuctioner: [0x5991A2dF15A8F6A256D3Ec51E99254Cd3fb576A9], 115792089237316195423570985008687907853269984665640564039457584007913129639935 [1.157e77])
    │   ├─ emit Approval(owner: 0x00000000000000000000000000000000000000A1, spender: VqAuctioner: [0x5991A2dF15A8F6A256D3Ec51E99254Cd3fb576A9], value: 115792089237316195423570985008687907853269984665640564039457584007913129639935 [1.157e77])
    │   └─ ← [Return] true
    ├─ [25386] VqALCX::approve(VqStaking: [0xc7183455a4C133Ae270771860664b6B7ec320bB1], 115792089237316195423570985008687907853269984665640564039457584007913129639935 [1.157e77])
    │   ├─ emit Approval(owner: 0x00000000000000000000000000000000000000A1, spender: VqStaking: [0xc7183455a4C133Ae270771860664b6B7ec320bB1], value: 115792089237316195423570985008687907853269984665640564039457584007913129639935 [1.157e77])
    │   └─ ← [Return] true
    ├─ [151371] VqALCX::requestDeposit(1000000000000000000000 [1e21])
    │   ├─ [26361] SystemToken::transferFrom(0x00000000000000000000000000000000000000A1, VqALCX: [0xF62849F9A0B5Bf2913b396098F7c7019b51A820a], 1000000000000000000000 [1e21])
    │   │   ├─ emit Transfer(from: 0x00000000000000000000000000000000000000A1, to: VqALCX: [0xF62849F9A0B5Bf2913b396098F7c7019b51A820a], value: 1000000000000000000000 [1e21])
    │   │   └─ ← [Return] true
    │   ├─ emit DepositRequested(requestId: 0, owner: 0x00000000000000000000000000000000000000A1, amount: 1000000000000000000000 [1e21])
    │   └─ ← [Return] 0
    ├─ [0] VM::stopPrank()
    │   └─ ← [Return]
    ├─ [25391] SystemToken::mint(0x00000000000000000000000000000000000000b2, 1000000000000000000000000000 [1e27])
    │   ├─ emit Transfer(from: 0x0000000000000000000000000000000000000000, to: 0x00000000000000000000000000000000000000b2, value: 1000000000000000000000000000 [1e27])
    │   └─ ← [Stop]
    ├─ [0] VM::startPrank(0x00000000000000000000000000000000000000b2)
    │   └─ ← [Return]
    ├─ [25296] SystemToken::approve(VqALCX: [0xF62849F9A0B5Bf2913b396098F7c7019b51A820a], 115792089237316195423570985008687907853269984665640564039457584007913129639935 [1.157e77])
    │   ├─ emit Approval(owner: 0x00000000000000000000000000000000000000b2, spender: VqALCX: [0xF62849F9A0B5Bf2913b396098F7c7019b51A820a], value: 115792089237316195423570985008687907853269984665640564039457584007913129639935 [1.157e77])
    │   └─ ← [Return] true
    ├─ [25296] SystemToken::approve(VqAuctioner: [0x5991A2dF15A8F6A256D3Ec51E99254Cd3fb576A9], 115792089237316195423570985008687907853269984665640564039457584007913129639935 [1.157e77])
    │   ├─ emit Approval(owner: 0x00000000000000000000000000000000000000b2, spender: VqAuctioner: [0x5991A2dF15A8F6A256D3Ec51E99254Cd3fb576A9], value: 115792089237316195423570985008687907853269984665640564039457584007913129639935 [1.157e77])
    │   └─ ← [Return] true
    ├─ [25386] VqALCX::approve(VqAuctioner: [0x5991A2dF15A8F6A256D3Ec51E99254Cd3fb576A9], 115792089237316195423570985008687907853269984665640564039457584007913129639935 [1.157e77])
    │   ├─ emit Approval(owner: 0x00000000000000000000000000000000000000b2, spender: VqAuctioner: [0x5991A2dF15A8F6A256D3Ec51E99254Cd3fb576A9], value: 115792089237316195423570985008687907853269984665640564039457584007913129639935 [1.157e77])
    │   └─ ← [Return] true
    ├─ [25386] VqALCX::approve(VqStaking: [0xc7183455a4C133Ae270771860664b6B7ec320bB1], 115792089237316195423570985008687907853269984665640564039457584007913129639935 [1.157e77])
    │   ├─ emit Approval(owner: 0x00000000000000000000000000000000000000b2, spender: VqStaking: [0xc7183455a4C133Ae270771860664b6B7ec320bB1], value: 115792089237316195423570985008687907853269984665640564039457584007913129639935 [1.157e77])
    │   └─ ← [Return] true
    ├─ [105571] VqALCX::requestDeposit(1000000000000000000000 [1e21])
    │   ├─ [4461] SystemToken::transferFrom(0x00000000000000000000000000000000000000b2, VqALCX: [0xF62849F9A0B5Bf2913b396098F7c7019b51A820a], 1000000000000000000000 [1e21])
    │   │   ├─ emit Transfer(from: 0x00000000000000000000000000000000000000b2, to: VqALCX: [0xF62849F9A0B5Bf2913b396098F7c7019b51A820a], value: 1000000000000000000000 [1e21])
    │   │   └─ ← [Return] true
    │   ├─ emit DepositRequested(requestId: 1, owner: 0x00000000000000000000000000000000000000b2, amount: 1000000000000000000000 [1e21])
    │   └─ ← [Return] 1
    ├─ [0] VM::stopPrank()
    │   └─ ← [Return]
    ├─ [25391] SystemToken::mint(0x00000000000000000000000000000000000000C3, 1000000000000000000000000000 [1e27])
    │   ├─ emit Transfer(from: 0x0000000000000000000000000000000000000000, to: 0x00000000000000000000000000000000000000C3, value: 1000000000000000000000000000 [1e27])
    │   └─ ← [Stop]
    ├─ [0] VM::startPrank(0x00000000000000000000000000000000000000C3)
    │   └─ ← [Return]
    ├─ [25296] SystemToken::approve(VqALCX: [0xF62849F9A0B5Bf2913b396098F7c7019b51A820a], 115792089237316195423570985008687907853269984665640564039457584007913129639935 [1.157e77])
    │   ├─ emit Approval(owner: 0x00000000000000000000000000000000000000C3, spender: VqALCX: [0xF62849F9A0B5Bf2913b396098F7c7019b51A820a], value: 115792089237316195423570985008687907853269984665640564039457584007913129639935 [1.157e77])
    │   └─ ← [Return] true
    ├─ [25296] SystemToken::approve(VqAuctioner: [0x5991A2dF15A8F6A256D3Ec51E99254Cd3fb576A9], 115792089237316195423570985008687907853269984665640564039457584007913129639935 [1.157e77])
    │   ├─ emit Approval(owner: 0x00000000000000000000000000000000000000C3, spender: VqAuctioner: [0x5991A2dF15A8F6A256D3Ec51E99254Cd3fb576A9], value: 115792089237316195423570985008687907853269984665640564039457584007913129639935 [1.157e77])
    │   └─ ← [Return] true
    ├─ [25386] VqALCX::approve(VqAuctioner: [0x5991A2dF15A8F6A256D3Ec51E99254Cd3fb576A9], 115792089237316195423570985008687907853269984665640564039457584007913129639935 [1.157e77])
    │   ├─ emit Approval(owner: 0x00000000000000000000000000000000000000C3, spender: VqAuctioner: [0x5991A2dF15A8F6A256D3Ec51E99254Cd3fb576A9], value: 115792089237316195423570985008687907853269984665640564039457584007913129639935 [1.157e77])
    │   └─ ← [Return] true
    ├─ [25386] VqALCX::approve(VqStaking: [0xc7183455a4C133Ae270771860664b6B7ec320bB1], 115792089237316195423570985008687907853269984665640564039457584007913129639935 [1.157e77])
    │   ├─ emit Approval(owner: 0x00000000000000000000000000000000000000C3, spender: VqStaking: [0xc7183455a4C133Ae270771860664b6B7ec320bB1], value: 115792089237316195423570985008687907853269984665640564039457584007913129639935 [1.157e77])
    │   └─ ← [Return] true
    ├─ [105571] VqALCX::requestDeposit(1000000000000000000000 [1e21])
    │   ├─ [4461] SystemToken::transferFrom(0x00000000000000000000000000000000000000C3, VqALCX: [0xF62849F9A0B5Bf2913b396098F7c7019b51A820a], 1000000000000000000000 [1e21])
    │   │   ├─ emit Transfer(from: 0x00000000000000000000000000000000000000C3, to: VqALCX: [0xF62849F9A0B5Bf2913b396098F7c7019b51A820a], value: 1000000000000000000000 [1e21])
    │   │   └─ ← [Return] true
    │   ├─ emit DepositRequested(requestId: 2, owner: 0x00000000000000000000000000000000000000C3, amount: 1000000000000000000000 [1e21])
    │   └─ ← [Return] 2
    ├─ [0] VM::stopPrank()
    │   └─ ← [Return]
    ├─ [505] VqALCX::depositBucketRate() [staticcall]
    │   └─ ← [Return] 100000000000000000000 [1e20]
    ├─ [528] VqALCX::withdrawBucketRate() [staticcall]
    │   └─ ← [Return] 100000000000000000000 [1e20]
    ├─ [0] VM::warp(31)
    │   └─ ← [Return]
    ├─ [120812] VqALCX::drip()
    │   └─ ← [Stop]
    ├─ [0] VM::prank(0x00000000000000000000000000000000000000A1)
    │   └─ ← [Return]
    ├─ [73226] VqALCX::deposit(1000000000000000000000 [1e21], 0x00000000000000000000000000000000000000A1)
    │   ├─ emit Transfer(from: 0x0000000000000000000000000000000000000000, to: 0x00000000000000000000000000000000000000A1, value: 1000000000000000000000 [1e21])
    │   ├─ emit Deposit(sender: 0x00000000000000000000000000000000000000A1, owner: 0x00000000000000000000000000000000000000A1, assets: 1000000000000000000000 [1e21], shares: 1000000000000000000000 [1e21])
    │   └─ ← [Return] 1000000000000000000000 [1e21]
    ├─ [0] VM::prank(0x00000000000000000000000000000000000000b2)
    │   └─ ← [Return]
    ├─ [51326] VqALCX::deposit(1000000000000000000000 [1e21], 0x00000000000000000000000000000000000000b2)
    │   ├─ emit Transfer(from: 0x0000000000000000000000000000000000000000, to: 0x00000000000000000000000000000000000000b2, value: 1000000000000000000000 [1e21])
    │   ├─ emit Deposit(sender: 0x00000000000000000000000000000000000000b2, owner: 0x00000000000000000000000000000000000000b2, assets: 1000000000000000000000 [1e21], shares: 1000000000000000000000 [1e21])
    │   └─ ← [Return] 1000000000000000000000 [1e21]
    ├─ [0] VM::prank(0x00000000000000000000000000000000000000C3)
    │   └─ ← [Return]
    ├─ [51326] VqALCX::deposit(1000000000000000000000 [1e21], 0x00000000000000000000000000000000000000C3)
    │   ├─ emit Transfer(from: 0x0000000000000000000000000000000000000000, to: 0x00000000000000000000000000000000000000C3, value: 1000000000000000000000 [1e21])
    │   ├─ emit Deposit(sender: 0x00000000000000000000000000000000000000C3, owner: 0x00000000000000000000000000000000000000C3, assets: 1000000000000000000000 [1e21], shares: 1000000000000000000000 [1e21])
    │   └─ ← [Return] 1000000000000000000000 [1e21]
    ├─ [146685] VqAuctioner::ensureDepositRound()
    │   ├─ [505] VqALCX::depositBucketRate() [staticcall]
    │   │   └─ ← [Return] 100000000000000000000 [1e20]
    │   ├─ emit RoundStarted(roundId: 1, isDeposit: true, capacity: 3000000000000000000000 [3e21])
    │   └─ ← [Return] 1
    ├─ [126761] VqAuctioner::ensureWithdrawRound()
    │   ├─ [528] VqALCX::withdrawBucketRate() [staticcall]
    │   │   └─ ← [Return] 100000000000000000000 [1e20]
    │   ├─ emit RoundStarted(roundId: 1, isDeposit: false, capacity: 3000000000000000000000 [3e21])
    │   └─ ← [Return] 1
    ├─ [1838] VqALCX::depositBucket() [staticcall]
    │   └─ ← [Return] 1000000000000000000000000 [1e24], 100000000000000000000 [1e20], 3, 3, 0, 31, 0
    ├─ [2188] VqALCX::getDepositRequest(0) [staticcall]
    │   └─ ← [Return] Request({ owner: 0x00000000000000000000000000000000000000A1, amount: 1000000000000000000000 [1e21], filled: 1000000000000000000000 [1e21], claimed: 1000000000000000000000 [1e21], cancelled: false })
    ├─ [2188] VqALCX::getDepositRequest(1) [staticcall]
    │   └─ ← [Return] Request({ owner: 0x00000000000000000000000000000000000000b2, amount: 1000000000000000000000 [1e21], filled: 1000000000000000000000 [1e21], claimed: 1000000000000000000000 [1e21], cancelled: false })
    ├─ [2188] VqALCX::getDepositRequest(2) [staticcall]
    │   └─ ← [Return] Request({ owner: 0x00000000000000000000000000000000000000C3, amount: 1000000000000000000000 [1e21], filled: 1000000000000000000000 [1e21], claimed: 1000000000000000000000 [1e21], cancelled: false })
    ├─ [850] SystemToken::balanceOf(VqALCX: [0xF62849F9A0B5Bf2913b396098F7c7019b51A820a]) [staticcall]
    │   └─ ← [Return] 3000000000000000000000 [3e21]
    ├─ [545] VqALCX::totalSupply() [staticcall]
    │   └─ ← [Return] 3000000000000000000000 [3e21]
    ├─ [573] VqALCX::depositQueueDepth() [staticcall]
    │   └─ ← [Return] 0
    ├─ [1817] VqALCX::withdrawBucket() [staticcall]
    │   └─ ← [Return] 1000000000000000000000000 [1e24], 100000000000000000000 [1e20], 0, 0, 0, 31, 3000000000000000000000 [3e21]
    ├─ [2962] VqALCX::balanceOf(VqALCX: [0xF62849F9A0B5Bf2913b396098F7c7019b51A820a]) [staticcall]
    │   └─ ← [Return] 0
    ├─ [529] VqALCX::withdrawQueueDepth() [staticcall]
    │   └─ ← [Return] 0
    ├─ [471] VqAuctioner::currentDepositRound() [staticcall]
    │   └─ ← [Return] 1
    ├─ [3567] VqAuctioner::getDepositRound(1) [staticcall]
    │   └─ ← [Return] Round({ roundId: 1, isDeposit: true, startTime: 31, endTime: 61, capacity: 3000000000000000000000 [3e21], totalFilled: 0, settled: false, highestBidder: 0x0000000000000000000000000000000000000000, highestBidAmount: 0, highestBidPrice: 0 })
    ├─ [471] VqAuctioner::currentDepositRound() [staticcall]
    │   └─ ← [Return] 1
    ├─ [515] VqAuctioner::currentWithdrawRound() [staticcall]
    │   └─ ← [Return] 1
    ├─ [3499] VqAuctioner::getWithdrawRound(1) [staticcall]
    │   └─ ← [Return] Round({ roundId: 1, isDeposit: false, startTime: 31, endTime: 61, capacity: 3000000000000000000000 [3e21], totalFilled: 0, settled: false, highestBidder: 0x0000000000000000000000000000000000000000, highestBidAmount: 0, highestBidPrice: 0 })
    ├─ [515] VqAuctioner::currentWithdrawRound() [staticcall]
    │   └─ ← [Return] 1
    ├─ [1838] VqALCX::depositBucket() [staticcall]
    │   └─ ← [Return] 1000000000000000000000000 [1e24], 100000000000000000000 [1e20], 3, 3, 0, 31, 0
    ├─ [1817] VqALCX::withdrawBucket() [staticcall]
    │   └─ ← [Return] 1000000000000000000000000 [1e24], 100000000000000000000 [1e20], 0, 0, 0, 31, 3000000000000000000000 [3e21]
    ├─ [505] VqALCX::depositBucketRate() [staticcall]
    │   └─ ← [Return] 100000000000000000000 [1e20]
    ├─ [528] VqALCX::withdrawBucketRate() [staticcall]
    │   └─ ← [Return] 100000000000000000000 [1e20]
    ├─ [2850] SystemToken::balanceOf(VqAuctioner: [0x5991A2dF15A8F6A256D3Ec51E99254Cd3fb576A9]) [staticcall]
    │   └─ ← [Return] 0
    ├─ [471] VqAuctioner::currentDepositRound() [staticcall]
    │   └─ ← [Return] 1
    ├─ [2777] VqAuctioner::depositLockedTotal(1) [staticcall]
    │   └─ ← [Return] 0
    ├─ [2962] VqALCX::balanceOf(VqAuctioner: [0x5991A2dF15A8F6A256D3Ec51E99254Cd3fb576A9]) [staticcall]
    │   └─ ← [Return] 0
    ├─ [515] VqAuctioner::currentWithdrawRound() [staticcall]
    │   └─ ← [Return] 1
    ├─ [2799] VqAuctioner::withdrawLockedTotal(1) [staticcall]
    │   └─ ← [Return] 0
    ├─ [2897] VqStaking::stakedBalanceOf(0x00000000000000000000000000000000000000A1) [staticcall]
    │   └─ ← [Return] 0
    ├─ [8137] VqStaking::earned(0x00000000000000000000000000000000000000A1) [staticcall]
    │   └─ ← [Return] 0
    ├─ [2957] VqStaking::delegates(0x00000000000000000000000000000000000000A1) [staticcall]
    │   └─ ← [Return] 0x0000000000000000000000000000000000000000
    ├─ [2957] VqStaking::delegates(0x00000000000000000000000000000000000000b2) [staticcall]
    │   └─ ← [Return] 0x0000000000000000000000000000000000000000
    ├─ [2957] VqStaking::delegates(0x00000000000000000000000000000000000000C3) [staticcall]
    │   └─ ← [Return] 0x0000000000000000000000000000000000000000
    ├─ [3057] VqStaking::getVotes(0x00000000000000000000000000000000000000A1) [staticcall]
    │   └─ ← [Return] 0
    ├─ [2897] VqStaking::stakedBalanceOf(0x00000000000000000000000000000000000000b2) [staticcall]
    │   └─ ← [Return] 0
    ├─ [6137] VqStaking::earned(0x00000000000000000000000000000000000000b2) [staticcall]
    │   └─ ← [Return] 0
    ├─ [957] VqStaking::delegates(0x00000000000000000000000000000000000000A1) [staticcall]
    │   └─ ← [Return] 0x0000000000000000000000000000000000000000
    ├─ [957] VqStaking::delegates(0x00000000000000000000000000000000000000b2) [staticcall]
    │   └─ ← [Return] 0x0000000000000000000000000000000000000000
    ├─ [957] VqStaking::delegates(0x00000000000000000000000000000000000000C3) [staticcall]
    │   └─ ← [Return] 0x0000000000000000000000000000000000000000
    ├─ [3057] VqStaking::getVotes(0x00000000000000000000000000000000000000b2) [staticcall]
    │   └─ ← [Return] 0
    ├─ [2897] VqStaking::stakedBalanceOf(0x00000000000000000000000000000000000000C3) [staticcall]
    │   └─ ← [Return] 0
    ├─ [6137] VqStaking::earned(0x00000000000000000000000000000000000000C3) [staticcall]
    │   └─ ← [Return] 0
    ├─ [957] VqStaking::delegates(0x00000000000000000000000000000000000000A1) [staticcall]
    │   └─ ← [Return] 0x0000000000000000000000000000000000000000
    ├─ [957] VqStaking::delegates(0x00000000000000000000000000000000000000b2) [staticcall]
    │   └─ ← [Return] 0x0000000000000000000000000000000000000000
    ├─ [957] VqStaking::delegates(0x00000000000000000000000000000000000000C3) [staticcall]
    │   └─ ← [Return] 0x0000000000000000000000000000000000000000
    ├─ [3057] VqStaking::getVotes(0x00000000000000000000000000000000000000C3) [staticcall]
    │   └─ ← [Return] 0
    ├─ [2455] VqStaking::totalStaked() [staticcall]
    │   └─ ← [Return] 0
    ├─ [2962] VqALCX::balanceOf(VqStaking: [0xc7183455a4C133Ae270771860664b6B7ec320bB1]) [staticcall]
    │   └─ ← [Return] 0
    ├─ [2850] SystemToken::balanceOf(VqStaking: [0xc7183455a4C133Ae270771860664b6B7ec320bB1]) [staticcall]
    │   └─ ← [Return] 0
    ├─ [850] SystemToken::balanceOf(VqStaking: [0xc7183455a4C133Ae270771860664b6B7ec320bB1]) [staticcall]
    │   └─ ← [Return] 0
    └─ ← [Stop]

  [9423249] SystemAuditTest::test_SystemTransitionEvidence()
    ├─ [2600] VqALCX::paused() [staticcall]
    │   └─ ← [Return] false
    ├─ [2573] VqALCX::depositQueueDepth() [staticcall]
    │   └─ ← [Return] 0
    ├─ [0] VM::prank(0x00000000000000000000000000000000000000A1)
    │   └─ ← [Return]
    ├─ [136071] VqALCX::requestDeposit(1)
    │   ├─ [16061] SystemToken::transferFrom(0x00000000000000000000000000000000000000A1, VqALCX: [0xF62849F9A0B5Bf2913b396098F7c7019b51A820a], 1)
    │   │   ├─ emit Transfer(from: 0x00000000000000000000000000000000000000A1, to: VqALCX: [0xF62849F9A0B5Bf2913b396098F7c7019b51A820a], value: 1)
    │   │   └─ ← [Return] true
    │   ├─ emit DepositRequested(requestId: 3, owner: 0x00000000000000000000000000000000000000A1, amount: 1)
    │   └─ ← [Return] 3
    ├─ [7838] VqALCX::depositBucket() [staticcall]
    │   └─ ← [Return] 1000000000000000000000000 [1e24], 100000000000000000000 [1e20], 3, 4, 1, 31, 0
    ├─ [12188] VqALCX::getDepositRequest(0) [staticcall]
    │   └─ ← [Return] Request({ owner: 0x00000000000000000000000000000000000000A1, amount: 1000000000000000000000 [1e21], filled: 1000000000000000000000 [1e21], claimed: 1000000000000000000000 [1e21], cancelled: false })
    ├─ [12188] VqALCX::getDepositRequest(1) [staticcall]
    │   └─ ← [Return] Request({ owner: 0x00000000000000000000000000000000000000b2, amount: 1000000000000000000000 [1e21], filled: 1000000000000000000000 [1e21], claimed: 1000000000000000000000 [1e21], cancelled: false })
    ├─ [12188] VqALCX::getDepositRequest(2) [staticcall]
    │   └─ ← [Return] Request({ owner: 0x00000000000000000000000000000000000000C3, amount: 1000000000000000000000 [1e21], filled: 1000000000000000000000 [1e21], claimed: 1000000000000000000000 [1e21], cancelled: false })
    ├─ [2188] VqALCX::getDepositRequest(3) [staticcall]
    │   └─ ← [Return] Request({ owner: 0x00000000000000000000000000000000000000A1, amount: 1, filled: 0, claimed: 0, cancelled: false })
    ├─ [850] SystemToken::balanceOf(VqALCX: [0xF62849F9A0B5Bf2913b396098F7c7019b51A820a]) [staticcall]
    │   └─ ← [Return] 3000000000000000000001 [3e21]
    ├─ [2545] VqALCX::totalSupply() [staticcall]
    │   └─ ← [Return] 3000000000000000000000 [3e21]
    ├─ [573] VqALCX::depositQueueDepth() [staticcall]
    │   └─ ← [Return] 1
    ├─ [15817] VqALCX::withdrawBucket() [staticcall]
    │   └─ ← [Return] 1000000000000000000000000 [1e24], 100000000000000000000 [1e20], 0, 0, 0, 31, 3000000000000000000000 [3e21]
    ├─ [2962] VqALCX::balanceOf(VqALCX: [0xF62849F9A0B5Bf2913b396098F7c7019b51A820a]) [staticcall]
    │   └─ ← [Return] 0
    ├─ [529] VqALCX::withdrawQueueDepth() [staticcall]
    │   └─ ← [Return] 0
    ├─ [2471] VqAuctioner::currentDepositRound() [staticcall]
    │   └─ ← [Return] 1
    ├─ [21567] VqAuctioner::getDepositRound(1) [staticcall]
    │   └─ ← [Return] Round({ roundId: 1, isDeposit: true, startTime: 31, endTime: 61, capacity: 3000000000000000000000 [3e21], totalFilled: 0, settled: false, highestBidder: 0x0000000000000000000000000000000000000000, highestBidAmount: 0, highestBidPrice: 0 })
    ├─ [471] VqAuctioner::currentDepositRound() [staticcall]
    │   └─ ← [Return] 1
    ├─ [2515] VqAuctioner::currentWithdrawRound() [staticcall]
    │   └─ ← [Return] 1
    ├─ [21499] VqAuctioner::getWithdrawRound(1) [staticcall]
    │   └─ ← [Return] Round({ roundId: 1, isDeposit: false, startTime: 31, endTime: 61, capacity: 3000000000000000000000 [3e21], totalFilled: 0, settled: false, highestBidder: 0x0000000000000000000000000000000000000000, highestBidAmount: 0, highestBidPrice: 0 })
    ├─ [515] VqAuctioner::currentWithdrawRound() [staticcall]
    │   └─ ← [Return] 1
    ├─ [1838] VqALCX::depositBucket() [staticcall]
    │   └─ ← [Return] 1000000000000000000000000 [1e24], 100000000000000000000 [1e20], 3, 4, 1, 31, 0
    ├─ [1817] VqALCX::withdrawBucket() [staticcall]
    │   └─ ← [Return] 1000000000000000000000000 [1e24], 100000000000000000000 [1e20], 0, 0, 0, 31, 3000000000000000000000 [3e21]
    ├─ [505] VqALCX::depositBucketRate() [staticcall]
    │   └─ ← [Return] 100000000000000000000 [1e20]
    ├─ [528] VqALCX::withdrawBucketRate() [staticcall]
    │   └─ ← [Return] 100000000000000000000 [1e20]
    ├─ [2850] SystemToken::balanceOf(VqAuctioner: [0x5991A2dF15A8F6A256D3Ec51E99254Cd3fb576A9]) [staticcall]
    │   └─ ← [Return] 0
    ├─ [471] VqAuctioner::currentDepositRound() [staticcall]
    │   └─ ← [Return] 1
    ├─ [2777] VqAuctioner::depositLockedTotal(1) [staticcall]
    │   └─ ← [Return] 0
    ├─ [2962] VqALCX::balanceOf(VqAuctioner: [0x5991A2dF15A8F6A256D3Ec51E99254Cd3fb576A9]) [staticcall]
    │   └─ ← [Return] 0
    ├─ [515] VqAuctioner::currentWithdrawRound() [staticcall]
    │   └─ ← [Return] 1
    ├─ [2799] VqAuctioner::withdrawLockedTotal(1) [staticcall]
    │   └─ ← [Return] 0
    ├─ [2897] VqStaking::stakedBalanceOf(0x00000000000000000000000000000000000000A1) [staticcall]
    │   └─ ← [Return] 0
    ├─ [8137] VqStaking::earned(0x00000000000000000000000000000000000000A1) [staticcall]
    │   └─ ← [Return] 0
    ├─ [2957] VqStaking::delegates(0x00000000000000000000000000000000000000A1) [staticcall]
    │   └─ ← [Return] 0x0000000000000000000000000000000000000000
    ├─ [2957] VqStaking::delegates(0x00000000000000000000000000000000000000b2) [staticcall]
    │   └─ ← [Return] 0x0000000000000000000000000000000000000000
    ├─ [2957] VqStaking::delegates(0x00000000000000000000000000000000000000C3) [staticcall]
    │   └─ ← [Return] 0x0000000000000000000000000000000000000000
    ├─ [3057] VqStaking::getVotes(0x00000000000000000000000000000000000000A1) [staticcall]
    │   └─ ← [Return] 0
    ├─ [2897] VqStaking::stakedBalanceOf(0x00000000000000000000000000000000000000b2) [staticcall]
    │   └─ ← [Return] 0
    ├─ [6137] VqStaking::earned(0x00000000000000000000000000000000000000b2) [staticcall]
    │   └─ ← [Return] 0
    ├─ [957] VqStaking::delegates(0x00000000000000000000000000000000000000A1) [staticcall]
    │   └─ ← [Return] 0x0000000000000000000000000000000000000000
    ├─ [957] VqStaking::delegates(0x00000000000000000000000000000000000000b2) [staticcall]
    │   └─ ← [Return] 0x0000000000000000000000000000000000000000
    ├─ [957] VqStaking::delegates(0x00000000000000000000000000000000000000C3) [staticcall]
    │   └─ ← [Return] 0x0000000000000000000000000000000000000000
    ├─ [3057] VqStaking::getVotes(0x00000000000000000000000000000000000000b2) [staticcall]
    │   └─ ← [Return] 0
    ├─ [2897] VqStaking::stakedBalanceOf(0x00000000000000000000000000000000000000C3) [staticcall]
    │   └─ ← [Return] 0
    ├─ [6137] VqStaking::earned(0x00000000000000000000000000000000000000C3) [staticcall]
    │   └─ ← [Return] 0
    ├─ [957] VqStaking::delegates(0x00000000000000000000000000000000000000A1) [staticcall]
    │   └─ ← [Return] 0x0000000000000000000000000000000000000000
    ├─ [957] VqStaking::delegates(0x00000000000000000000000000000000000000b2) [staticcall]
    │   └─ ← [Return] 0x0000000000000000000000000000000000000000
    ├─ [957] VqStaking::delegates(0x00000000000000000000000000000000000000C3) [staticcall]
    │   └─ ← [Return] 0x0000000000000000000000000000000000000000
    ├─ [3057] VqStaking::getVotes(0x00000000000000000000000000000000000000C3) [staticcall]
    │   └─ ← [Return] 0
    ├─ [2455] VqStaking::totalStaked() [staticcall]
    │   └─ ← [Return] 0
    ├─ [2962] VqALCX::balanceOf(VqStaking: [0xc7183455a4C133Ae270771860664b6B7ec320bB1]) [staticcall]
    │   └─ ← [Return] 0
    ├─ [2850] SystemToken::balanceOf(VqStaking: [0xc7183455a4C133Ae270771860664b6B7ec320bB1]) [staticcall]
    │   └─ ← [Return] 0
    ├─ [850] SystemToken::balanceOf(VqStaking: [0xc7183455a4C133Ae270771860664b6B7ec320bB1]) [staticcall]
    │   └─ ← [Return] 0
    ├─ [1838] VqALCX::depositBucket() [staticcall]
    │   └─ ← [Return] 1000000000000000000000000 [1e24], 100000000000000000000 [1e20], 3, 4, 1, 31, 0
    ├─ [2188] VqALCX::getDepositRequest(3) [staticcall]
    │   └─ ← [Return] Request({ owner: 0x00000000000000000000000000000000000000A1, amount: 1, filled: 0, claimed: 0, cancelled: false })
    ├─ [2492] VqALCX::cancellationPenaltyBps() [staticcall]
    │   └─ ← [Return] 100
    ├─ [0] VM::startPrank(0x00000000000000000000000000000000000000A1)
    │   └─ ← [Return]
    ├─ [32023] VqALCX::cancelDepositRequest(3)
    │   ├─ [3845] SystemToken::transfer(0x00000000000000000000000000000000000000A1, 1)
    │   │   ├─ emit Transfer(from: VqALCX: [0xF62849F9A0B5Bf2913b396098F7c7019b51A820a], to: 0x00000000000000000000000000000000000000A1, value: 1)
    │   │   └─ ← [Return] true
    │   ├─ emit DepositRequestCancelled(requestId: 3, penalty: 0)
    │   └─ ← [Stop]
    ├─ [0] VM::stopPrank()
    │   └─ ← [Return]
    ├─ [1838] VqALCX::depositBucket() [staticcall]
    │   └─ ← [Return] 1000000000000000000000000 [1e24], 100000000000000000000 [1e20], 3, 4, 0, 31, 0
    ├─ [2188] VqALCX::getDepositRequest(0) [staticcall]
    │   └─ ← [Return] Request({ owner: 0x00000000000000000000000000000000000000A1, amount: 1000000000000000000000 [1e21], filled: 1000000000000000000000 [1e21], claimed: 1000000000000000000000 [1e21], cancelled: false })
    ├─ [2188] VqALCX::getDepositRequest(1) [staticcall]
    │   └─ ← [Return] Request({ owner: 0x00000000000000000000000000000000000000b2, amount: 1000000000000000000000 [1e21], filled: 1000000000000000000000 [1e21], claimed: 1000000000000000000000 [1e21], cancelled: false })
    ├─ [2188] VqALCX::getDepositRequest(2) [staticcall]
    │   └─ ← [Return] Request({ owner: 0x00000000000000000000000000000000000000C3, amount: 1000000000000000000000 [1e21], filled: 1000000000000000000000 [1e21], claimed: 1000000000000000000000 [1e21], cancelled: false })
    ├─ [2188] VqALCX::getDepositRequest(3) [staticcall]
    │   └─ ← [Return] Request({ owner: 0x00000000000000000000000000000000000000A1, amount: 1, filled: 0, claimed: 0, cancelled: true })
    ├─ [850] SystemToken::balanceOf(VqALCX: [0xF62849F9A0B5Bf2913b396098F7c7019b51A820a]) [staticcall]
    │   └─ ← [Return] 3000000000000000000000 [3e21]
    ├─ [545] VqALCX::totalSupply() [staticcall]
    │   └─ ← [Return] 3000000000000000000000 [3e21]
    ├─ [573] VqALCX::depositQueueDepth() [staticcall]
    │   └─ ← [Return] 0
    ├─ [1817] VqALCX::withdrawBucket() [staticcall]
    │   └─ ← [Return] 1000000000000000000000000 [1e24], 100000000000000000000 [1e20], 0, 0, 0, 31, 3000000000000000000000 [3e21]
    ├─ [962] VqALCX::balanceOf(VqALCX: [0xF62849F9A0B5Bf2913b396098F7c7019b51A820a]) [staticcall]
    │   └─ ← [Return] 0
    ├─ [529] VqALCX::withdrawQueueDepth() [staticcall]
    │   └─ ← [Return] 0
    ├─ [471] VqAuctioner::currentDepositRound() [staticcall]
    │   └─ ← [Return] 1
    ├─ [3567] VqAuctioner::getDepositRound(1) [staticcall]
    │   └─ ← [Return] Round({ roundId: 1, isDeposit: true, startTime: 31, endTime: 61, capacity: 3000000000000000000000 [3e21], totalFilled: 0, settled: false, highestBidder: 0x0000000000000000000000000000000000000000, highestBidAmount: 0, highestBidPrice: 0 })
    ├─ [471] VqAuctioner::currentDepositRound() [staticcall]
    │   └─ ← [Return] 1
    ├─ [515] VqAuctioner::currentWithdrawRound() [staticcall]
    │   └─ ← [Return] 1
    ├─ [3499] VqAuctioner::getWithdrawRound(1) [staticcall]
    │   └─ ← [Return] Round({ roundId: 1, isDeposit: false, startTime: 31, endTime: 61, capacity: 3000000000000000000000 [3e21], totalFilled: 0, settled: false, highestBidder: 0x0000000000000000000000000000000000000000, highestBidAmount: 0, highestBidPrice: 0 })
    ├─ [515] VqAuctioner::currentWithdrawRound() [staticcall]
    │   └─ ← [Return] 1
    ├─ [1838] VqALCX::depositBucket() [staticcall]
    │   └─ ← [Return] 1000000000000000000000000 [1e24], 100000000000000000000 [1e20], 3, 4, 0, 31, 0
    ├─ [1817] VqALCX::withdrawBucket() [staticcall]
    │   └─ ← [Return] 1000000000000000000000000 [1e24], 100000000000000000000 [1e20], 0, 0, 0, 31, 3000000000000000000000 [3e21]
    ├─ [505] VqALCX::depositBucketRate() [staticcall]
    │   └─ ← [Return] 100000000000000000000 [1e20]
    ├─ [528] VqALCX::withdrawBucketRate() [staticcall]
    │   └─ ← [Return] 100000000000000000000 [1e20]
    ├─ [850] SystemToken::balanceOf(VqAuctioner: [0x5991A2dF15A8F6A256D3Ec51E99254Cd3fb576A9]) [staticcall]
    │   └─ ← [Return] 0
    ├─ [471] VqAuctioner::currentDepositRound() [staticcall]
    │   └─ ← [Return] 1
    ├─ [777] VqAuctioner::depositLockedTotal(1) [staticcall]
    │   └─ ← [Return] 0
    ├─ [962] VqALCX::balanceOf(VqAuctioner: [0x5991A2dF15A8F6A256D3Ec51E99254Cd3fb576A9]) [staticcall]
    │   └─ ← [Return] 0
    ├─ [515] VqAuctioner::currentWithdrawRound() [staticcall]
    │   └─ ← [Return] 1
    ├─ [799] VqAuctioner::withdrawLockedTotal(1) [staticcall]
    │   └─ ← [Return] 0
    ├─ [897] VqStaking::stakedBalanceOf(0x00000000000000000000000000000000000000A1) [staticcall]
    │   └─ ← [Return] 0
    ├─ [2137] VqStaking::earned(0x00000000000000000000000000000000000000A1) [staticcall]
    │   └─ ← [Return] 0
    ├─ [957] VqStaking::delegates(0x00000000000000000000000000000000000000A1) [staticcall]
    │   └─ ← [Return] 0x0000000000000000000000000000000000000000
    ├─ [957] VqStaking::delegates(0x00000000000000000000000000000000000000b2) [staticcall]
    │   └─ ← [Return] 0x0000000000000000000000000000000000000000
    ├─ [957] VqStaking::delegates(0x00000000000000000000000000000000000000C3) [staticcall]
    │   └─ ← [Return] 0x0000000000000000000000000000000000000000
    ├─ [1057] VqStaking::getVotes(0x00000000000000000000000000000000000000A1) [staticcall]
    │   └─ ← [Return] 0
    ├─ [897] VqStaking::stakedBalanceOf(0x00000000000000000000000000000000000000b2) [staticcall]
    │   └─ ← [Return] 0
    ├─ [2137] VqStaking::earned(0x00000000000000000000000000000000000000b2) [staticcall]
    │   └─ ← [Return] 0
    ├─ [957] VqStaking::delegates(0x00000000000000000000000000000000000000A1) [staticcall]
    │   └─ ← [Return] 0x0000000000000000000000000000000000000000
    ├─ [957] VqStaking::delegates(0x00000000000000000000000000000000000000b2) [staticcall]
    │   └─ ← [Return] 0x0000000000000000000000000000000000000000
    ├─ [957] VqStaking::delegates(0x00000000000000000000000000000000000000C3) [staticcall]
    │   └─ ← [Return] 0x0000000000000000000000000000000000000000
    ├─ [1057] VqStaking::getVotes(0x00000000000000000000000000000000000000b2) [staticcall]
    │   └─ ← [Return] 0
    ├─ [897] VqStaking::stakedBalanceOf(0x00000000000000000000000000000000000000C3) [staticcall]
    │   └─ ← [Return] 0
    ├─ [2137] VqStaking::earned(0x00000000000000000000000000000000000000C3) [staticcall]
    │   └─ ← [Return] 0
    ├─ [957] VqStaking::delegates(0x00000000000000000000000000000000000000A1) [staticcall]
    │   └─ ← [Return] 0x0000000000000000000000000000000000000000
    ├─ [957] VqStaking::delegates(0x00000000000000000000000000000000000000b2) [staticcall]
    │   └─ ← [Return] 0x0000000000000000000000000000000000000000
    ├─ [957] VqStaking::delegates(0x00000000000000000000000000000000000000C3) [staticcall]
    │   └─ ← [Return] 0x0000000000000000000000000000000000000000
    ├─ [1057] VqStaking::getVotes(0x00000000000000000000000000000000000000C3) [staticcall]
    │   └─ ← [Return] 0
    ├─ [455] VqStaking::totalStaked() [staticcall]
    │   └─ ← [Return] 0
    ├─ [962] VqALCX::balanceOf(VqStaking: [0xc7183455a4C133Ae270771860664b6B7ec320bB1]) [staticcall]
    │   └─ ← [Return] 0
    ├─ [850] SystemToken::balanceOf(VqStaking: [0xc7183455a4C133Ae270771860664b6B7ec320bB1]) [staticcall]
    │   └─ ← [Return] 0
    ├─ [850] SystemToken::balanceOf(VqStaking: [0xc7183455a4C133Ae270771860664b6B7ec320bB1]) [staticcall]
    │   └─ ← [Return] 0
    ├─ [2962] VqALCX::balanceOf(0x00000000000000000000000000000000000000A1) [staticcall]
    │   └─ ← [Return] 1000000000000000000000 [1e21]
    ├─ [600] VqALCX::paused() [staticcall]
    │   └─ ← [Return] false
    ├─ [529] VqALCX::withdrawQueueDepth() [staticcall]
    │   └─ ← [Return] 0
    ├─ [0] VM::prank(0x00000000000000000000000000000000000000A1)
    │   └─ ← [Return]
    ├─ [149024] VqALCX::requestWithdraw(2)
    │   ├─ emit Transfer(from: 0x00000000000000000000000000000000000000A1, to: VqALCX: [0xF62849F9A0B5Bf2913b396098F7c7019b51A820a], value: 2)
    │   ├─ emit WithdrawRequested(requestId: 0, owner: 0x00000000000000000000000000000000000000A1, amount: 2)
    │   └─ ← [Return] 0
    ├─ [1838] VqALCX::depositBucket() [staticcall]
    │   └─ ← [Return] 1000000000000000000000000 [1e24], 100000000000000000000 [1e20], 3, 4, 0, 31, 0
    ├─ [2188] VqALCX::getDepositRequest(0) [staticcall]
    │   └─ ← [Return] Request({ owner: 0x00000000000000000000000000000000000000A1, amount: 1000000000000000000000 [1e21], filled: 1000000000000000000000 [1e21], claimed: 1000000000000000000000 [1e21], cancelled: false })
    ├─ [2188] VqALCX::getDepositRequest(1) [staticcall]
    │   └─ ← [Return] Request({ owner: 0x00000000000000000000000000000000000000b2, amount: 1000000000000000000000 [1e21], filled: 1000000000000000000000 [1e21], claimed: 1000000000000000000000 [1e21], cancelled: false })
    ├─ [2188] VqALCX::getDepositRequest(2) [staticcall]
    │   └─ ← [Return] Request({ owner: 0x00000000000000000000000000000000000000C3, amount: 1000000000000000000000 [1e21], filled: 1000000000000000000000 [1e21], claimed: 1000000000000000000000 [1e21], cancelled: false })
    ├─ [2188] VqALCX::getDepositRequest(3) [staticcall]
    │   └─ ← [Return] Request({ owner: 0x00000000000000000000000000000000000000A1, amount: 1, filled: 0, claimed: 0, cancelled: true })
    ├─ [850] SystemToken::balanceOf(VqALCX: [0xF62849F9A0B5Bf2913b396098F7c7019b51A820a]) [staticcall]
    │   └─ ← [Return] 3000000000000000000000 [3e21]
    ├─ [545] VqALCX::totalSupply() [staticcall]
    │   └─ ← [Return] 3000000000000000000000 [3e21]
    ├─ [573] VqALCX::depositQueueDepth() [staticcall]
    │   └─ ← [Return] 0
    ├─ [1817] VqALCX::withdrawBucket() [staticcall]
    │   └─ ← [Return] 1000000000000000000000000 [1e24], 100000000000000000000 [1e20], 0, 1, 2, 31, 3000000000000000000000 [3e21]
    ├─ [2166] VqALCX::getWithdrawRequest(0) [staticcall]
    │   └─ ← [Return] Request({ owner: 0x00000000000000000000000000000000000000A1, amount: 2, filled: 0, claimed: 0, cancelled: false })
    ├─ [962] VqALCX::balanceOf(VqALCX: [0xF62849F9A0B5Bf2913b396098F7c7019b51A820a]) [staticcall]
    │   └─ ← [Return] 2
    ├─ [529] VqALCX::withdrawQueueDepth() [staticcall]
    │   └─ ← [Return] 2
    ├─ [471] VqAuctioner::currentDepositRound() [staticcall]
    │   └─ ← [Return] 1
    ├─ [3567] VqAuctioner::getDepositRound(1) [staticcall]
    │   └─ ← [Return] Round({ roundId: 1, isDeposit: true, startTime: 31, endTime: 61, capacity: 3000000000000000000000 [3e21], totalFilled: 0, settled: false, highestBidder: 0x0000000000000000000000000000000000000000, highestBidAmount: 0, highestBidPrice: 0 })
    ├─ [471] VqAuctioner::currentDepositRound() [staticcall]
    │   └─ ← [Return] 1
    ├─ [515] VqAuctioner::currentWithdrawRound() [staticcall]
    │   └─ ← [Return] 1
    ├─ [3499] VqAuctioner::getWithdrawRound(1) [staticcall]
    │   └─ ← [Return] Round({ roundId: 1, isDeposit: false, startTime: 31, endTime: 61, capacity: 3000000000000000000000 [3e21], totalFilled: 0, settled: false, highestBidder: 0x0000000000000000000000000000000000000000, highestBidAmount: 0, highestBidPrice: 0 })
    ├─ [515] VqAuctioner::currentWithdrawRound() [staticcall]
    │   └─ ← [Return] 1
    ├─ [1838] VqALCX::depositBucket() [staticcall]
    │   └─ ← [Return] 1000000000000000000000000 [1e24], 100000000000000000000 [1e20], 3, 4, 0, 31, 0
    ├─ [1817] VqALCX::withdrawBucket() [staticcall]
    │   └─ ← [Return] 1000000000000000000000000 [1e24], 100000000000000000000 [1e20], 0, 1, 2, 31, 3000000000000000000000 [3e21]
    ├─ [505] VqALCX::depositBucketRate() [staticcall]
    │   └─ ← [Return] 100000000000000000000 [1e20]
    ├─ [528] VqALCX::withdrawBucketRate() [staticcall]
    │   └─ ← [Return] 100000000000000000000 [1e20]
    ├─ [850] SystemToken::balanceOf(VqAuctioner: [0x5991A2dF15A8F6A256D3Ec51E99254Cd3fb576A9]) [staticcall]
    │   └─ ← [Return] 0
    ├─ [471] VqAuctioner::currentDepositRound() [staticcall]
    │   └─ ← [Return] 1
    ├─ [777] VqAuctioner::depositLockedTotal(1) [staticcall]
    │   └─ ← [Return] 0
    ├─ [962] VqALCX::balanceOf(VqAuctioner: [0x5991A2dF15A8F6A256D3Ec51E99254Cd3fb576A9]) [staticcall]
    │   └─ ← [Return] 0
    ├─ [515] VqAuctioner::currentWithdrawRound() [staticcall]
    │   └─ ← [Return] 1
    ├─ [799] VqAuctioner::withdrawLockedTotal(1) [staticcall]
    │   └─ ← [Return] 0
    ├─ [897] VqStaking::stakedBalanceOf(0x00000000000000000000000000000000000000A1) [staticcall]
    │   └─ ← [Return] 0
    ├─ [2137] VqStaking::earned(0x00000000000000000000000000000000000000A1) [staticcall]
    │   └─ ← [Return] 0
    ├─ [957] VqStaking::delegates(0x00000000000000000000000000000000000000A1) [staticcall]
    │   └─ ← [Return] 0x0000000000000000000000000000000000000000
    ├─ [957] VqStaking::delegates(0x00000000000000000000000000000000000000b2) [staticcall]
    │   └─ ← [Return] 0x0000000000000000000000000000000000000000
    ├─ [957] VqStaking::delegates(0x00000000000000000000000000000000000000C3) [staticcall]
    │   └─ ← [Return] 0x0000000000000000000000000000000000000000
    ├─ [1057] VqStaking::getVotes(0x00000000000000000000000000000000000000A1) [staticcall]
    │   └─ ← [Return] 0
    ├─ [897] VqStaking::stakedBalanceOf(0x00000000000000000000000000000000000000b2) [staticcall]
    │   └─ ← [Return] 0
    ├─ [2137] VqStaking::earned(0x00000000000000000000000000000000000000b2) [staticcall]
    │   └─ ← [Return] 0
    ├─ [957] VqStaking::delegates(0x00000000000000000000000000000000000000A1) [staticcall]
    │   └─ ← [Return] 0x0000000000000000000000000000000000000000
    ├─ [957] VqStaking::delegates(0x00000000000000000000000000000000000000b2) [staticcall]
    │   └─ ← [Return] 0x0000000000000000000000000000000000000000
    ├─ [957] VqStaking::delegates(0x00000000000000000000000000000000000000C3) [staticcall]
    │   └─ ← [Return] 0x0000000000000000000000000000000000000000
    ├─ [1057] VqStaking::getVotes(0x00000000000000000000000000000000000000b2) [staticcall]
    │   └─ ← [Return] 0
    ├─ [897] VqStaking::stakedBalanceOf(0x00000000000000000000000000000000000000C3) [staticcall]
    │   └─ ← [Return] 0
    ├─ [2137] VqStaking::earned(0x00000000000000000000000000000000000000C3) [staticcall]
    │   └─ ← [Return] 0
    ├─ [957] VqStaking::delegates(0x00000000000000000000000000000000000000A1) [staticcall]
    │   └─ ← [Return] 0x0000000000000000000000000000000000000000
    ├─ [957] VqStaking::delegates(0x00000000000000000000000000000000000000b2) [staticcall]
    │   └─ ← [Return] 0x0000000000000000000000000000000000000000
    ├─ [957] VqStaking::delegates(0x00000000000000000000000000000000000000C3) [staticcall]
    │   └─ ← [Return] 0x0000000000000000000000000000000000000000
    ├─ [1057] VqStaking::getVotes(0x00000000000000000000000000000000000000C3) [staticcall]
    │   └─ ← [Return] 0
    ├─ [455] VqStaking::totalStaked() [staticcall]
    │   └─ ← [Return] 0
    ├─ [962] VqALCX::balanceOf(VqStaking: [0xc7183455a4C133Ae270771860664b6B7ec320bB1]) [staticcall]
    │   └─ ← [Return] 0
    ├─ [850] SystemToken::balanceOf(VqStaking: [0xc7183455a4C133Ae270771860664b6B7ec320bB1]) [staticcall]
    │   └─ ← [Return] 0
    ├─ [850] SystemToken::balanceOf(VqStaking: [0xc7183455a4C133Ae270771860664b6B7ec320bB1]) [staticcall]
    │   └─ ← [Return] 0
    ├─ [1817] VqALCX::withdrawBucket() [staticcall]
    │   └─ ← [Return] 1000000000000000000000000 [1e24], 100000000000000000000 [1e20], 0, 1, 2, 31, 3000000000000000000000 [3e21]
    ├─ [2166] VqALCX::getWithdrawRequest(0) [staticcall]
    │   └─ ← [Return] Request({ owner: 0x00000000000000000000000000000000000000A1, amount: 2, filled: 0, claimed: 0, cancelled: false })
    ├─ [492] VqALCX::cancellationPenaltyBps() [staticcall]
    │   └─ ← [Return] 100
    ├─ [0] VM::startPrank(0x00000000000000000000000000000000000000A1)
    │   └─ ← [Return]
    ├─ [30718] VqALCX::cancelWithdrawRequest(0)
    │   ├─ emit Transfer(from: VqALCX: [0xF62849F9A0B5Bf2913b396098F7c7019b51A820a], to: 0x00000000000000000000000000000000000000A1, value: 2)
    │   ├─ emit WithdrawRequestCancelled(requestId: 0, penalty: 0)
    │   └─ ← [Stop]
    ├─ [0] VM::stopPrank()
    │   └─ ← [Return]
    ├─ [1838] VqALCX::depositBucket() [staticcall]
    │   └─ ← [Return] 1000000000000000000000000 [1e24], 100000000000000000000 [1e20], 3, 4, 0, 31, 0
    ├─ [2188] VqALCX::getDepositRequest(0) [staticcall]
    │   └─ ← [Return] Request({ owner: 0x00000000000000000000000000000000000000A1, amount: 1000000000000000000000 [1e21], filled: 1000000000000000000000 [1e21], claimed: 1000000000000000000000 [1e21], cancelled: false })
    ├─ [2188] VqALCX::getDepositRequest(1) [staticcall]
    │   └─ ← [Return] Request({ owner: 0x00000000000000000000000000000000000000b2, amount: 1000000000000000000000 [1e21], filled: 1000000000000000000000 [1e21], claimed: 1000000000000000000000 [1e21], cancelled: false })
    ├─ [2188] VqALCX::getDepositRequest(2) [staticcall]
    │   └─ ← [Return] Request({ owner: 0x00000000000000000000000000000000000000C3, amount: 1000000000000000000000 [1e21], filled: 1000000000000000000000 [1e21], claimed: 1000000000000000000000 [1e21], cancelled: false })
    ├─ [2188] VqALCX::getDepositRequest(3) [staticcall]
    │   └─ ← [Return] Request({ owner: 0x00000000000000000000000000000000000000A1, amount: 1, filled: 0, claimed: 0, cancelled: true })
    ├─ [850] SystemToken::balanceOf(VqALCX: [0xF62849F9A0B5Bf2913b396098F7c7019b51A820a]) [staticcall]
    │   └─ ← [Return] 3000000000000000000000 [3e21]
    ├─ [545] VqALCX::totalSupply() [staticcall]
    │   └─ ← [Return] 3000000000000000000000 [3e21]
    ├─ [573] VqALCX::depositQueueDepth() [staticcall]
    │   └─ ← [Return] 0
    ├─ [1817] VqALCX::withdrawBucket() [staticcall]
    │   └─ ← [Return] 1000000000000000000000000 [1e24], 100000000000000000000 [1e20], 0, 1, 0, 31, 3000000000000000000000 [3e21]
    ├─ [2166] VqALCX::getWithdrawRequest(0) [staticcall]
    │   └─ ← [Return] Request({ owner: 0x00000000000000000000000000000000000000A1, amount: 2, filled: 0, claimed: 0, cancelled: true })
    ├─ [962] VqALCX::balanceOf(VqALCX: [0xF62849F9A0B5Bf2913b396098F7c7019b51A820a]) [staticcall]
    │   └─ ← [Return] 0
    ├─ [529] VqALCX::withdrawQueueDepth() [staticcall]
    │   └─ ← [Return] 0
    ├─ [471] VqAuctioner::currentDepositRound() [staticcall]
    │   └─ ← [Return] 1
    ├─ [3567] VqAuctioner::getDepositRound(1) [staticcall]
    │   └─ ← [Return] Round({ roundId: 1, isDeposit: true, startTime: 31, endTime: 61, capacity: 3000000000000000000000 [3e21], totalFilled: 0, settled: false, highestBidder: 0x0000000000000000000000000000000000000000, highestBidAmount: 0, highestBidPrice: 0 })
    ├─ [471] VqAuctioner::currentDepositRound() [staticcall]
    │   └─ ← [Return] 1
    ├─ [515] VqAuctioner::currentWithdrawRound() [staticcall]
    │   └─ ← [Return] 1
    ├─ [3499] VqAuctioner::getWithdrawRound(1) [staticcall]
    │   └─ ← [Return] Round({ roundId: 1, isDeposit: false, startTime: 31, endTime: 61, capacity: 3000000000000000000000 [3e21], totalFilled: 0, settled: false, highestBidder: 0x0000000000000000000000000000000000000000, highestBidAmount: 0, highestBidPrice: 0 })
    ├─ [515] VqAuctioner::currentWithdrawRound() [staticcall]
    │   └─ ← [Return] 1
    ├─ [1838] VqALCX::depositBucket() [staticcall]
    │   └─ ← [Return] 1000000000000000000000000 [1e24], 100000000000000000000 [1e20], 3, 4, 0, 31, 0
    ├─ [1817] VqALCX::withdrawBucket() [staticcall]
    │   └─ ← [Return] 1000000000000000000000000 [1e24], 100000000000000000000 [1e20], 0, 1, 0, 31, 3000000000000000000000 [3e21]
    ├─ [505] VqALCX::depositBucketRate() [staticcall]
    │   └─ ← [Return] 100000000000000000000 [1e20]
    ├─ [528] VqALCX::withdrawBucketRate() [staticcall]
    │   └─ ← [Return] 100000000000000000000 [1e20]
    ├─ [850] SystemToken::balanceOf(VqAuctioner: [0x5991A2dF15A8F6A256D3Ec51E99254Cd3fb576A9]) [staticcall]
    │   └─ ← [Return] 0
    ├─ [471] VqAuctioner::currentDepositRound() [staticcall]
    │   └─ ← [Return] 1
    ├─ [777] VqAuctioner::depositLockedTotal(1) [staticcall]
    │   └─ ← [Return] 0
    ├─ [962] VqALCX::balanceOf(VqAuctioner: [0x5991A2dF15A8F6A256D3Ec51E99254Cd3fb576A9]) [staticcall]
    │   └─ ← [Return] 0
    ├─ [515] VqAuctioner::currentWithdrawRound() [staticcall]
    │   └─ ← [Return] 1
    ├─ [799] VqAuctioner::withdrawLockedTotal(1) [staticcall]
    │   └─ ← [Return] 0
    ├─ [897] VqStaking::stakedBalanceOf(0x00000000000000000000000000000000000000A1) [staticcall]
    │   └─ ← [Return] 0
    ├─ [2137] VqStaking::earned(0x00000000000000000000000000000000000000A1) [staticcall]
    │   └─ ← [Return] 0
    ├─ [957] VqStaking::delegates(0x00000000000000000000000000000000000000A1) [staticcall]
    │   └─ ← [Return] 0x0000000000000000000000000000000000000000
    ├─ [957] VqStaking::delegates(0x00000000000000000000000000000000000000b2) [staticcall]
    │   └─ ← [Return] 0x0000000000000000000000000000000000000000
    ├─ [957] VqStaking::delegates(0x00000000000000000000000000000000000000C3) [staticcall]
    │   └─ ← [Return] 0x0000000000000000000000000000000000000000
    ├─ [1057] VqStaking::getVotes(0x00000000000000000000000000000000000000A1) [staticcall]
    │   └─ ← [Return] 0
    ├─ [897] VqStaking::stakedBalanceOf(0x00000000000000000000000000000000000000b2) [staticcall]
    │   └─ ← [Return] 0
    ├─ [2137] VqStaking::earned(0x00000000000000000000000000000000000000b2) [staticcall]
    │   └─ ← [Return] 0
    ├─ [957] VqStaking::delegates(0x00000000000000000000000000000000000000A1) [staticcall]
    │   └─ ← [Return] 0x0000000000000000000000000000000000000000
    ├─ [957] VqStaking::delegates(0x00000000000000000000000000000000000000b2) [staticcall]
    │   └─ ← [Return] 0x0000000000000000000000000000000000000000
    ├─ [957] VqStaking::delegates(0x00000000000000000000000000000000000000C3) [staticcall]
    │   └─ ← [Return] 0x0000000000000000000000000000000000000000
    ├─ [1057] VqStaking::getVotes(0x00000000000000000000000000000000000000b2) [staticcall]
    │   └─ ← [Return] 0
    ├─ [897] VqStaking::stakedBalanceOf(0x00000000000000000000000000000000000000C3) [staticcall]
    │   └─ ← [Return] 0
    ├─ [2137] VqStaking::earned(0x00000000000000000000000000000000000000C3) [staticcall]
    │   └─ ← [Return] 0
    ├─ [957] VqStaking::delegates(0x00000000000000000000000000000000000000A1) [staticcall]
    │   └─ ← [Return] 0x0000000000000000000000000000000000000000
    ├─ [957] VqStaking::delegates(0x00000000000000000000000000000000000000b2) [staticcall]
    │   └─ ← [Return] 0x0000000000000000000000000000000000000000
    ├─ [957] VqStaking::delegates(0x00000000000000000000000000000000000000C3) [staticcall]
    │   └─ ← [Return] 0x0000000000000000000000000000000000000000
    ├─ [1057] VqStaking::getVotes(0x00000000000000000000000000000000000000C3) [staticcall]
    │   └─ ← [Return] 0
    ├─ [455] VqStaking::totalStaked() [staticcall]
    │   └─ ← [Return] 0
    ├─ [962] VqALCX::balanceOf(VqStaking: [0xc7183455a4C133Ae270771860664b6B7ec320bB1]) [staticcall]
    │   └─ ← [Return] 0
    ├─ [850] SystemToken::balanceOf(VqStaking: [0xc7183455a4C133Ae270771860664b6B7ec320bB1]) [staticcall]
    │   └─ ← [Return] 0
    ├─ [850] SystemToken::balanceOf(VqStaking: [0xc7183455a4C133Ae270771860664b6B7ec320bB1]) [staticcall]
    │   └─ ← [Return] 0
    ├─ [962] VqALCX::balanceOf(0x00000000000000000000000000000000000000A1) [staticcall]
    │   └─ ← [Return] 1000000000000000000000 [1e21]
    ├─ [0] VM::prank(0x00000000000000000000000000000000000000A1)
    │   └─ ← [Return]
    ├─ [177825] VqStaking::stake(2)
    │   ├─ [850] SystemToken::balanceOf(VqStaking: [0xc7183455a4C133Ae270771860664b6B7ec320bB1]) [staticcall]
    │   │   └─ ← [Return] 0
    │   ├─ [29206] VqALCX::transferFrom(0x00000000000000000000000000000000000000A1, VqStaking: [0xc7183455a4C133Ae270771860664b6B7ec320bB1], 2)
    │   │   ├─ emit Transfer(from: 0x00000000000000000000000000000000000000A1, to: VqStaking: [0xc7183455a4C133Ae270771860664b6B7ec320bB1], value: 2)
    │   │   └─ ← [Return] true
    │   ├─ emit Staked(user: 0x00000000000000000000000000000000000000A1, amount: 2)
    │   └─ ← [Stop]
    ├─ [1838] VqALCX::depositBucket() [staticcall]
    │   └─ ← [Return] 1000000000000000000000000 [1e24], 100000000000000000000 [1e20], 3, 4, 0, 31, 0
    ├─ [2188] VqALCX::getDepositRequest(0) [staticcall]
    │   └─ ← [Return] Request({ owner: 0x00000000000000000000000000000000000000A1, amount: 1000000000000000000000 [1e21], filled: 1000000000000000000000 [1e21], claimed: 1000000000000000000000 [1e21], cancelled: false })
    ├─ [2188] VqALCX::getDepositRequest(1) [staticcall]
    │   └─ ← [Return] Request({ owner: 0x00000000000000000000000000000000000000b2, amount: 1000000000000000000000 [1e21], filled: 1000000000000000000000 [1e21], claimed: 1000000000000000000000 [1e21], cancelled: false })
    ├─ [2188] VqALCX::getDepositRequest(2) [staticcall]
    │   └─ ← [Return] Request({ owner: 0x00000000000000000000000000000000000000C3, amount: 1000000000000000000000 [1e21], filled: 1000000000000000000000 [1e21], claimed: 1000000000000000000000 [1e21], cancelled: false })
    ├─ [2188] VqALCX::getDepositRequest(3) [staticcall]
    │   └─ ← [Return] Request({ owner: 0x00000000000000000000000000000000000000A1, amount: 1, filled: 0, claimed: 0, cancelled: true })
    ├─ [850] SystemToken::balanceOf(VqALCX: [0xF62849F9A0B5Bf2913b396098F7c7019b51A820a]) [staticcall]
    │   └─ ← [Return] 3000000000000000000000 [3e21]
    ├─ [545] VqALCX::totalSupply() [staticcall]
    │   └─ ← [Return] 3000000000000000000000 [3e21]
    ├─ [573] VqALCX::depositQueueDepth() [staticcall]
    │   └─ ← [Return] 0
    ├─ [1817] VqALCX::withdrawBucket() [staticcall]
    │   └─ ← [Return] 1000000000000000000000000 [1e24], 100000000000000000000 [1e20], 0, 1, 0, 31, 3000000000000000000000 [3e21]
    ├─ [2166] VqALCX::getWithdrawRequest(0) [staticcall]
    │   └─ ← [Return] Request({ owner: 0x00000000000000000000000000000000000000A1, amount: 2, filled: 0, claimed: 0, cancelled: true })
    ├─ [962] VqALCX::balanceOf(VqALCX: [0xF62849F9A0B5Bf2913b396098F7c7019b51A820a]) [staticcall]
    │   └─ ← [Return] 0
    ├─ [529] VqALCX::withdrawQueueDepth() [staticcall]
    │   └─ ← [Return] 0
    ├─ [471] VqAuctioner::currentDepositRound() [staticcall]
    │   └─ ← [Return] 1
    ├─ [3567] VqAuctioner::getDepositRound(1) [staticcall]
    │   └─ ← [Return] Round({ roundId: 1, isDeposit: true, startTime: 31, endTime: 61, capacity: 3000000000000000000000 [3e21], totalFilled: 0, settled: false, highestBidder: 0x0000000000000000000000000000000000000000, highestBidAmount: 0, highestBidPrice: 0 })
    ├─ [471] VqAuctioner::currentDepositRound() [staticcall]
    │   └─ ← [Return] 1
    ├─ [515] VqAuctioner::currentWithdrawRound() [staticcall]
    │   └─ ← [Return] 1
    ├─ [3499] VqAuctioner::getWithdrawRound(1) [staticcall]
    │   └─ ← [Return] Round({ roundId: 1, isDeposit: false, startTime: 31, endTime: 61, capacity: 3000000000000000000000 [3e21], totalFilled: 0, settled: false, highestBidder: 0x0000000000000000000000000000000000000000, highestBidAmount: 0, highestBidPrice: 0 })
    ├─ [515] VqAuctioner::currentWithdrawRound() [staticcall]
    │   └─ ← [Return] 1
    ├─ [1838] VqALCX::depositBucket() [staticcall]
    │   └─ ← [Return] 1000000000000000000000000 [1e24], 100000000000000000000 [1e20], 3, 4, 0, 31, 0
    ├─ [1817] VqALCX::withdrawBucket() [staticcall]
    │   └─ ← [Return] 1000000000000000000000000 [1e24], 100000000000000000000 [1e20], 0, 1, 0, 31, 3000000000000000000000 [3e21]
    ├─ [505] VqALCX::depositBucketRate() [staticcall]
    │   └─ ← [Return] 100000000000000000000 [1e20]
    ├─ [528] VqALCX::withdrawBucketRate() [staticcall]
    │   └─ ← [Return] 100000000000000000000 [1e20]
    ├─ [850] SystemToken::balanceOf(VqAuctioner: [0x5991A2dF15A8F6A256D3Ec51E99254Cd3fb576A9]) [staticcall]
    │   └─ ← [Return] 0
    ├─ [471] VqAuctioner::currentDepositRound() [staticcall]
    │   └─ ← [Return] 1
    ├─ [777] VqAuctioner::depositLockedTotal(1) [staticcall]
    │   └─ ← [Return] 0
    ├─ [962] VqALCX::balanceOf(VqAuctioner: [0x5991A2dF15A8F6A256D3Ec51E99254Cd3fb576A9]) [staticcall]
    │   └─ ← [Return] 0
    ├─ [515] VqAuctioner::currentWithdrawRound() [staticcall]
    │   └─ ← [Return] 1
    ├─ [799] VqAuctioner::withdrawLockedTotal(1) [staticcall]
    │   └─ ← [Return] 0
    ├─ [897] VqStaking::stakedBalanceOf(0x00000000000000000000000000000000000000A1) [staticcall]
    │   └─ ← [Return] 2
    ├─ [2137] VqStaking::earned(0x00000000000000000000000000000000000000A1) [staticcall]
    │   └─ ← [Return] 0
    ├─ [957] VqStaking::delegates(0x00000000000000000000000000000000000000A1) [staticcall]
    │   └─ ← [Return] 0x0000000000000000000000000000000000000000
    ├─ [957] VqStaking::delegates(0x00000000000000000000000000000000000000b2) [staticcall]
    │   └─ ← [Return] 0x0000000000000000000000000000000000000000
    ├─ [957] VqStaking::delegates(0x00000000000000000000000000000000000000C3) [staticcall]
    │   └─ ← [Return] 0x0000000000000000000000000000000000000000
    ├─ [1057] VqStaking::getVotes(0x00000000000000000000000000000000000000A1) [staticcall]
    │   └─ ← [Return] 0
    ├─ [897] VqStaking::stakedBalanceOf(0x00000000000000000000000000000000000000b2) [staticcall]
    │   └─ ← [Return] 0
    ├─ [2137] VqStaking::earned(0x00000000000000000000000000000000000000b2) [staticcall]
    │   └─ ← [Return] 0
    ├─ [957] VqStaking::delegates(0x00000000000000000000000000000000000000A1) [staticcall]
    │   └─ ← [Return] 0x0000000000000000000000000000000000000000
    ├─ [957] VqStaking::delegates(0x00000000000000000000000000000000000000b2) [staticcall]
    │   └─ ← [Return] 0x0000000000000000000000000000000000000000
    ├─ [957] VqStaking::delegates(0x00000000000000000000000000000000000000C3) [staticcall]
    │   └─ ← [Return] 0x0000000000000000000000000000000000000000
    ├─ [1057] VqStaking::getVotes(0x00000000000000000000000000000000000000b2) [staticcall]
    │   └─ ← [Return] 0
    ├─ [897] VqStaking::stakedBalanceOf(0x00000000000000000000000000000000000000C3) [staticcall]
    │   └─ ← [Return] 0
    ├─ [2137] VqStaking::earned(0x00000000000000000000000000000000000000C3) [staticcall]
    │   └─ ← [Return] 0
    ├─ [957] VqStaking::delegates(0x00000000000000000000000000000000000000A1) [staticcall]
    │   └─ ← [Return] 0x0000000000000000000000000000000000000000
    ├─ [957] VqStaking::delegates(0x00000000000000000000000000000000000000b2) [staticcall]
    │   └─ ← [Return] 0x0000000000000000000000000000000000000000
    ├─ [957] VqStaking::delegates(0x00000000000000000000000000000000000000C3) [staticcall]
    │   └─ ← [Return] 0x0000000000000000000000000000000000000000
    ├─ [1057] VqStaking::getVotes(0x00000000000000000000000000000000000000C3) [staticcall]
    │   └─ ← [Return] 0
    ├─ [455] VqStaking::totalStaked() [staticcall]
    │   └─ ← [Return] 2
    ├─ [962] VqALCX::balanceOf(VqStaking: [0xc7183455a4C133Ae270771860664b6B7ec320bB1]) [staticcall]
    │   └─ ← [Return] 2
    ├─ [850] SystemToken::balanceOf(VqStaking: [0xc7183455a4C133Ae270771860664b6B7ec320bB1]) [staticcall]
    │   └─ ← [Return] 0
    ├─ [850] SystemToken::balanceOf(VqStaking: [0xc7183455a4C133Ae270771860664b6B7ec320bB1]) [staticcall]
    │   └─ ← [Return] 0
    ├─ [45291] SystemToken::mint(VqStaking: [0xc7183455a4C133Ae270771860664b6B7ec320bB1], 1)
    │   ├─ emit Transfer(from: 0x0000000000000000000000000000000000000000, to: VqStaking: [0xc7183455a4C133Ae270771860664b6B7ec320bB1], value: 1)
    │   └─ ← [Stop]
    ├─ [1838] VqALCX::depositBucket() [staticcall]
    │   └─ ← [Return] 1000000000000000000000000 [1e24], 100000000000000000000 [1e20], 3, 4, 0, 31, 0
    ├─ [2188] VqALCX::getDepositRequest(0) [staticcall]
    │   └─ ← [Return] Request({ owner: 0x00000000000000000000000000000000000000A1, amount: 1000000000000000000000 [1e21], filled: 1000000000000000000000 [1e21], claimed: 1000000000000000000000 [1e21], cancelled: false })
    ├─ [2188] VqALCX::getDepositRequest(1) [staticcall]
    │   └─ ← [Return] Request({ owner: 0x00000000000000000000000000000000000000b2, amount: 1000000000000000000000 [1e21], filled: 1000000000000000000000 [1e21], claimed: 1000000000000000000000 [1e21], cancelled: false })
    ├─ [2188] VqALCX::getDepositRequest(2) [staticcall]
    │   └─ ← [Return] Request({ owner: 0x00000000000000000000000000000000000000C3, amount: 1000000000000000000000 [1e21], filled: 1000000000000000000000 [1e21], claimed: 1000000000000000000000 [1e21], cancelled: false })
    ├─ [2188] VqALCX::getDepositRequest(3) [staticcall]
    │   └─ ← [Return] Request({ owner: 0x00000000000000000000000000000000000000A1, amount: 1, filled: 0, claimed: 0, cancelled: true })
    ├─ [850] SystemToken::balanceOf(VqALCX: [0xF62849F9A0B5Bf2913b396098F7c7019b51A820a]) [staticcall]
    │   └─ ← [Return] 3000000000000000000000 [3e21]
    ├─ [545] VqALCX::totalSupply() [staticcall]
    │   └─ ← [Return] 3000000000000000000000 [3e21]
    ├─ [573] VqALCX::depositQueueDepth() [staticcall]
    │   └─ ← [Return] 0
    ├─ [1817] VqALCX::withdrawBucket() [staticcall]
    │   └─ ← [Return] 1000000000000000000000000 [1e24], 100000000000000000000 [1e20], 0, 1, 0, 31, 3000000000000000000000 [3e21]
    ├─ [2166] VqALCX::getWithdrawRequest(0) [staticcall]
    │   └─ ← [Return] Request({ owner: 0x00000000000000000000000000000000000000A1, amount: 2, filled: 0, claimed: 0, cancelled: true })
    ├─ [962] VqALCX::balanceOf(VqALCX: [0xF62849F9A0B5Bf2913b396098F7c7019b51A820a]) [staticcall]
    │   └─ ← [Return] 0
    ├─ [529] VqALCX::withdrawQueueDepth() [staticcall]
    │   └─ ← [Return] 0
    ├─ [471] VqAuctioner::currentDepositRound() [staticcall]
    │   └─ ← [Return] 1
    ├─ [3567] VqAuctioner::getDepositRound(1) [staticcall]
    │   └─ ← [Return] Round({ roundId: 1, isDeposit: true, startTime: 31, endTime: 61, capacity: 3000000000000000000000 [3e21], totalFilled: 0, settled: false, highestBidder: 0x0000000000000000000000000000000000000000, highestBidAmount: 0, highestBidPrice: 0 })
    ├─ [471] VqAuctioner::currentDepositRound() [staticcall]
    │   └─ ← [Return] 1
    ├─ [515] VqAuctioner::currentWithdrawRound() [staticcall]
    │   └─ ← [Return] 1
    ├─ [3499] VqAuctioner::getWithdrawRound(1) [staticcall]
    │   └─ ← [Return] Round({ roundId: 1, isDeposit: false, startTime: 31, endTime: 61, capacity: 3000000000000000000000 [3e21], totalFilled: 0, settled: false, highestBidder: 0x0000000000000000000000000000000000000000, highestBidAmount: 0, highestBidPrice: 0 })
    ├─ [515] VqAuctioner::currentWithdrawRound() [staticcall]
    │   └─ ← [Return] 1
    ├─ [1838] VqALCX::depositBucket() [staticcall]
    │   └─ ← [Return] 1000000000000000000000000 [1e24], 100000000000000000000 [1e20], 3, 4, 0, 31, 0
    ├─ [1817] VqALCX::withdrawBucket() [staticcall]
    │   └─ ← [Return] 1000000000000000000000000 [1e24], 100000000000000000000 [1e20], 0, 1, 0, 31, 3000000000000000000000 [3e21]
    ├─ [505] VqALCX::depositBucketRate() [staticcall]
    │   └─ ← [Return] 100000000000000000000 [1e20]
    ├─ [528] VqALCX::withdrawBucketRate() [staticcall]
    │   └─ ← [Return] 100000000000000000000 [1e20]
    ├─ [850] SystemToken::balanceOf(VqAuctioner: [0x5991A2dF15A8F6A256D3Ec51E99254Cd3fb576A9]) [staticcall]
    │   └─ ← [Return] 0
    ├─ [471] VqAuctioner::currentDepositRound() [staticcall]
    │   └─ ← [Return] 1
    ├─ [777] VqAuctioner::depositLockedTotal(1) [staticcall]
    │   └─ ← [Return] 0
    ├─ [962] VqALCX::balanceOf(VqAuctioner: [0x5991A2dF15A8F6A256D3Ec51E99254Cd3fb576A9]) [staticcall]
    │   └─ ← [Return] 0
    ├─ [515] VqAuctioner::currentWithdrawRound() [staticcall]
    │   └─ ← [Return] 1
    ├─ [799] VqAuctioner::withdrawLockedTotal(1) [staticcall]
    │   └─ ← [Return] 0
    ├─ [897] VqStaking::stakedBalanceOf(0x00000000000000000000000000000000000000A1) [staticcall]
    │   └─ ← [Return] 2
    ├─ [2137] VqStaking::earned(0x00000000000000000000000000000000000000A1) [staticcall]
    │   └─ ← [Return] 0
    ├─ [957] VqStaking::delegates(0x00000000000000000000000000000000000000A1) [staticcall]
    │   └─ ← [Return] 0x0000000000000000000000000000000000000000
    ├─ [957] VqStaking::delegates(0x00000000000000000000000000000000000000b2) [staticcall]
    │   └─ ← [Return] 0x0000000000000000000000000000000000000000
    ├─ [957] VqStaking::delegates(0x00000000000000000000000000000000000000C3) [staticcall]
    │   └─ ← [Return] 0x0000000000000000000000000000000000000000
    ├─ [1057] VqStaking::getVotes(0x00000000000000000000000000000000000000A1) [staticcall]
    │   └─ ← [Return] 0
    ├─ [897] VqStaking::stakedBalanceOf(0x00000000000000000000000000000000000000b2) [staticcall]
    │   └─ ← [Return] 0
    ├─ [2137] VqStaking::earned(0x00000000000000000000000000000000000000b2) [staticcall]
    │   └─ ← [Return] 0
    ├─ [957] VqStaking::delegates(0x00000000000000000000000000000000000000A1) [staticcall]
    │   └─ ← [Return] 0x0000000000000000000000000000000000000000
    ├─ [957] VqStaking::delegates(0x00000000000000000000000000000000000000b2) [staticcall]
    │   └─ ← [Return] 0x0000000000000000000000000000000000000000
    ├─ [957] VqStaking::delegates(0x00000000000000000000000000000000000000C3) [staticcall]
    │   └─ ← [Return] 0x0000000000000000000000000000000000000000
    ├─ [1057] VqStaking::getVotes(0x00000000000000000000000000000000000000b2) [staticcall]
    │   └─ ← [Return] 0
    ├─ [897] VqStaking::stakedBalanceOf(0x00000000000000000000000000000000000000C3) [staticcall]
    │   └─ ← [Return] 0
    ├─ [2137] VqStaking::earned(0x00000000000000000000000000000000000000C3) [staticcall]
    │   └─ ← [Return] 0
    ├─ [957] VqStaking::delegates(0x00000000000000000000000000000000000000A1) [staticcall]
    │   └─ ← [Return] 0x0000000000000000000000000000000000000000
    ├─ [957] VqStaking::delegates(0x00000000000000000000000000000000000000b2) [staticcall]
    │   └─ ← [Return] 0x0000000000000000000000000000000000000000
    ├─ [957] VqStaking::delegates(0x00000000000000000000000000000000000000C3) [staticcall]
    │   └─ ← [Return] 0x0000000000000000000000000000000000000000
    ├─ [1057] VqStaking::getVotes(0x00000000000000000000000000000000000000C3) [staticcall]
    │   └─ ← [Return] 0
    ├─ [455] VqStaking::totalStaked() [staticcall]
    │   └─ ← [Return] 2
    ├─ [962] VqALCX::balanceOf(VqStaking: [0xc7183455a4C133Ae270771860664b6B7ec320bB1]) [staticcall]
    │   └─ ← [Return] 2
    ├─ [850] SystemToken::balanceOf(VqStaking: [0xc7183455a4C133Ae270771860664b6B7ec320bB1]) [staticcall]
    │   └─ ← [Return] 1
    ├─ [850] SystemToken::balanceOf(VqStaking: [0xc7183455a4C133Ae270771860664b6B7ec320bB1]) [staticcall]
    │   └─ ← [Return] 1
    ├─ [44272] VqStaking::accrueRewards()
    │   ├─ [850] SystemToken::balanceOf(VqStaking: [0xc7183455a4C133Ae270771860664b6B7ec320bB1]) [staticcall]
    │   │   └─ ← [Return] 1
    │   ├─ emit RewardsAccrued(amount: 1)
    │   └─ ← [Stop]
    ├─ [2137] VqStaking::earned(0x00000000000000000000000000000000000000A1) [staticcall]
    │   └─ ← [Return] 1
    ├─ [2850] SystemToken::balanceOf(0x00000000000000000000000000000000000000A1) [staticcall]
    │   └─ ← [Return] 0
    ├─ [0] VM::prank(0x00000000000000000000000000000000000000A1)
    │   └─ ← [Return]
    ├─ [73941] VqStaking::claimRewards()
    │   ├─ [850] SystemToken::balanceOf(VqStaking: [0xc7183455a4C133Ae270771860664b6B7ec320bB1]) [staticcall]
    │   │   └─ ← [Return] 1
    │   ├─ [23745] SystemToken::transfer(0x00000000000000000000000000000000000000A1, 1)
    │   │   ├─ emit Transfer(from: VqStaking: [0xc7183455a4C133Ae270771860664b6B7ec320bB1], to: 0x00000000000000000000000000000000000000A1, value: 1)
    │   │   └─ ← [Return] true
    │   ├─ emit RewardsClaimed(user: 0x00000000000000000000000000000000000000A1, amount: 1)
    │   └─ ← [Stop]
    ├─ [850] SystemToken::balanceOf(0x00000000000000000000000000000000000000A1) [staticcall]
    │   └─ ← [Return] 1
    ├─ [1838] VqALCX::depositBucket() [staticcall]
    │   └─ ← [Return] 1000000000000000000000000 [1e24], 100000000000000000000 [1e20], 3, 4, 0, 31, 0
    ├─ [2188] VqALCX::getDepositRequest(0) [staticcall]
    │   └─ ← [Return] Request({ owner: 0x00000000000000000000000000000000000000A1, amount: 1000000000000000000000 [1e21], filled: 1000000000000000000000 [1e21], claimed: 1000000000000000000000 [1e21], cancelled: false })
    ├─ [2188] VqALCX::getDepositRequest(1) [staticcall]
    │   └─ ← [Return] Request({ owner: 0x00000000000000000000000000000000000000b2, amount: 1000000000000000000000 [1e21], filled: 1000000000000000000000 [1e21], claimed: 1000000000000000000000 [1e21], cancelled: false })
    ├─ [2188] VqALCX::getDepositRequest(2) [staticcall]
    │   └─ ← [Return] Request({ owner: 0x00000000000000000000000000000000000000C3, amount: 1000000000000000000000 [1e21], filled: 1000000000000000000000 [1e21], claimed: 1000000000000000000000 [1e21], cancelled: false })
    ├─ [2188] VqALCX::getDepositRequest(3) [staticcall]
    │   └─ ← [Return] Request({ owner: 0x00000000000000000000000000000000000000A1, amount: 1, filled: 0, claimed: 0, cancelled: true })
    ├─ [850] SystemToken::balanceOf(VqALCX: [0xF62849F9A0B5Bf2913b396098F7c7019b51A820a]) [staticcall]
    │   └─ ← [Return] 3000000000000000000000 [3e21]
    ├─ [545] VqALCX::totalSupply() [staticcall]
    │   └─ ← [Return] 3000000000000000000000 [3e21]
    ├─ [573] VqALCX::depositQueueDepth() [staticcall]
    │   └─ ← [Return] 0
    ├─ [1817] VqALCX::withdrawBucket() [staticcall]
    │   └─ ← [Return] 1000000000000000000000000 [1e24], 100000000000000000000 [1e20], 0, 1, 0, 31, 3000000000000000000000 [3e21]
    ├─ [2166] VqALCX::getWithdrawRequest(0) [staticcall]
    │   └─ ← [Return] Request({ owner: 0x00000000000000000000000000000000000000A1, amount: 2, filled: 0, claimed: 0, cancelled: true })
    ├─ [962] VqALCX::balanceOf(VqALCX: [0xF62849F9A0B5Bf2913b396098F7c7019b51A820a]) [staticcall]
    │   └─ ← [Return] 0
    ├─ [529] VqALCX::withdrawQueueDepth() [staticcall]
    │   └─ ← [Return] 0
    ├─ [471] VqAuctioner::currentDepositRound() [staticcall]
    │   └─ ← [Return] 1
    ├─ [3567] VqAuctioner::getDepositRound(1) [staticcall]
    │   └─ ← [Return] Round({ roundId: 1, isDeposit: true, startTime: 31, endTime: 61, capacity: 3000000000000000000000 [3e21], totalFilled: 0, settled: false, highestBidder: 0x0000000000000000000000000000000000000000, highestBidAmount: 0, highestBidPrice: 0 })
    ├─ [471] VqAuctioner::currentDepositRound() [staticcall]
    │   └─ ← [Return] 1
    ├─ [515] VqAuctioner::currentWithdrawRound() [staticcall]
    │   └─ ← [Return] 1
    ├─ [3499] VqAuctioner::getWithdrawRound(1) [staticcall]
    │   └─ ← [Return] Round({ roundId: 1, isDeposit: false, startTime: 31, endTime: 61, capacity: 3000000000000000000000 [3e21], totalFilled: 0, settled: false, highestBidder: 0x0000000000000000000000000000000000000000, highestBidAmount: 0, highestBidPrice: 0 })
    ├─ [515] VqAuctioner::currentWithdrawRound() [staticcall]
    │   └─ ← [Return] 1
    ├─ [1838] VqALCX::depositBucket() [staticcall]
    │   └─ ← [Return] 1000000000000000000000000 [1e24], 100000000000000000000 [1e20], 3, 4, 0, 31, 0
    ├─ [1817] VqALCX::withdrawBucket() [staticcall]
    │   └─ ← [Return] 1000000000000000000000000 [1e24], 100000000000000000000 [1e20], 0, 1, 0, 31, 3000000000000000000000 [3e21]
    ├─ [505] VqALCX::depositBucketRate() [staticcall]
    │   └─ ← [Return] 100000000000000000000 [1e20]
    ├─ [528] VqALCX::withdrawBucketRate() [staticcall]
    │   └─ ← [Return] 100000000000000000000 [1e20]
    ├─ [850] SystemToken::balanceOf(VqAuctioner: [0x5991A2dF15A8F6A256D3Ec51E99254Cd3fb576A9]) [staticcall]
    │   └─ ← [Return] 0
    ├─ [471] VqAuctioner::currentDepositRound() [staticcall]
    │   └─ ← [Return] 1
    ├─ [777] VqAuctioner::depositLockedTotal(1) [staticcall]
    │   └─ ← [Return] 0
    ├─ [962] VqALCX::balanceOf(VqAuctioner: [0x5991A2dF15A8F6A256D3Ec51E99254Cd3fb576A9]) [staticcall]
    │   └─ ← [Return] 0
    ├─ [515] VqAuctioner::currentWithdrawRound() [staticcall]
    │   └─ ← [Return] 1
    ├─ [799] VqAuctioner::withdrawLockedTotal(1) [staticcall]
    │   └─ ← [Return] 0
    ├─ [897] VqStaking::stakedBalanceOf(0x00000000000000000000000000000000000000A1) [staticcall]
    │   └─ ← [Return] 2
    ├─ [2137] VqStaking::earned(0x00000000000000000000000000000000000000A1) [staticcall]
    │   └─ ← [Return] 0
    ├─ [957] VqStaking::delegates(0x00000000000000000000000000000000000000A1) [staticcall]
    │   └─ ← [Return] 0x0000000000000000000000000000000000000000
    ├─ [957] VqStaking::delegates(0x00000000000000000000000000000000000000b2) [staticcall]
    │   └─ ← [Return] 0x0000000000000000000000000000000000000000
    ├─ [957] VqStaking::delegates(0x00000000000000000000000000000000000000C3) [staticcall]
    │   └─ ← [Return] 0x0000000000000000000000000000000000000000
    ├─ [1057] VqStaking::getVotes(0x00000000000000000000000000000000000000A1) [staticcall]
    │   └─ ← [Return] 0
    ├─ [897] VqStaking::stakedBalanceOf(0x00000000000000000000000000000000000000b2) [staticcall]
    │   └─ ← [Return] 0
    ├─ [2137] VqStaking::earned(0x00000000000000000000000000000000000000b2) [staticcall]
    │   └─ ← [Return] 0
    ├─ [957] VqStaking::delegates(0x00000000000000000000000000000000000000A1) [staticcall]
    │   └─ ← [Return] 0x0000000000000000000000000000000000000000
    ├─ [957] VqStaking::delegates(0x00000000000000000000000000000000000000b2) [staticcall]
    │   └─ ← [Return] 0x0000000000000000000000000000000000000000
    ├─ [957] VqStaking::delegates(0x00000000000000000000000000000000000000C3) [staticcall]
    │   └─ ← [Return] 0x0000000000000000000000000000000000000000
    ├─ [1057] VqStaking::getVotes(0x00000000000000000000000000000000000000b2) [staticcall]
    │   └─ ← [Return] 0
    ├─ [897] VqStaking::stakedBalanceOf(0x00000000000000000000000000000000000000C3) [staticcall]
    │   └─ ← [Return] 0
    ├─ [2137] VqStaking::earned(0x00000000000000000000000000000000000000C3) [staticcall]
    │   └─ ← [Return] 0
    ├─ [957] VqStaking::delegates(0x00000000000000000000000000000000000000A1) [staticcall]
    │   └─ ← [Return] 0x0000000000000000000000000000000000000000
    ├─ [957] VqStaking::delegates(0x00000000000000000000000000000000000000b2) [staticcall]
    │   └─ ← [Return] 0x0000000000000000000000000000000000000000
    ├─ [957] VqStaking::delegates(0x00000000000000000000000000000000000000C3) [staticcall]
    │   └─ ← [Return] 0x0000000000000000000000000000000000000000
    ├─ [1057] VqStaking::getVotes(0x00000000000000000000000000000000000000C3) [staticcall]
    │   └─ ← [Return] 0
    ├─ [455] VqStaking::totalStaked() [staticcall]
    │   └─ ← [Return] 2
    ├─ [962] VqALCX::balanceOf(VqStaking: [0xc7183455a4C133Ae270771860664b6B7ec320bB1]) [staticcall]
    │   └─ ← [Return] 2
    ├─ [850] SystemToken::balanceOf(VqStaking: [0xc7183455a4C133Ae270771860664b6B7ec320bB1]) [staticcall]
    │   └─ ← [Return] 0
    ├─ [850] SystemToken::balanceOf(VqStaking: [0xc7183455a4C133Ae270771860664b6B7ec320bB1]) [staticcall]
    │   └─ ← [Return] 0
    ├─ [897] VqStaking::stakedBalanceOf(0x00000000000000000000000000000000000000A1) [staticcall]
    │   └─ ← [Return] 2
    ├─ [0] VM::prank(0x00000000000000000000000000000000000000A1)
    │   └─ ← [Return]
    ├─ [19976] VqStaking::unstake(2)
    │   ├─ [850] SystemToken::balanceOf(VqStaking: [0xc7183455a4C133Ae270771860664b6B7ec320bB1]) [staticcall]
    │   │   └─ ← [Return] 0
    │   ├─ [3891] VqALCX::transfer(0x00000000000000000000000000000000000000A1, 2)
    │   │   ├─ emit Transfer(from: VqStaking: [0xc7183455a4C133Ae270771860664b6B7ec320bB1], to: 0x00000000000000000000000000000000000000A1, value: 2)
    │   │   └─ ← [Return] true
    │   ├─ emit Unstaked(user: 0x00000000000000000000000000000000000000A1, amount: 2)
    │   └─ ← [Stop]
    ├─ [1838] VqALCX::depositBucket() [staticcall]
    │   └─ ← [Return] 1000000000000000000000000 [1e24], 100000000000000000000 [1e20], 3, 4, 0, 31, 0
    ├─ [2188] VqALCX::getDepositRequest(0) [staticcall]
    │   └─ ← [Return] Request({ owner: 0x00000000000000000000000000000000000000A1, amount: 1000000000000000000000 [1e21], filled: 1000000000000000000000 [1e21], claimed: 1000000000000000000000 [1e21], cancelled: false })
    ├─ [2188] VqALCX::getDepositRequest(1) [staticcall]
    │   └─ ← [Return] Request({ owner: 0x00000000000000000000000000000000000000b2, amount: 1000000000000000000000 [1e21], filled: 1000000000000000000000 [1e21], claimed: 1000000000000000000000 [1e21], cancelled: false })
    ├─ [2188] VqALCX::getDepositRequest(2) [staticcall]
    │   └─ ← [Return] Request({ owner: 0x00000000000000000000000000000000000000C3, amount: 1000000000000000000000 [1e21], filled: 1000000000000000000000 [1e21], claimed: 1000000000000000000000 [1e21], cancelled: false })
    ├─ [2188] VqALCX::getDepositRequest(3) [staticcall]
    │   └─ ← [Return] Request({ owner: 0x00000000000000000000000000000000000000A1, amount: 1, filled: 0, claimed: 0, cancelled: true })
    ├─ [850] SystemToken::balanceOf(VqALCX: [0xF62849F9A0B5Bf2913b396098F7c7019b51A820a]) [staticcall]
    │   └─ ← [Return] 3000000000000000000000 [3e21]
    ├─ [545] VqALCX::totalSupply() [staticcall]
    │   └─ ← [Return] 3000000000000000000000 [3e21]
    ├─ [573] VqALCX::depositQueueDepth() [staticcall]
    │   └─ ← [Return] 0
    ├─ [1817] VqALCX::withdrawBucket() [staticcall]
    │   └─ ← [Return] 1000000000000000000000000 [1e24], 100000000000000000000 [1e20], 0, 1, 0, 31, 3000000000000000000000 [3e21]
    ├─ [2166] VqALCX::getWithdrawRequest(0) [staticcall]
    │   └─ ← [Return] Request({ owner: 0x00000000000000000000000000000000000000A1, amount: 2, filled: 0, claimed: 0, cancelled: true })
    ├─ [962] VqALCX::balanceOf(VqALCX: [0xF62849F9A0B5Bf2913b396098F7c7019b51A820a]) [staticcall]
    │   └─ ← [Return] 0
    ├─ [529] VqALCX::withdrawQueueDepth() [staticcall]
    │   └─ ← [Return] 0
    ├─ [471] VqAuctioner::currentDepositRound() [staticcall]
    │   └─ ← [Return] 1
    ├─ [3567] VqAuctioner::getDepositRound(1) [staticcall]
    │   └─ ← [Return] Round({ roundId: 1, isDeposit: true, startTime: 31, endTime: 61, capacity: 3000000000000000000000 [3e21], totalFilled: 0, settled: false, highestBidder: 0x0000000000000000000000000000000000000000, highestBidAmount: 0, highestBidPrice: 0 })
    ├─ [471] VqAuctioner::currentDepositRound() [staticcall]
    │   └─ ← [Return] 1
    ├─ [515] VqAuctioner::currentWithdrawRound() [staticcall]
    │   └─ ← [Return] 1
    ├─ [3499] VqAuctioner::getWithdrawRound(1) [staticcall]
    │   └─ ← [Return] Round({ roundId: 1, isDeposit: false, startTime: 31, endTime: 61, capacity: 3000000000000000000000 [3e21], totalFilled: 0, settled: false, highestBidder: 0x0000000000000000000000000000000000000000, highestBidAmount: 0, highestBidPrice: 0 })
    ├─ [515] VqAuctioner::currentWithdrawRound() [staticcall]
    │   └─ ← [Return] 1
    ├─ [1838] VqALCX::depositBucket() [staticcall]
    │   └─ ← [Return] 1000000000000000000000000 [1e24], 100000000000000000000 [1e20], 3, 4, 0, 31, 0
    ├─ [1817] VqALCX::withdrawBucket() [staticcall]
    │   └─ ← [Return] 1000000000000000000000000 [1e24], 100000000000000000000 [1e20], 0, 1, 0, 31, 3000000000000000000000 [3e21]
    ├─ [505] VqALCX::depositBucketRate() [staticcall]
    │   └─ ← [Return] 100000000000000000000 [1e20]
    ├─ [528] VqALCX::withdrawBucketRate() [staticcall]
    │   └─ ← [Return] 100000000000000000000 [1e20]
    ├─ [850] SystemToken::balanceOf(VqAuctioner: [0x5991A2dF15A8F6A256D3Ec51E99254Cd3fb576A9]) [staticcall]
    │   └─ ← [Return] 0
    ├─ [471] VqAuctioner::currentDepositRound() [staticcall]
    │   └─ ← [Return] 1
    ├─ [777] VqAuctioner::depositLockedTotal(1) [staticcall]
    │   └─ ← [Return] 0
    ├─ [962] VqALCX::balanceOf(VqAuctioner: [0x5991A2dF15A8F6A256D3Ec51E99254Cd3fb576A9]) [staticcall]
    │   └─ ← [Return] 0
    ├─ [515] VqAuctioner::currentWithdrawRound() [staticcall]
    │   └─ ← [Return] 1
    ├─ [799] VqAuctioner::withdrawLockedTotal(1) [staticcall]
    │   └─ ← [Return] 0
    ├─ [897] VqStaking::stakedBalanceOf(0x00000000000000000000000000000000000000A1) [staticcall]
    │   └─ ← [Return] 0
    ├─ [2137] VqStaking::earned(0x00000000000000000000000000000000000000A1) [staticcall]
    │   └─ ← [Return] 0
    ├─ [957] VqStaking::delegates(0x00000000000000000000000000000000000000A1) [staticcall]
    │   └─ ← [Return] 0x0000000000000000000000000000000000000000
    ├─ [957] VqStaking::delegates(0x00000000000000000000000000000000000000b2) [staticcall]
    │   └─ ← [Return] 0x0000000000000000000000000000000000000000
    ├─ [957] VqStaking::delegates(0x00000000000000000000000000000000000000C3) [staticcall]
    │   └─ ← [Return] 0x0000000000000000000000000000000000000000
    ├─ [1057] VqStaking::getVotes(0x00000000000000000000000000000000000000A1) [staticcall]
    │   └─ ← [Return] 0
    ├─ [897] VqStaking::stakedBalanceOf(0x00000000000000000000000000000000000000b2) [staticcall]
    │   └─ ← [Return] 0
    ├─ [2137] VqStaking::earned(0x00000000000000000000000000000000000000b2) [staticcall]
    │   └─ ← [Return] 0
    ├─ [957] VqStaking::delegates(0x00000000000000000000000000000000000000A1) [staticcall]
    │   └─ ← [Return] 0x0000000000000000000000000000000000000000
    ├─ [957] VqStaking::delegates(0x00000000000000000000000000000000000000b2) [staticcall]
    │   └─ ← [Return] 0x0000000000000000000000000000000000000000
    ├─ [957] VqStaking::delegates(0x00000000000000000000000000000000000000C3) [staticcall]
    │   └─ ← [Return] 0x0000000000000000000000000000000000000000
    ├─ [1057] VqStaking::getVotes(0x00000000000000000000000000000000000000b2) [staticcall]
    │   └─ ← [Return] 0
    ├─ [897] VqStaking::stakedBalanceOf(0x00000000000000000000000000000000000000C3) [staticcall]
    │   └─ ← [Return] 0
    ├─ [2137] VqStaking::earned(0x00000000000000000000000000000000000000C3) [staticcall]
    │   └─ ← [Return] 0
    ├─ [957] VqStaking::delegates(0x00000000000000000000000000000000000000A1) [staticcall]
    │   └─ ← [Return] 0x0000000000000000000000000000000000000000
    ├─ [957] VqStaking::delegates(0x00000000000000000000000000000000000000b2) [staticcall]
    │   └─ ← [Return] 0x0000000000000000000000000000000000000000
    ├─ [957] VqStaking::delegates(0x00000000000000000000000000000000000000C3) [staticcall]
    │   └─ ← [Return] 0x0000000000000000000000000000000000000000
    ├─ [1057] VqStaking::getVotes(0x00000000000000000000000000000000000000C3) [staticcall]
    │   └─ ← [Return] 0
    ├─ [455] VqStaking::totalStaked() [staticcall]
    │   └─ ← [Return] 0
    ├─ [962] VqALCX::balanceOf(VqStaking: [0xc7183455a4C133Ae270771860664b6B7ec320bB1]) [staticcall]
    │   └─ ← [Return] 0
    ├─ [850] SystemToken::balanceOf(VqStaking: [0xc7183455a4C133Ae270771860664b6B7ec320bB1]) [staticcall]
    │   └─ ← [Return] 0
    ├─ [850] SystemToken::balanceOf(VqStaking: [0xc7183455a4C133Ae270771860664b6B7ec320bB1]) [staticcall]
    │   └─ ← [Return] 0
    ├─ [471] VqAuctioner::currentDepositRound() [staticcall]
    │   └─ ← [Return] 1
    ├─ [3567] VqAuctioner::getDepositRound(1) [staticcall]
    │   └─ ← [Return] Round({ roundId: 1, isDeposit: true, startTime: 31, endTime: 61, capacity: 3000000000000000000000 [3e21], totalFilled: 0, settled: false, highestBidder: 0x0000000000000000000000000000000000000000, highestBidAmount: 0, highestBidPrice: 0 })
    ├─ [0] VM::prank(0x00000000000000000000000000000000000000A1)
    │   └─ ← [Return]
    ├─ [188253] VqAuctioner::bidDeposit(2, 1000000000000000002 [1e18])
    │   ├─ [1008] VqAuctioner::ensureDepositRound()
    │   │   └─ ← [Return] 1
    │   ├─ [29161] SystemToken::transferFrom(0x00000000000000000000000000000000000000A1, VqAuctioner: [0x5991A2dF15A8F6A256D3Ec51E99254Cd3fb576A9], 1000000000000000002 [1e18])
    │   │   ├─ emit Transfer(from: 0x00000000000000000000000000000000000000A1, to: VqAuctioner: [0x5991A2dF15A8F6A256D3Ec51E99254Cd3fb576A9], value: 1000000000000000002 [1e18])
    │   │   └─ ← [Return] true
    │   ├─ emit DepositBidPlaced(roundId: 1, bidder: 0x00000000000000000000000000000000000000A1, amount: 2, price: 1000000000000000002 [1e18])
    │   └─ ← [Return] 1
    ├─ [1838] VqALCX::depositBucket() [staticcall]
    │   └─ ← [Return] 1000000000000000000000000 [1e24], 100000000000000000000 [1e20], 3, 4, 0, 31, 0
    ├─ [2188] VqALCX::getDepositRequest(0) [staticcall]
    │   └─ ← [Return] Request({ owner: 0x00000000000000000000000000000000000000A1, amount: 1000000000000000000000 [1e21], filled: 1000000000000000000000 [1e21], claimed: 1000000000000000000000 [1e21], cancelled: false })
    ├─ [2188] VqALCX::getDepositRequest(1) [staticcall]
    │   └─ ← [Return] Request({ owner: 0x00000000000000000000000000000000000000b2, amount: 1000000000000000000000 [1e21], filled: 1000000000000000000000 [1e21], claimed: 1000000000000000000000 [1e21], cancelled: false })
    ├─ [2188] VqALCX::getDepositRequest(2) [staticcall]
    │   └─ ← [Return] Request({ owner: 0x00000000000000000000000000000000000000C3, amount: 1000000000000000000000 [1e21], filled: 1000000000000000000000 [1e21], claimed: 1000000000000000000000 [1e21], cancelled: false })
    ├─ [2188] VqALCX::getDepositRequest(3) [staticcall]
    │   └─ ← [Return] Request({ owner: 0x00000000000000000000000000000000000000A1, amount: 1, filled: 0, claimed: 0, cancelled: true })
    ├─ [850] SystemToken::balanceOf(VqALCX: [0xF62849F9A0B5Bf2913b396098F7c7019b51A820a]) [staticcall]
    │   └─ ← [Return] 3000000000000000000000 [3e21]
    ├─ [545] VqALCX::totalSupply() [staticcall]
    │   └─ ← [Return] 3000000000000000000000 [3e21]
    ├─ [573] VqALCX::depositQueueDepth() [staticcall]
    │   └─ ← [Return] 0
    ├─ [1817] VqALCX::withdrawBucket() [staticcall]
    │   └─ ← [Return] 1000000000000000000000000 [1e24], 100000000000000000000 [1e20], 0, 1, 0, 31, 3000000000000000000000 [3e21]
    ├─ [2166] VqALCX::getWithdrawRequest(0) [staticcall]
    │   └─ ← [Return] Request({ owner: 0x00000000000000000000000000000000000000A1, amount: 2, filled: 0, claimed: 0, cancelled: true })
    ├─ [962] VqALCX::balanceOf(VqALCX: [0xF62849F9A0B5Bf2913b396098F7c7019b51A820a]) [staticcall]
    │   └─ ← [Return] 0
    ├─ [529] VqALCX::withdrawQueueDepth() [staticcall]
    │   └─ ← [Return] 0
    ├─ [471] VqAuctioner::currentDepositRound() [staticcall]
    │   └─ ← [Return] 1
    ├─ [3567] VqAuctioner::getDepositRound(1) [staticcall]
    │   └─ ← [Return] Round({ roundId: 1, isDeposit: true, startTime: 31, endTime: 61, capacity: 3000000000000000000000 [3e21], totalFilled: 0, settled: false, highestBidder: 0x00000000000000000000000000000000000000A1, highestBidAmount: 2, highestBidPrice: 1000000000000000002 [1e18] })
    ├─ [471] VqAuctioner::currentDepositRound() [staticcall]
    │   └─ ← [Return] 1
    ├─ [515] VqAuctioner::currentWithdrawRound() [staticcall]
    │   └─ ← [Return] 1
    ├─ [3499] VqAuctioner::getWithdrawRound(1) [staticcall]
    │   └─ ← [Return] Round({ roundId: 1, isDeposit: false, startTime: 31, endTime: 61, capacity: 3000000000000000000000 [3e21], totalFilled: 0, settled: false, highestBidder: 0x0000000000000000000000000000000000000000, highestBidAmount: 0, highestBidPrice: 0 })
    ├─ [515] VqAuctioner::currentWithdrawRound() [staticcall]
    │   └─ ← [Return] 1
    ├─ [1838] VqALCX::depositBucket() [staticcall]
    │   └─ ← [Return] 1000000000000000000000000 [1e24], 100000000000000000000 [1e20], 3, 4, 0, 31, 0
    ├─ [1817] VqALCX::withdrawBucket() [staticcall]
    │   └─ ← [Return] 1000000000000000000000000 [1e24], 100000000000000000000 [1e20], 0, 1, 0, 31, 3000000000000000000000 [3e21]
    ├─ [505] VqALCX::depositBucketRate() [staticcall]
    │   └─ ← [Return] 100000000000000000000 [1e20]
    ├─ [528] VqALCX::withdrawBucketRate() [staticcall]
    │   └─ ← [Return] 100000000000000000000 [1e20]
    ├─ [850] SystemToken::balanceOf(VqAuctioner: [0x5991A2dF15A8F6A256D3Ec51E99254Cd3fb576A9]) [staticcall]
    │   └─ ← [Return] 1000000000000000002 [1e18]
    ├─ [471] VqAuctioner::currentDepositRound() [staticcall]
    │   └─ ← [Return] 1
    ├─ [777] VqAuctioner::depositLockedTotal(1) [staticcall]
    │   └─ ← [Return] 1000000000000000002 [1e18]
    ├─ [962] VqALCX::balanceOf(VqAuctioner: [0x5991A2dF15A8F6A256D3Ec51E99254Cd3fb576A9]) [staticcall]
    │   └─ ← [Return] 0
    ├─ [515] VqAuctioner::currentWithdrawRound() [staticcall]
    │   └─ ← [Return] 1
    ├─ [799] VqAuctioner::withdrawLockedTotal(1) [staticcall]
    │   └─ ← [Return] 0
    ├─ [897] VqStaking::stakedBalanceOf(0x00000000000000000000000000000000000000A1) [staticcall]
    │   └─ ← [Return] 0
    ├─ [2137] VqStaking::earned(0x00000000000000000000000000000000000000A1) [staticcall]
    │   └─ ← [Return] 0
    ├─ [957] VqStaking::delegates(0x00000000000000000000000000000000000000A1) [staticcall]
    │   └─ ← [Return] 0x0000000000000000000000000000000000000000
    ├─ [957] VqStaking::delegates(0x00000000000000000000000000000000000000b2) [staticcall]
    │   └─ ← [Return] 0x0000000000000000000000000000000000000000
    ├─ [957] VqStaking::delegates(0x00000000000000000000000000000000000000C3) [staticcall]
    │   └─ ← [Return] 0x0000000000000000000000000000000000000000
    ├─ [1057] VqStaking::getVotes(0x00000000000000000000000000000000000000A1) [staticcall]
    │   └─ ← [Return] 0
    ├─ [897] VqStaking::stakedBalanceOf(0x00000000000000000000000000000000000000b2) [staticcall]
    │   └─ ← [Return] 0
    ├─ [2137] VqStaking::earned(0x00000000000000000000000000000000000000b2) [staticcall]
    │   └─ ← [Return] 0
    ├─ [957] VqStaking::delegates(0x00000000000000000000000000000000000000A1) [staticcall]
    │   └─ ← [Return] 0x0000000000000000000000000000000000000000
    ├─ [957] VqStaking::delegates(0x00000000000000000000000000000000000000b2) [staticcall]
    │   └─ ← [Return] 0x0000000000000000000000000000000000000000
    ├─ [957] VqStaking::delegates(0x00000000000000000000000000000000000000C3) [staticcall]
    │   └─ ← [Return] 0x0000000000000000000000000000000000000000
    ├─ [1057] VqStaking::getVotes(0x00000000000000000000000000000000000000b2) [staticcall]
    │   └─ ← [Return] 0
    ├─ [897] VqStaking::stakedBalanceOf(0x00000000000000000000000000000000000000C3) [staticcall]
    │   └─ ← [Return] 0
    ├─ [2137] VqStaking::earned(0x00000000000000000000000000000000000000C3) [staticcall]
    │   └─ ← [Return] 0
    ├─ [957] VqStaking::delegates(0x00000000000000000000000000000000000000A1) [staticcall]
    │   └─ ← [Return] 0x0000000000000000000000000000000000000000
    ├─ [957] VqStaking::delegates(0x00000000000000000000000000000000000000b2) [staticcall]
    │   └─ ← [Return] 0x0000000000000000000000000000000000000000
    ├─ [957] VqStaking::delegates(0x00000000000000000000000000000000000000C3) [staticcall]
    │   └─ ← [Return] 0x0000000000000000000000000000000000000000
    ├─ [1057] VqStaking::getVotes(0x00000000000000000000000000000000000000C3) [staticcall]
    │   └─ ← [Return] 0
    ├─ [455] VqStaking::totalStaked() [staticcall]
    │   └─ ← [Return] 0
    ├─ [962] VqALCX::balanceOf(VqStaking: [0xc7183455a4C133Ae270771860664b6B7ec320bB1]) [staticcall]
    │   └─ ← [Return] 0
    ├─ [850] SystemToken::balanceOf(VqStaking: [0xc7183455a4C133Ae270771860664b6B7ec320bB1]) [staticcall]
    │   └─ ← [Return] 0
    ├─ [850] SystemToken::balanceOf(VqStaking: [0xc7183455a4C133Ae270771860664b6B7ec320bB1]) [staticcall]
    │   └─ ← [Return] 0
    ├─ [515] VqAuctioner::currentWithdrawRound() [staticcall]
    │   └─ ← [Return] 1
    ├─ [3499] VqAuctioner::getWithdrawRound(1) [staticcall]
    │   └─ ← [Return] Round({ roundId: 1, isDeposit: false, startTime: 31, endTime: 61, capacity: 3000000000000000000000 [3e21], totalFilled: 0, settled: false, highestBidder: 0x0000000000000000000000000000000000000000, highestBidAmount: 0, highestBidPrice: 0 })
    ├─ [962] VqALCX::balanceOf(0x00000000000000000000000000000000000000A1) [staticcall]
    │   └─ ← [Return] 1000000000000000000000 [1e21]
    ├─ [962] VqALCX::balanceOf(0x00000000000000000000000000000000000000A1) [staticcall]
    │   └─ ← [Return] 1000000000000000000000 [1e21]
    ├─ [0] VM::prank(0x00000000000000000000000000000000000000A1)
    │   └─ ← [Return]
    ├─ [186165] VqAuctioner::bidWithdraw(2, 1)
    │   ├─ [963] VqAuctioner::ensureWithdrawRound()
    │   │   └─ ← [Return] 1
    │   ├─ [29206] VqALCX::transferFrom(0x00000000000000000000000000000000000000A1, VqAuctioner: [0x5991A2dF15A8F6A256D3Ec51E99254Cd3fb576A9], 2)
    │   │   ├─ emit Transfer(from: 0x00000000000000000000000000000000000000A1, to: VqAuctioner: [0x5991A2dF15A8F6A256D3Ec51E99254Cd3fb576A9], value: 2)
    │   │   └─ ← [Return] true
    │   ├─ emit WithdrawBidPlaced(roundId: 1, bidder: 0x00000000000000000000000000000000000000A1, amount: 2, price: 1)
    │   └─ ← [Return] 1
    ├─ [1838] VqALCX::depositBucket() [staticcall]
    │   └─ ← [Return] 1000000000000000000000000 [1e24], 100000000000000000000 [1e20], 3, 4, 0, 31, 0
    ├─ [2188] VqALCX::getDepositRequest(0) [staticcall]
    │   └─ ← [Return] Request({ owner: 0x00000000000000000000000000000000000000A1, amount: 1000000000000000000000 [1e21], filled: 1000000000000000000000 [1e21], claimed: 1000000000000000000000 [1e21], cancelled: false })
    ├─ [2188] VqALCX::getDepositRequest(1) [staticcall]
    │   └─ ← [Return] Request({ owner: 0x00000000000000000000000000000000000000b2, amount: 1000000000000000000000 [1e21], filled: 1000000000000000000000 [1e21], claimed: 1000000000000000000000 [1e21], cancelled: false })
    ├─ [2188] VqALCX::getDepositRequest(2) [staticcall]
    │   └─ ← [Return] Request({ owner: 0x00000000000000000000000000000000000000C3, amount: 1000000000000000000000 [1e21], filled: 1000000000000000000000 [1e21], claimed: 1000000000000000000000 [1e21], cancelled: false })
    ├─ [2188] VqALCX::getDepositRequest(3) [staticcall]
    │   └─ ← [Return] Request({ owner: 0x00000000000000000000000000000000000000A1, amount: 1, filled: 0, claimed: 0, cancelled: true })
    ├─ [850] SystemToken::balanceOf(VqALCX: [0xF62849F9A0B5Bf2913b396098F7c7019b51A820a]) [staticcall]
    │   └─ ← [Return] 3000000000000000000000 [3e21]
    ├─ [545] VqALCX::totalSupply() [staticcall]
    │   └─ ← [Return] 3000000000000000000000 [3e21]
    ├─ [573] VqALCX::depositQueueDepth() [staticcall]
    │   └─ ← [Return] 0
    ├─ [1817] VqALCX::withdrawBucket() [staticcall]
    │   └─ ← [Return] 1000000000000000000000000 [1e24], 100000000000000000000 [1e20], 0, 1, 0, 31, 3000000000000000000000 [3e21]
    ├─ [2166] VqALCX::getWithdrawRequest(0) [staticcall]
    │   └─ ← [Return] Request({ owner: 0x00000000000000000000000000000000000000A1, amount: 2, filled: 0, claimed: 0, cancelled: true })
    ├─ [962] VqALCX::balanceOf(VqALCX: [0xF62849F9A0B5Bf2913b396098F7c7019b51A820a]) [staticcall]
    │   └─ ← [Return] 0
    ├─ [529] VqALCX::withdrawQueueDepth() [staticcall]
    │   └─ ← [Return] 0
    ├─ [471] VqAuctioner::currentDepositRound() [staticcall]
    │   └─ ← [Return] 1
    ├─ [3567] VqAuctioner::getDepositRound(1) [staticcall]
    │   └─ ← [Return] Round({ roundId: 1, isDeposit: true, startTime: 31, endTime: 61, capacity: 3000000000000000000000 [3e21], totalFilled: 0, settled: false, highestBidder: 0x00000000000000000000000000000000000000A1, highestBidAmount: 2, highestBidPrice: 1000000000000000002 [1e18] })
    ├─ [471] VqAuctioner::currentDepositRound() [staticcall]
    │   └─ ← [Return] 1
    ├─ [515] VqAuctioner::currentWithdrawRound() [staticcall]
    │   └─ ← [Return] 1
    ├─ [3499] VqAuctioner::getWithdrawRound(1) [staticcall]
    │   └─ ← [Return] Round({ roundId: 1, isDeposit: false, startTime: 31, endTime: 61, capacity: 3000000000000000000000 [3e21], totalFilled: 0, settled: false, highestBidder: 0x00000000000000000000000000000000000000A1, highestBidAmount: 2, highestBidPrice: 1 })
    ├─ [515] VqAuctioner::currentWithdrawRound() [staticcall]
    │   └─ ← [Return] 1
    ├─ [1838] VqALCX::depositBucket() [staticcall]
    │   └─ ← [Return] 1000000000000000000000000 [1e24], 100000000000000000000 [1e20], 3, 4, 0, 31, 0
    ├─ [1817] VqALCX::withdrawBucket() [staticcall]
    │   └─ ← [Return] 1000000000000000000000000 [1e24], 100000000000000000000 [1e20], 0, 1, 0, 31, 3000000000000000000000 [3e21]
    ├─ [505] VqALCX::depositBucketRate() [staticcall]
    │   └─ ← [Return] 100000000000000000000 [1e20]
    ├─ [528] VqALCX::withdrawBucketRate() [staticcall]
    │   └─ ← [Return] 100000000000000000000 [1e20]
    ├─ [850] SystemToken::balanceOf(VqAuctioner: [0x5991A2dF15A8F6A256D3Ec51E99254Cd3fb576A9]) [staticcall]
    │   └─ ← [Return] 1000000000000000002 [1e18]
    ├─ [471] VqAuctioner::currentDepositRound() [staticcall]
    │   └─ ← [Return] 1
    ├─ [777] VqAuctioner::depositLockedTotal(1) [staticcall]
    │   └─ ← [Return] 1000000000000000002 [1e18]
    ├─ [962] VqALCX::balanceOf(VqAuctioner: [0x5991A2dF15A8F6A256D3Ec51E99254Cd3fb576A9]) [staticcall]
    │   └─ ← [Return] 2
    ├─ [515] VqAuctioner::currentWithdrawRound() [staticcall]
    │   └─ ← [Return] 1
    ├─ [799] VqAuctioner::withdrawLockedTotal(1) [staticcall]
    │   └─ ← [Return] 2
    ├─ [897] VqStaking::stakedBalanceOf(0x00000000000000000000000000000000000000A1) [staticcall]
    │   └─ ← [Return] 0
    ├─ [2137] VqStaking::earned(0x00000000000000000000000000000000000000A1) [staticcall]
    │   └─ ← [Return] 0
    ├─ [957] VqStaking::delegates(0x00000000000000000000000000000000000000A1) [staticcall]
    │   └─ ← [Return] 0x0000000000000000000000000000000000000000
    ├─ [957] VqStaking::delegates(0x00000000000000000000000000000000000000b2) [staticcall]
    │   └─ ← [Return] 0x0000000000000000000000000000000000000000
    ├─ [957] VqStaking::delegates(0x00000000000000000000000000000000000000C3) [staticcall]
    │   └─ ← [Return] 0x0000000000000000000000000000000000000000
    ├─ [1057] VqStaking::getVotes(0x00000000000000000000000000000000000000A1) [staticcall]
    │   └─ ← [Return] 0
    ├─ [897] VqStaking::stakedBalanceOf(0x00000000000000000000000000000000000000b2) [staticcall]
    │   └─ ← [Return] 0
    ├─ [2137] VqStaking::earned(0x00000000000000000000000000000000000000b2) [staticcall]
    │   └─ ← [Return] 0
    ├─ [957] VqStaking::delegates(0x00000000000000000000000000000000000000A1) [staticcall]
    │   └─ ← [Return] 0x0000000000000000000000000000000000000000
    ├─ [957] VqStaking::delegates(0x00000000000000000000000000000000000000b2) [staticcall]
    │   └─ ← [Return] 0x0000000000000000000000000000000000000000
    ├─ [957] VqStaking::delegates(0x00000000000000000000000000000000000000C3) [staticcall]
    │   └─ ← [Return] 0x0000000000000000000000000000000000000000
    ├─ [1057] VqStaking::getVotes(0x00000000000000000000000000000000000000b2) [staticcall]
    │   └─ ← [Return] 0
    ├─ [897] VqStaking::stakedBalanceOf(0x00000000000000000000000000000000000000C3) [staticcall]
    │   └─ ← [Return] 0
    ├─ [2137] VqStaking::earned(0x00000000000000000000000000000000000000C3) [staticcall]
    │   └─ ← [Return] 0
    ├─ [957] VqStaking::delegates(0x00000000000000000000000000000000000000A1) [staticcall]
    │   └─ ← [Return] 0x0000000000000000000000000000000000000000
    ├─ [957] VqStaking::delegates(0x00000000000000000000000000000000000000b2) [staticcall]
    │   └─ ← [Return] 0x0000000000000000000000000000000000000000
    ├─ [957] VqStaking::delegates(0x00000000000000000000000000000000000000C3) [staticcall]
    │   └─ ← [Return] 0x0000000000000000000000000000000000000000
    ├─ [1057] VqStaking::getVotes(0x00000000000000000000000000000000000000C3) [staticcall]
    │   └─ ← [Return] 0
    ├─ [455] VqStaking::totalStaked() [staticcall]
    │   └─ ← [Return] 0
    ├─ [962] VqALCX::balanceOf(VqStaking: [0xc7183455a4C133Ae270771860664b6B7ec320bB1]) [staticcall]
    │   └─ ← [Return] 0
    ├─ [850] SystemToken::balanceOf(VqStaking: [0xc7183455a4C133Ae270771860664b6B7ec320bB1]) [staticcall]
    │   └─ ← [Return] 0
    ├─ [850] SystemToken::balanceOf(VqStaking: [0xc7183455a4C133Ae270771860664b6B7ec320bB1]) [staticcall]
    │   └─ ← [Return] 0
    ├─ [505] VqALCX::depositBucketRate() [staticcall]
    │   └─ ← [Return] 100000000000000000000 [1e20]
    ├─ [528] VqALCX::withdrawBucketRate() [staticcall]
    │   └─ ← [Return] 100000000000000000000 [1e20]
    ├─ [0] VM::warp(61)
    │   └─ ← [Return]
    ├─ [1838] VqALCX::depositBucket() [staticcall]
    │   └─ ← [Return] 1000000000000000000000000 [1e24], 100000000000000000000 [1e20], 3, 4, 0, 31, 0
    ├─ [2188] VqALCX::getDepositRequest(0) [staticcall]
    │   └─ ← [Return] Request({ owner: 0x00000000000000000000000000000000000000A1, amount: 1000000000000000000000 [1e21], filled: 1000000000000000000000 [1e21], claimed: 1000000000000000000000 [1e21], cancelled: false })
    ├─ [2188] VqALCX::getDepositRequest(1) [staticcall]
    │   └─ ← [Return] Request({ owner: 0x00000000000000000000000000000000000000b2, amount: 1000000000000000000000 [1e21], filled: 1000000000000000000000 [1e21], claimed: 1000000000000000000000 [1e21], cancelled: false })
    ├─ [2188] VqALCX::getDepositRequest(2) [staticcall]
    │   └─ ← [Return] Request({ owner: 0x00000000000000000000000000000000000000C3, amount: 1000000000000000000000 [1e21], filled: 1000000000000000000000 [1e21], claimed: 1000000000000000000000 [1e21], cancelled: false })
    ├─ [2188] VqALCX::getDepositRequest(3) [staticcall]
    │   └─ ← [Return] Request({ owner: 0x00000000000000000000000000000000000000A1, amount: 1, filled: 0, claimed: 0, cancelled: true })
    ├─ [850] SystemToken::balanceOf(VqALCX: [0xF62849F9A0B5Bf2913b396098F7c7019b51A820a]) [staticcall]
    │   └─ ← [Return] 3000000000000000000000 [3e21]
    ├─ [545] VqALCX::totalSupply() [staticcall]
    │   └─ ← [Return] 3000000000000000000000 [3e21]
    ├─ [573] VqALCX::depositQueueDepth() [staticcall]
    │   └─ ← [Return] 0
    ├─ [1817] VqALCX::withdrawBucket() [staticcall]
    │   └─ ← [Return] 1000000000000000000000000 [1e24], 100000000000000000000 [1e20], 0, 1, 0, 31, 3000000000000000000000 [3e21]
    ├─ [2166] VqALCX::getWithdrawRequest(0) [staticcall]
    │   └─ ← [Return] Request({ owner: 0x00000000000000000000000000000000000000A1, amount: 2, filled: 0, claimed: 0, cancelled: true })
    ├─ [962] VqALCX::balanceOf(VqALCX: [0xF62849F9A0B5Bf2913b396098F7c7019b51A820a]) [staticcall]
    │   └─ ← [Return] 0
    ├─ [529] VqALCX::withdrawQueueDepth() [staticcall]
    │   └─ ← [Return] 0
    ├─ [471] VqAuctioner::currentDepositRound() [staticcall]
    │   └─ ← [Return] 1
    ├─ [3567] VqAuctioner::getDepositRound(1) [staticcall]
    │   └─ ← [Return] Round({ roundId: 1, isDeposit: true, startTime: 31, endTime: 61, capacity: 3000000000000000000000 [3e21], totalFilled: 0, settled: false, highestBidder: 0x00000000000000000000000000000000000000A1, highestBidAmount: 2, highestBidPrice: 1000000000000000002 [1e18] })
    ├─ [471] VqAuctioner::currentDepositRound() [staticcall]
    │   └─ ← [Return] 1
    ├─ [515] VqAuctioner::currentWithdrawRound() [staticcall]
    │   └─ ← [Return] 1
    ├─ [3499] VqAuctioner::getWithdrawRound(1) [staticcall]
    │   └─ ← [Return] Round({ roundId: 1, isDeposit: false, startTime: 31, endTime: 61, capacity: 3000000000000000000000 [3e21], totalFilled: 0, settled: false, highestBidder: 0x00000000000000000000000000000000000000A1, highestBidAmount: 2, highestBidPrice: 1 })
    ├─ [515] VqAuctioner::currentWithdrawRound() [staticcall]
    │   └─ ← [Return] 1
    ├─ [1838] VqALCX::depositBucket() [staticcall]
    │   └─ ← [Return] 1000000000000000000000000 [1e24], 100000000000000000000 [1e20], 3, 4, 0, 31, 0
    ├─ [1817] VqALCX::withdrawBucket() [staticcall]
    │   └─ ← [Return] 1000000000000000000000000 [1e24], 100000000000000000000 [1e20], 0, 1, 0, 31, 3000000000000000000000 [3e21]
    ├─ [505] VqALCX::depositBucketRate() [staticcall]
    │   └─ ← [Return] 100000000000000000000 [1e20]
    ├─ [528] VqALCX::withdrawBucketRate() [staticcall]
    │   └─ ← [Return] 100000000000000000000 [1e20]
    ├─ [850] SystemToken::balanceOf(VqAuctioner: [0x5991A2dF15A8F6A256D3Ec51E99254Cd3fb576A9]) [staticcall]
    │   └─ ← [Return] 1000000000000000002 [1e18]
    ├─ [471] VqAuctioner::currentDepositRound() [staticcall]
    │   └─ ← [Return] 1
    ├─ [777] VqAuctioner::depositLockedTotal(1) [staticcall]
    │   └─ ← [Return] 1000000000000000002 [1e18]
    ├─ [962] VqALCX::balanceOf(VqAuctioner: [0x5991A2dF15A8F6A256D3Ec51E99254Cd3fb576A9]) [staticcall]
    │   └─ ← [Return] 2
    ├─ [515] VqAuctioner::currentWithdrawRound() [staticcall]
    │   └─ ← [Return] 1
    ├─ [799] VqAuctioner::withdrawLockedTotal(1) [staticcall]
    │   └─ ← [Return] 2
    ├─ [897] VqStaking::stakedBalanceOf(0x00000000000000000000000000000000000000A1) [staticcall]
    │   └─ ← [Return] 0
    ├─ [2137] VqStaking::earned(0x00000000000000000000000000000000000000A1) [staticcall]
    │   └─ ← [Return] 0
    ├─ [957] VqStaking::delegates(0x00000000000000000000000000000000000000A1) [staticcall]
    │   └─ ← [Return] 0x0000000000000000000000000000000000000000
    ├─ [957] VqStaking::delegates(0x00000000000000000000000000000000000000b2) [staticcall]
    │   └─ ← [Return] 0x0000000000000000000000000000000000000000
    ├─ [957] VqStaking::delegates(0x00000000000000000000000000000000000000C3) [staticcall]
    │   └─ ← [Return] 0x0000000000000000000000000000000000000000
    ├─ [1057] VqStaking::getVotes(0x00000000000000000000000000000000000000A1) [staticcall]
    │   └─ ← [Return] 0
    ├─ [897] VqStaking::stakedBalanceOf(0x00000000000000000000000000000000000000b2) [staticcall]
    │   └─ ← [Return] 0
    ├─ [2137] VqStaking::earned(0x00000000000000000000000000000000000000b2) [staticcall]
    │   └─ ← [Return] 0
    ├─ [957] VqStaking::delegates(0x00000000000000000000000000000000000000A1) [staticcall]
    │   └─ ← [Return] 0x0000000000000000000000000000000000000000
    ├─ [957] VqStaking::delegates(0x00000000000000000000000000000000000000b2) [staticcall]
    │   └─ ← [Return] 0x0000000000000000000000000000000000000000
    ├─ [957] VqStaking::delegates(0x00000000000000000000000000000000000000C3) [staticcall]
    │   └─ ← [Return] 0x0000000000000000000000000000000000000000
    ├─ [1057] VqStaking::getVotes(0x00000000000000000000000000000000000000b2) [staticcall]
    │   └─ ← [Return] 0
    ├─ [897] VqStaking::stakedBalanceOf(0x00000000000000000000000000000000000000C3) [staticcall]
    │   └─ ← [Return] 0
    ├─ [2137] VqStaking::earned(0x00000000000000000000000000000000000000C3) [staticcall]
    │   └─ ← [Return] 0
    ├─ [957] VqStaking::delegates(0x00000000000000000000000000000000000000A1) [staticcall]
    │   └─ ← [Return] 0x0000000000000000000000000000000000000000
    ├─ [957] VqStaking::delegates(0x00000000000000000000000000000000000000b2) [staticcall]
    │   └─ ← [Return] 0x0000000000000000000000000000000000000000
    ├─ [957] VqStaking::delegates(0x00000000000000000000000000000000000000C3) [staticcall]
    │   └─ ← [Return] 0x0000000000000000000000000000000000000000
    ├─ [1057] VqStaking::getVotes(0x00000000000000000000000000000000000000C3) [staticcall]
    │   └─ ← [Return] 0
    ├─ [455] VqStaking::totalStaked() [staticcall]
    │   └─ ← [Return] 0
    ├─ [962] VqALCX::balanceOf(VqStaking: [0xc7183455a4C133Ae270771860664b6B7ec320bB1]) [staticcall]
    │   └─ ← [Return] 0
    ├─ [850] SystemToken::balanceOf(VqStaking: [0xc7183455a4C133Ae270771860664b6B7ec320bB1]) [staticcall]
    │   └─ ← [Return] 0
    ├─ [850] SystemToken::balanceOf(VqStaking: [0xc7183455a4C133Ae270771860664b6B7ec320bB1]) [staticcall]
    │   └─ ← [Return] 0
    ├─ [471] VqAuctioner::currentDepositRound() [staticcall]
    │   └─ ← [Return] 1
    ├─ [3567] VqAuctioner::getDepositRound(1) [staticcall]
    │   └─ ← [Return] Round({ roundId: 1, isDeposit: true, startTime: 31, endTime: 61, capacity: 3000000000000000000000 [3e21], totalFilled: 0, settled: false, highestBidder: 0x00000000000000000000000000000000000000A1, highestBidAmount: 2, highestBidPrice: 1000000000000000002 [1e18] })
    ├─ [600] VqALCX::paused() [staticcall]
    │   └─ ← [Return] false
    ├─ [266448] VqAuctioner::settleDepositRound(1)
    │   ├─ [57159] VqALCX::drip()
    │   │   └─ ← [Stop]
    │   ├─ [552] VqALCX::depositAuctionCapacity() [staticcall]
    │   │   └─ ← [Return] 3000000000000000000000 [3e21]
    │   ├─ [6645] SystemToken::transfer(VqALCX: [0xF62849F9A0B5Bf2913b396098F7c7019b51A820a], 2)
    │   │   ├─ emit Transfer(from: VqAuctioner: [0x5991A2dF15A8F6A256D3Ec51E99254Cd3fb576A9], to: VqALCX: [0xF62849F9A0B5Bf2913b396098F7c7019b51A820a], value: 2)
    │   │   └─ ← [Return] true
    │   ├─ [13488] VqALCX::mintViaAuction(0x00000000000000000000000000000000000000A1, 2)
    │   │   ├─ emit Transfer(from: 0x0000000000000000000000000000000000000000, to: 0x00000000000000000000000000000000000000A1, value: 2)
    │   │   ├─ emit AuctionFillExecuted(to: 0x00000000000000000000000000000000000000A1, amount: 2)
    │   │   ├─ emit Deposit(sender: VqAuctioner: [0x5991A2dF15A8F6A256D3Ec51E99254Cd3fb576A9], owner: 0x00000000000000000000000000000000000000A1, assets: 2, shares: 2)
    │   │   └─ ← [Stop]
    │   ├─ [25745] SystemToken::transfer(0x0000000000000000000000000000000000000DA0, 1000000000000000000 [1e18])
    │   │   ├─ emit Transfer(from: VqAuctioner: [0x5991A2dF15A8F6A256D3Ec51E99254Cd3fb576A9], to: 0x0000000000000000000000000000000000000DA0, value: 1000000000000000000 [1e18])
    │   │   └─ ← [Return] true
    │   ├─ emit DepositRoundSettled(roundId: 1, winner: 0x00000000000000000000000000000000000000A1, amount: 2, clearingPrice: 1000000000000000002 [1e18])
    │   ├─ [505] VqALCX::depositBucketRate() [staticcall]
    │   │   └─ ← [Return] 100000000000000000000 [1e20]
    │   ├─ emit RoundStarted(roundId: 2, isDeposit: true, capacity: 3000000000000000000000 [3e21])
    │   └─ ← [Stop]
    ├─ [1838] VqALCX::depositBucket() [staticcall]
    │   └─ ← [Return] 1000000000000000000000000 [1e24], 100000000000000000000 [1e20], 4, 4, 0, 61, 2999999999999999999998 [2.999e21]
    ├─ [2188] VqALCX::getDepositRequest(0) [staticcall]
    │   └─ ← [Return] Request({ owner: 0x00000000000000000000000000000000000000A1, amount: 1000000000000000000000 [1e21], filled: 1000000000000000000000 [1e21], claimed: 1000000000000000000000 [1e21], cancelled: false })
    ├─ [2188] VqALCX::getDepositRequest(1) [staticcall]
    │   └─ ← [Return] Request({ owner: 0x00000000000000000000000000000000000000b2, amount: 1000000000000000000000 [1e21], filled: 1000000000000000000000 [1e21], claimed: 1000000000000000000000 [1e21], cancelled: false })
    ├─ [2188] VqALCX::getDepositRequest(2) [staticcall]
    │   └─ ← [Return] Request({ owner: 0x00000000000000000000000000000000000000C3, amount: 1000000000000000000000 [1e21], filled: 1000000000000000000000 [1e21], claimed: 1000000000000000000000 [1e21], cancelled: false })
    ├─ [2188] VqALCX::getDepositRequest(3) [staticcall]
    │   └─ ← [Return] Request({ owner: 0x00000000000000000000000000000000000000A1, amount: 1, filled: 0, claimed: 0, cancelled: true })
    ├─ [850] SystemToken::balanceOf(VqALCX: [0xF62849F9A0B5Bf2913b396098F7c7019b51A820a]) [staticcall]
    │   └─ ← [Return] 3000000000000000000002 [3e21]
    ├─ [545] VqALCX::totalSupply() [staticcall]
    │   └─ ← [Return] 3000000000000000000002 [3e21]
    ├─ [573] VqALCX::depositQueueDepth() [staticcall]
    │   └─ ← [Return] 0
    ├─ [1817] VqALCX::withdrawBucket() [staticcall]
    │   └─ ← [Return] 1000000000000000000000000 [1e24], 100000000000000000000 [1e20], 1, 1, 0, 61, 6000000000000000000000 [6e21]
    ├─ [2166] VqALCX::getWithdrawRequest(0) [staticcall]
    │   └─ ← [Return] Request({ owner: 0x00000000000000000000000000000000000000A1, amount: 2, filled: 0, claimed: 0, cancelled: true })
    ├─ [962] VqALCX::balanceOf(VqALCX: [0xF62849F9A0B5Bf2913b396098F7c7019b51A820a]) [staticcall]
    │   └─ ← [Return] 0
    ├─ [529] VqALCX::withdrawQueueDepth() [staticcall]
    │   └─ ← [Return] 0
    ├─ [471] VqAuctioner::currentDepositRound() [staticcall]
    │   └─ ← [Return] 2
    ├─ [3567] VqAuctioner::getDepositRound(1) [staticcall]
    │   └─ ← [Return] Round({ roundId: 1, isDeposit: true, startTime: 31, endTime: 61, capacity: 3000000000000000000000 [3e21], totalFilled: 2, settled: true, highestBidder: 0x00000000000000000000000000000000000000A1, highestBidAmount: 2, highestBidPrice: 1000000000000000002 [1e18] })
    ├─ [471] VqAuctioner::currentDepositRound() [staticcall]
    │   └─ ← [Return] 2
    ├─ [3567] VqAuctioner::getDepositRound(2) [staticcall]
    │   └─ ← [Return] Round({ roundId: 2, isDeposit: true, startTime: 61, endTime: 91, capacity: 3000000000000000000000 [3e21], totalFilled: 0, settled: false, highestBidder: 0x0000000000000000000000000000000000000000, highestBidAmount: 0, highestBidPrice: 0 })
    ├─ [471] VqAuctioner::currentDepositRound() [staticcall]
    │   └─ ← [Return] 2
    ├─ [515] VqAuctioner::currentWithdrawRound() [staticcall]
    │   └─ ← [Return] 1
    ├─ [3499] VqAuctioner::getWithdrawRound(1) [staticcall]
    │   └─ ← [Return] Round({ roundId: 1, isDeposit: false, startTime: 31, endTime: 61, capacity: 3000000000000000000000 [3e21], totalFilled: 0, settled: false, highestBidder: 0x00000000000000000000000000000000000000A1, highestBidAmount: 2, highestBidPrice: 1 })
    ├─ [515] VqAuctioner::currentWithdrawRound() [staticcall]
    │   └─ ← [Return] 1
    ├─ [1838] VqALCX::depositBucket() [staticcall]
    │   └─ ← [Return] 1000000000000000000000000 [1e24], 100000000000000000000 [1e20], 4, 4, 0, 61, 2999999999999999999998 [2.999e21]
    ├─ [1817] VqALCX::withdrawBucket() [staticcall]
    │   └─ ← [Return] 1000000000000000000000000 [1e24], 100000000000000000000 [1e20], 1, 1, 0, 61, 6000000000000000000000 [6e21]
    ├─ [505] VqALCX::depositBucketRate() [staticcall]
    │   └─ ← [Return] 100000000000000000000 [1e20]
    ├─ [528] VqALCX::withdrawBucketRate() [staticcall]
    │   └─ ← [Return] 100000000000000000000 [1e20]
    ├─ [850] SystemToken::balanceOf(VqAuctioner: [0x5991A2dF15A8F6A256D3Ec51E99254Cd3fb576A9]) [staticcall]
    │   └─ ← [Return] 0
    ├─ [471] VqAuctioner::currentDepositRound() [staticcall]
    │   └─ ← [Return] 2
    ├─ [2777] VqAuctioner::depositLockedTotal(2) [staticcall]
    │   └─ ← [Return] 0
    ├─ [962] VqALCX::balanceOf(VqAuctioner: [0x5991A2dF15A8F6A256D3Ec51E99254Cd3fb576A9]) [staticcall]
    │   └─ ← [Return] 2
    ├─ [515] VqAuctioner::currentWithdrawRound() [staticcall]
    │   └─ ← [Return] 1
    ├─ [799] VqAuctioner::withdrawLockedTotal(1) [staticcall]
    │   └─ ← [Return] 2
    ├─ [897] VqStaking::stakedBalanceOf(0x00000000000000000000000000000000000000A1) [staticcall]
    │   └─ ← [Return] 0
    ├─ [2137] VqStaking::earned(0x00000000000000000000000000000000000000A1) [staticcall]
    │   └─ ← [Return] 0
    ├─ [957] VqStaking::delegates(0x00000000000000000000000000000000000000A1) [staticcall]
    │   └─ ← [Return] 0x0000000000000000000000000000000000000000
    ├─ [957] VqStaking::delegates(0x00000000000000000000000000000000000000b2) [staticcall]
    │   └─ ← [Return] 0x0000000000000000000000000000000000000000
    ├─ [957] VqStaking::delegates(0x00000000000000000000000000000000000000C3) [staticcall]
    │   └─ ← [Return] 0x0000000000000000000000000000000000000000
    ├─ [1057] VqStaking::getVotes(0x00000000000000000000000000000000000000A1) [staticcall]
    │   └─ ← [Return] 0
    ├─ [897] VqStaking::stakedBalanceOf(0x00000000000000000000000000000000000000b2) [staticcall]
    │   └─ ← [Return] 0
    ├─ [2137] VqStaking::earned(0x00000000000000000000000000000000000000b2) [staticcall]
    │   └─ ← [Return] 0
    ├─ [957] VqStaking::delegates(0x00000000000000000000000000000000000000A1) [staticcall]
    │   └─ ← [Return] 0x0000000000000000000000000000000000000000
    ├─ [957] VqStaking::delegates(0x00000000000000000000000000000000000000b2) [staticcall]
    │   └─ ← [Return] 0x0000000000000000000000000000000000000000
    ├─ [957] VqStaking::delegates(0x00000000000000000000000000000000000000C3) [staticcall]
    │   └─ ← [Return] 0x0000000000000000000000000000000000000000
    ├─ [1057] VqStaking::getVotes(0x00000000000000000000000000000000000000b2) [staticcall]
    │   └─ ← [Return] 0
    ├─ [897] VqStaking::stakedBalanceOf(0x00000000000000000000000000000000000000C3) [staticcall]
    │   └─ ← [Return] 0
    ├─ [2137] VqStaking::earned(0x00000000000000000000000000000000000000C3) [staticcall]
    │   └─ ← [Return] 0
    ├─ [957] VqStaking::delegates(0x00000000000000000000000000000000000000A1) [staticcall]
    │   └─ ← [Return] 0x0000000000000000000000000000000000000000
    ├─ [957] VqStaking::delegates(0x00000000000000000000000000000000000000b2) [staticcall]
    │   └─ ← [Return] 0x0000000000000000000000000000000000000000
    ├─ [957] VqStaking::delegates(0x00000000000000000000000000000000000000C3) [staticcall]
    │   └─ ← [Return] 0x0000000000000000000000000000000000000000
    ├─ [1057] VqStaking::getVotes(0x00000000000000000000000000000000000000C3) [staticcall]
    │   └─ ← [Return] 0
    ├─ [455] VqStaking::totalStaked() [staticcall]
    │   └─ ← [Return] 0
    ├─ [962] VqALCX::balanceOf(VqStaking: [0xc7183455a4C133Ae270771860664b6B7ec320bB1]) [staticcall]
    │   └─ ← [Return] 0
    ├─ [850] SystemToken::balanceOf(VqStaking: [0xc7183455a4C133Ae270771860664b6B7ec320bB1]) [staticcall]
    │   └─ ← [Return] 0
    ├─ [850] SystemToken::balanceOf(VqStaking: [0xc7183455a4C133Ae270771860664b6B7ec320bB1]) [staticcall]
    │   └─ ← [Return] 0
    ├─ [515] VqAuctioner::currentWithdrawRound() [staticcall]
    │   └─ ← [Return] 1
    ├─ [3499] VqAuctioner::getWithdrawRound(1) [staticcall]
    │   └─ ← [Return] Round({ roundId: 1, isDeposit: false, startTime: 31, endTime: 61, capacity: 3000000000000000000000 [3e21], totalFilled: 0, settled: false, highestBidder: 0x00000000000000000000000000000000000000A1, highestBidAmount: 2, highestBidPrice: 1 })
    ├─ [153048] VqAuctioner::settleWithdrawRound(1)
    │   ├─ [999] VqALCX::drip()
    │   │   └─ ← [Stop]
    │   ├─ [506] VqALCX::withdrawAuctionCapacity() [staticcall]
    │   │   └─ ← [Return] 6000000000000000000000 [6e21]
    │   ├─ [13559] VqALCX::burnViaAuction(0x00000000000000000000000000000000000000A1, 2, 1)
    │   │   ├─ emit Transfer(from: VqAuctioner: [0x5991A2dF15A8F6A256D3Ec51E99254Cd3fb576A9], to: 0x0000000000000000000000000000000000000000, value: 2)
    │   │   ├─ [3845] SystemToken::transfer(0x00000000000000000000000000000000000000A1, 1)
    │   │   │   ├─ emit Transfer(from: VqALCX: [0xF62849F9A0B5Bf2913b396098F7c7019b51A820a], to: 0x00000000000000000000000000000000000000A1, value: 1)
    │   │   │   └─ ← [Return] true
    │   │   ├─ emit AuctionBurnExecuted(from: 0x00000000000000000000000000000000000000A1, amount: 2)
    │   │   ├─ emit Withdraw(sender: VqAuctioner: [0x5991A2dF15A8F6A256D3Ec51E99254Cd3fb576A9], receiver: 0x00000000000000000000000000000000000000A1, owner: VqAuctioner: [0x5991A2dF15A8F6A256D3Ec51E99254Cd3fb576A9], assets: 2, shares: 1)
    │   │   └─ ← [Stop]
    │   ├─ emit WithdrawRoundSettled(roundId: 1, winner: 0x00000000000000000000000000000000000000A1, amount: 2, clearingPrice: 1)
    │   ├─ [528] VqALCX::withdrawBucketRate() [staticcall]
    │   │   └─ ← [Return] 100000000000000000000 [1e20]
    │   ├─ emit RoundStarted(roundId: 2, isDeposit: false, capacity: 3000000000000000000000 [3e21])
    │   └─ ← [Stop]
    ├─ [3499] VqAuctioner::getWithdrawRound(1) [staticcall]
    │   └─ ← [Return] Round({ roundId: 1, isDeposit: false, startTime: 31, endTime: 61, capacity: 3000000000000000000000 [3e21], totalFilled: 2, settled: true, highestBidder: 0x00000000000000000000000000000000000000A1, highestBidAmount: 2, highestBidPrice: 1 })
    ├─ [1838] VqALCX::depositBucket() [staticcall]
    │   └─ ← [Return] 1000000000000000000000000 [1e24], 100000000000000000000 [1e20], 4, 4, 0, 61, 2999999999999999999998 [2.999e21]
    ├─ [2188] VqALCX::getDepositRequest(0) [staticcall]
    │   └─ ← [Return] Request({ owner: 0x00000000000000000000000000000000000000A1, amount: 1000000000000000000000 [1e21], filled: 1000000000000000000000 [1e21], claimed: 1000000000000000000000 [1e21], cancelled: false })
    ├─ [2188] VqALCX::getDepositRequest(1) [staticcall]
    │   └─ ← [Return] Request({ owner: 0x00000000000000000000000000000000000000b2, amount: 1000000000000000000000 [1e21], filled: 1000000000000000000000 [1e21], claimed: 1000000000000000000000 [1e21], cancelled: false })
    ├─ [2188] VqALCX::getDepositRequest(2) [staticcall]
    │   └─ ← [Return] Request({ owner: 0x00000000000000000000000000000000000000C3, amount: 1000000000000000000000 [1e21], filled: 1000000000000000000000 [1e21], claimed: 1000000000000000000000 [1e21], cancelled: false })
    ├─ [2188] VqALCX::getDepositRequest(3) [staticcall]
    │   └─ ← [Return] Request({ owner: 0x00000000000000000000000000000000000000A1, amount: 1, filled: 0, claimed: 0, cancelled: true })
    ├─ [850] SystemToken::balanceOf(VqALCX: [0xF62849F9A0B5Bf2913b396098F7c7019b51A820a]) [staticcall]
    │   └─ ← [Return] 3000000000000000000001 [3e21]
    ├─ [545] VqALCX::totalSupply() [staticcall]
    │   └─ ← [Return] 3000000000000000000000 [3e21]
    ├─ [573] VqALCX::depositQueueDepth() [staticcall]
    │   └─ ← [Return] 0
    ├─ [1817] VqALCX::withdrawBucket() [staticcall]
    │   └─ ← [Return] 1000000000000000000000000 [1e24], 100000000000000000000 [1e20], 1, 1, 0, 61, 5999999999999999999998 [5.999e21]
    ├─ [2166] VqALCX::getWithdrawRequest(0) [staticcall]
    │   └─ ← [Return] Request({ owner: 0x00000000000000000000000000000000000000A1, amount: 2, filled: 0, claimed: 0, cancelled: true })
    ├─ [962] VqALCX::balanceOf(VqALCX: [0xF62849F9A0B5Bf2913b396098F7c7019b51A820a]) [staticcall]
    │   └─ ← [Return] 0
    ├─ [529] VqALCX::withdrawQueueDepth() [staticcall]
    │   └─ ← [Return] 0
    ├─ [471] VqAuctioner::currentDepositRound() [staticcall]
    │   └─ ← [Return] 2
    ├─ [3567] VqAuctioner::getDepositRound(1) [staticcall]
    │   └─ ← [Return] Round({ roundId: 1, isDeposit: true, startTime: 31, endTime: 61, capacity: 3000000000000000000000 [3e21], totalFilled: 2, settled: true, highestBidder: 0x00000000000000000000000000000000000000A1, highestBidAmount: 2, highestBidPrice: 1000000000000000002 [1e18] })
    ├─ [471] VqAuctioner::currentDepositRound() [staticcall]
    │   └─ ← [Return] 2
    ├─ [3567] VqAuctioner::getDepositRound(2) [staticcall]
    │   └─ ← [Return] Round({ roundId: 2, isDeposit: true, startTime: 61, endTime: 91, capacity: 3000000000000000000000 [3e21], totalFilled: 0, settled: false, highestBidder: 0x0000000000000000000000000000000000000000, highestBidAmount: 0, highestBidPrice: 0 })
    ├─ [471] VqAuctioner::currentDepositRound() [staticcall]
    │   └─ ← [Return] 2
    ├─ [515] VqAuctioner::currentWithdrawRound() [staticcall]
    │   └─ ← [Return] 2
    ├─ [3499] VqAuctioner::getWithdrawRound(1) [staticcall]
    │   └─ ← [Return] Round({ roundId: 1, isDeposit: false, startTime: 31, endTime: 61, capacity: 3000000000000000000000 [3e21], totalFilled: 2, settled: true, highestBidder: 0x00000000000000000000000000000000000000A1, highestBidAmount: 2, highestBidPrice: 1 })
    ├─ [515] VqAuctioner::currentWithdrawRound() [staticcall]
    │   └─ ← [Return] 2
    ├─ [3499] VqAuctioner::getWithdrawRound(2) [staticcall]
    │   └─ ← [Return] Round({ roundId: 2, isDeposit: false, startTime: 61, endTime: 91, capacity: 3000000000000000000000 [3e21], totalFilled: 0, settled: false, highestBidder: 0x0000000000000000000000000000000000000000, highestBidAmount: 0, highestBidPrice: 0 })
    ├─ [515] VqAuctioner::currentWithdrawRound() [staticcall]
    │   └─ ← [Return] 2
    ├─ [1838] VqALCX::depositBucket() [staticcall]
    │   └─ ← [Return] 1000000000000000000000000 [1e24], 100000000000000000000 [1e20], 4, 4, 0, 61, 2999999999999999999998 [2.999e21]
    ├─ [1817] VqALCX::withdrawBucket() [staticcall]
    │   └─ ← [Return] 1000000000000000000000000 [1e24], 100000000000000000000 [1e20], 1, 1, 0, 61, 5999999999999999999998 [5.999e21]
    ├─ [505] VqALCX::depositBucketRate() [staticcall]
    │   └─ ← [Return] 100000000000000000000 [1e20]
    ├─ [528] VqALCX::withdrawBucketRate() [staticcall]
    │   └─ ← [Return] 100000000000000000000 [1e20]
    ├─ [850] SystemToken::balanceOf(VqAuctioner: [0x5991A2dF15A8F6A256D3Ec51E99254Cd3fb576A9]) [staticcall]
    │   └─ ← [Return] 0
    ├─ [471] VqAuctioner::currentDepositRound() [staticcall]
    │   └─ ← [Return] 2
    ├─ [777] VqAuctioner::depositLockedTotal(2) [staticcall]
    │   └─ ← [Return] 0
    ├─ [962] VqALCX::balanceOf(VqAuctioner: [0x5991A2dF15A8F6A256D3Ec51E99254Cd3fb576A9]) [staticcall]
    │   └─ ← [Return] 0
    ├─ [515] VqAuctioner::currentWithdrawRound() [staticcall]
    │   └─ ← [Return] 2
    ├─ [2799] VqAuctioner::withdrawLockedTotal(2) [staticcall]
    │   └─ ← [Return] 0
    ├─ [897] VqStaking::stakedBalanceOf(0x00000000000000000000000000000000000000A1) [staticcall]
    │   └─ ← [Return] 0
    ├─ [2137] VqStaking::earned(0x00000000000000000000000000000000000000A1) [staticcall]
    │   └─ ← [Return] 0
    ├─ [957] VqStaking::delegates(0x00000000000000000000000000000000000000A1) [staticcall]
    │   └─ ← [Return] 0x0000000000000000000000000000000000000000
    ├─ [957] VqStaking::delegates(0x00000000000000000000000000000000000000b2) [staticcall]
    │   └─ ← [Return] 0x0000000000000000000000000000000000000000
    ├─ [957] VqStaking::delegates(0x00000000000000000000000000000000000000C3) [staticcall]
    │   └─ ← [Return] 0x0000000000000000000000000000000000000000
    ├─ [1057] VqStaking::getVotes(0x00000000000000000000000000000000000000A1) [staticcall]
    │   └─ ← [Return] 0
    ├─ [897] VqStaking::stakedBalanceOf(0x00000000000000000000000000000000000000b2) [staticcall]
    │   └─ ← [Return] 0
    ├─ [2137] VqStaking::earned(0x00000000000000000000000000000000000000b2) [staticcall]
    │   └─ ← [Return] 0
    ├─ [957] VqStaking::delegates(0x00000000000000000000000000000000000000A1) [staticcall]
    │   └─ ← [Return] 0x0000000000000000000000000000000000000000
    ├─ [957] VqStaking::delegates(0x00000000000000000000000000000000000000b2) [staticcall]
    │   └─ ← [Return] 0x0000000000000000000000000000000000000000
    ├─ [957] VqStaking::delegates(0x00000000000000000000000000000000000000C3) [staticcall]
    │   └─ ← [Return] 0x0000000000000000000000000000000000000000
    ├─ [1057] VqStaking::getVotes(0x00000000000000000000000000000000000000b2) [staticcall]
    │   └─ ← [Return] 0
    ├─ [897] VqStaking::stakedBalanceOf(0x00000000000000000000000000000000000000C3) [staticcall]
    │   └─ ← [Return] 0
    ├─ [2137] VqStaking::earned(0x00000000000000000000000000000000000000C3) [staticcall]
    │   └─ ← [Return] 0
    ├─ [957] VqStaking::delegates(0x00000000000000000000000000000000000000A1) [staticcall]
    │   └─ ← [Return] 0x0000000000000000000000000000000000000000
    ├─ [957] VqStaking::delegates(0x00000000000000000000000000000000000000b2) [staticcall]
    │   └─ ← [Return] 0x0000000000000000000000000000000000000000
    ├─ [957] VqStaking::delegates(0x00000000000000000000000000000000000000C3) [staticcall]
    │   └─ ← [Return] 0x0000000000000000000000000000000000000000
    ├─ [1057] VqStaking::getVotes(0x00000000000000000000000000000000000000C3) [staticcall]
    │   └─ ← [Return] 0
    ├─ [455] VqStaking::totalStaked() [staticcall]
    │   └─ ← [Return] 0
    ├─ [962] VqALCX::balanceOf(VqStaking: [0xc7183455a4C133Ae270771860664b6B7ec320bB1]) [staticcall]
    │   └─ ← [Return] 0
    ├─ [850] SystemToken::balanceOf(VqStaking: [0xc7183455a4C133Ae270771860664b6B7ec320bB1]) [staticcall]
    │   └─ ← [Return] 0
    ├─ [850] SystemToken::balanceOf(VqStaking: [0xc7183455a4C133Ae270771860664b6B7ec320bB1]) [staticcall]
    │   └─ ← [Return] 0
    ├─ [0] VM::prank(0x00000000000000000000000000000000000000A1)
    │   └─ ← [Return]
    ├─ [68660] VqStaking::delegate(0x00000000000000000000000000000000000000A1)
    │   ├─ emit DelegateChanged(delegator: 0x00000000000000000000000000000000000000A1, fromDelegate: 0x0000000000000000000000000000000000000000, toDelegate: 0x00000000000000000000000000000000000000A1)
    │   └─ ← [Stop]
    ├─ [1838] VqALCX::depositBucket() [staticcall]
    │   └─ ← [Return] 1000000000000000000000000 [1e24], 100000000000000000000 [1e20], 4, 4, 0, 61, 2999999999999999999998 [2.999e21]
    ├─ [2188] VqALCX::getDepositRequest(0) [staticcall]
    │   └─ ← [Return] Request({ owner: 0x00000000000000000000000000000000000000A1, amount: 1000000000000000000000 [1e21], filled: 1000000000000000000000 [1e21], claimed: 1000000000000000000000 [1e21], cancelled: false })
    ├─ [2188] VqALCX::getDepositRequest(1) [staticcall]
    │   └─ ← [Return] Request({ owner: 0x00000000000000000000000000000000000000b2, amount: 1000000000000000000000 [1e21], filled: 1000000000000000000000 [1e21], claimed: 1000000000000000000000 [1e21], cancelled: false })
    ├─ [2188] VqALCX::getDepositRequest(2) [staticcall]
    │   └─ ← [Return] Request({ owner: 0x00000000000000000000000000000000000000C3, amount: 1000000000000000000000 [1e21], filled: 1000000000000000000000 [1e21], claimed: 1000000000000000000000 [1e21], cancelled: false })
    ├─ [2188] VqALCX::getDepositRequest(3) [staticcall]
    │   └─ ← [Return] Request({ owner: 0x00000000000000000000000000000000000000A1, amount: 1, filled: 0, claimed: 0, cancelled: true })
    ├─ [850] SystemToken::balanceOf(VqALCX: [0xF62849F9A0B5Bf2913b396098F7c7019b51A820a]) [staticcall]
    │   └─ ← [Return] 3000000000000000000001 [3e21]
    ├─ [545] VqALCX::totalSupply() [staticcall]
    │   └─ ← [Return] 3000000000000000000000 [3e21]
    ├─ [573] VqALCX::depositQueueDepth() [staticcall]
    │   └─ ← [Return] 0
    ├─ [1817] VqALCX::withdrawBucket() [staticcall]
    │   └─ ← [Return] 1000000000000000000000000 [1e24], 100000000000000000000 [1e20], 1, 1, 0, 61, 5999999999999999999998 [5.999e21]
    ├─ [2166] VqALCX::getWithdrawRequest(0) [staticcall]
    │   └─ ← [Return] Request({ owner: 0x00000000000000000000000000000000000000A1, amount: 2, filled: 0, claimed: 0, cancelled: true })
    ├─ [962] VqALCX::balanceOf(VqALCX: [0xF62849F9A0B5Bf2913b396098F7c7019b51A820a]) [staticcall]
    │   └─ ← [Return] 0
    ├─ [529] VqALCX::withdrawQueueDepth() [staticcall]
    │   └─ ← [Return] 0
    ├─ [471] VqAuctioner::currentDepositRound() [staticcall]
    │   └─ ← [Return] 2
    ├─ [3567] VqAuctioner::getDepositRound(1) [staticcall]
    │   └─ ← [Return] Round({ roundId: 1, isDeposit: true, startTime: 31, endTime: 61, capacity: 3000000000000000000000 [3e21], totalFilled: 2, settled: true, highestBidder: 0x00000000000000000000000000000000000000A1, highestBidAmount: 2, highestBidPrice: 1000000000000000002 [1e18] })
    ├─ [471] VqAuctioner::currentDepositRound() [staticcall]
    │   └─ ← [Return] 2
    ├─ [3567] VqAuctioner::getDepositRound(2) [staticcall]
    │   └─ ← [Return] Round({ roundId: 2, isDeposit: true, startTime: 61, endTime: 91, capacity: 3000000000000000000000 [3e21], totalFilled: 0, settled: false, highestBidder: 0x0000000000000000000000000000000000000000, highestBidAmount: 0, highestBidPrice: 0 })
    ├─ [471] VqAuctioner::currentDepositRound() [staticcall]
    │   └─ ← [Return] 2
    ├─ [515] VqAuctioner::currentWithdrawRound() [staticcall]
    │   └─ ← [Return] 2
    ├─ [3499] VqAuctioner::getWithdrawRound(1) [staticcall]
    │   └─ ← [Return] Round({ roundId: 1, isDeposit: false, startTime: 31, endTime: 61, capacity: 3000000000000000000000 [3e21], totalFilled: 2, settled: true, highestBidder: 0x00000000000000000000000000000000000000A1, highestBidAmount: 2, highestBidPrice: 1 })
    ├─ [515] VqAuctioner::currentWithdrawRound() [staticcall]
    │   └─ ← [Return] 2
    ├─ [3499] VqAuctioner::getWithdrawRound(2) [staticcall]
    │   └─ ← [Return] Round({ roundId: 2, isDeposit: false, startTime: 61, endTime: 91, capacity: 3000000000000000000000 [3e21], totalFilled: 0, settled: false, highestBidder: 0x0000000000000000000000000000000000000000, highestBidAmount: 0, highestBidPrice: 0 })
    ├─ [515] VqAuctioner::currentWithdrawRound() [staticcall]
    │   └─ ← [Return] 2
    ├─ [1838] VqALCX::depositBucket() [staticcall]
    │   └─ ← [Return] 1000000000000000000000000 [1e24], 100000000000000000000 [1e20], 4, 4, 0, 61, 2999999999999999999998 [2.999e21]
    ├─ [1817] VqALCX::withdrawBucket() [staticcall]
    │   └─ ← [Return] 1000000000000000000000000 [1e24], 100000000000000000000 [1e20], 1, 1, 0, 61, 5999999999999999999998 [5.999e21]
    ├─ [505] VqALCX::depositBucketRate() [staticcall]
    │   └─ ← [Return] 100000000000000000000 [1e20]
    ├─ [528] VqALCX::withdrawBucketRate() [staticcall]
    │   └─ ← [Return] 100000000000000000000 [1e20]
    ├─ [850] SystemToken::balanceOf(VqAuctioner: [0x5991A2dF15A8F6A256D3Ec51E99254Cd3fb576A9]) [staticcall]
    │   └─ ← [Return] 0
    ├─ [471] VqAuctioner::currentDepositRound() [staticcall]
    │   └─ ← [Return] 2
    ├─ [777] VqAuctioner::depositLockedTotal(2) [staticcall]
    │   └─ ← [Return] 0
    ├─ [962] VqALCX::balanceOf(VqAuctioner: [0x5991A2dF15A8F6A256D3Ec51E99254Cd3fb576A9]) [staticcall]
    │   └─ ← [Return] 0
    ├─ [515] VqAuctioner::currentWithdrawRound() [staticcall]
    │   └─ ← [Return] 2
    ├─ [799] VqAuctioner::withdrawLockedTotal(2) [staticcall]
    │   └─ ← [Return] 0
    ├─ [897] VqStaking::stakedBalanceOf(0x00000000000000000000000000000000000000A1) [staticcall]
    │   └─ ← [Return] 0
    ├─ [2137] VqStaking::earned(0x00000000000000000000000000000000000000A1) [staticcall]
    │   └─ ← [Return] 0
    ├─ [957] VqStaking::delegates(0x00000000000000000000000000000000000000A1) [staticcall]
    │   └─ ← [Return] 0x00000000000000000000000000000000000000A1
    ├─ [897] VqStaking::stakedBalanceOf(0x00000000000000000000000000000000000000A1) [staticcall]
    │   └─ ← [Return] 0
    ├─ [957] VqStaking::delegates(0x00000000000000000000000000000000000000b2) [staticcall]
    │   └─ ← [Return] 0x0000000000000000000000000000000000000000
    ├─ [957] VqStaking::delegates(0x00000000000000000000000000000000000000C3) [staticcall]
    │   └─ ← [Return] 0x0000000000000000000000000000000000000000
    ├─ [1057] VqStaking::getVotes(0x00000000000000000000000000000000000000A1) [staticcall]
    │   └─ ← [Return] 0
    ├─ [897] VqStaking::stakedBalanceOf(0x00000000000000000000000000000000000000b2) [staticcall]
    │   └─ ← [Return] 0
    ├─ [2137] VqStaking::earned(0x00000000000000000000000000000000000000b2) [staticcall]
    │   └─ ← [Return] 0
    ├─ [957] VqStaking::delegates(0x00000000000000000000000000000000000000A1) [staticcall]
    │   └─ ← [Return] 0x00000000000000000000000000000000000000A1
    ├─ [957] VqStaking::delegates(0x00000000000000000000000000000000000000b2) [staticcall]
    │   └─ ← [Return] 0x0000000000000000000000000000000000000000
    ├─ [957] VqStaking::delegates(0x00000000000000000000000000000000000000C3) [staticcall]
    │   └─ ← [Return] 0x0000000000000000000000000000000000000000
    ├─ [1057] VqStaking::getVotes(0x00000000000000000000000000000000000000b2) [staticcall]
    │   └─ ← [Return] 0
    ├─ [897] VqStaking::stakedBalanceOf(0x00000000000000000000000000000000000000C3) [staticcall]
    │   └─ ← [Return] 0
    ├─ [2137] VqStaking::earned(0x00000000000000000000000000000000000000C3) [staticcall]
    │   └─ ← [Return] 0
    ├─ [957] VqStaking::delegates(0x00000000000000000000000000000000000000A1) [staticcall]
    │   └─ ← [Return] 0x00000000000000000000000000000000000000A1
    ├─ [957] VqStaking::delegates(0x00000000000000000000000000000000000000b2) [staticcall]
    │   └─ ← [Return] 0x0000000000000000000000000000000000000000
    ├─ [957] VqStaking::delegates(0x00000000000000000000000000000000000000C3) [staticcall]
    │   └─ ← [Return] 0x0000000000000000000000000000000000000000
    ├─ [1057] VqStaking::getVotes(0x00000000000000000000000000000000000000C3) [staticcall]
    │   └─ ← [Return] 0
    ├─ [455] VqStaking::totalStaked() [staticcall]
    │   └─ ← [Return] 0
    ├─ [962] VqALCX::balanceOf(VqStaking: [0xc7183455a4C133Ae270771860664b6B7ec320bB1]) [staticcall]
    │   └─ ← [Return] 0
    ├─ [850] SystemToken::balanceOf(VqStaking: [0xc7183455a4C133Ae270771860664b6B7ec320bB1]) [staticcall]
    │   └─ ← [Return] 0
    ├─ [850] SystemToken::balanceOf(VqStaking: [0xc7183455a4C133Ae270771860664b6B7ec320bB1]) [staticcall]
    │   └─ ← [Return] 0
    ├─ [962] VqALCX::balanceOf(0x00000000000000000000000000000000000000A1) [staticcall]
    │   └─ ← [Return] 1000000000000000000000 [1e21]
    ├─ [0] VM::prank(0x00000000000000000000000000000000000000A1)
    │   └─ ← [Return]
    ├─ [11491] VqALCX::transfer(0x00000000000000000000000000000000000000b2, 2)
    │   ├─ emit Transfer(from: 0x00000000000000000000000000000000000000A1, to: 0x00000000000000000000000000000000000000b2, value: 2)
    │   └─ ← [Return] true
    ├─ [1838] VqALCX::depositBucket() [staticcall]
    │   └─ ← [Return] 1000000000000000000000000 [1e24], 100000000000000000000 [1e20], 4, 4, 0, 61, 2999999999999999999998 [2.999e21]
    ├─ [2188] VqALCX::getDepositRequest(0) [staticcall]
    │   └─ ← [Return] Request({ owner: 0x00000000000000000000000000000000000000A1, amount: 1000000000000000000000 [1e21], filled: 1000000000000000000000 [1e21], claimed: 1000000000000000000000 [1e21], cancelled: false })
    ├─ [2188] VqALCX::getDepositRequest(1) [staticcall]
    │   └─ ← [Return] Request({ owner: 0x00000000000000000000000000000000000000b2, amount: 1000000000000000000000 [1e21], filled: 1000000000000000000000 [1e21], claimed: 1000000000000000000000 [1e21], cancelled: false })
    ├─ [2188] VqALCX::getDepositRequest(2) [staticcall]
    │   └─ ← [Return] Request({ owner: 0x00000000000000000000000000000000000000C3, amount: 1000000000000000000000 [1e21], filled: 1000000000000000000000 [1e21], claimed: 1000000000000000000000 [1e21], cancelled: false })
    ├─ [2188] VqALCX::getDepositRequest(3) [staticcall]
    │   └─ ← [Return] Request({ owner: 0x00000000000000000000000000000000000000A1, amount: 1, filled: 0, claimed: 0, cancelled: true })
    ├─ [850] SystemToken::balanceOf(VqALCX: [0xF62849F9A0B5Bf2913b396098F7c7019b51A820a]) [staticcall]
    │   └─ ← [Return] 3000000000000000000001 [3e21]
    ├─ [545] VqALCX::totalSupply() [staticcall]
    │   └─ ← [Return] 3000000000000000000000 [3e21]
    ├─ [573] VqALCX::depositQueueDepth() [staticcall]
    │   └─ ← [Return] 0
    ├─ [1817] VqALCX::withdrawBucket() [staticcall]
    │   └─ ← [Return] 1000000000000000000000000 [1e24], 100000000000000000000 [1e20], 1, 1, 0, 61, 5999999999999999999998 [5.999e21]
    ├─ [2166] VqALCX::getWithdrawRequest(0) [staticcall]
    │   └─ ← [Return] Request({ owner: 0x00000000000000000000000000000000000000A1, amount: 2, filled: 0, claimed: 0, cancelled: true })
    ├─ [962] VqALCX::balanceOf(VqALCX: [0xF62849F9A0B5Bf2913b396098F7c7019b51A820a]) [staticcall]
    │   └─ ← [Return] 0
    ├─ [529] VqALCX::withdrawQueueDepth() [staticcall]
    │   └─ ← [Return] 0
    ├─ [471] VqAuctioner::currentDepositRound() [staticcall]
    │   └─ ← [Return] 2
    ├─ [3567] VqAuctioner::getDepositRound(1) [staticcall]
    │   └─ ← [Return] Round({ roundId: 1, isDeposit: true, startTime: 31, endTime: 61, capacity: 3000000000000000000000 [3e21], totalFilled: 2, settled: true, highestBidder: 0x00000000000000000000000000000000000000A1, highestBidAmount: 2, highestBidPrice: 1000000000000000002 [1e18] })
    ├─ [471] VqAuctioner::currentDepositRound() [staticcall]
    │   └─ ← [Return] 2
    ├─ [3567] VqAuctioner::getDepositRound(2) [staticcall]
    │   └─ ← [Return] Round({ roundId: 2, isDeposit: true, startTime: 61, endTime: 91, capacity: 3000000000000000000000 [3e21], totalFilled: 0, settled: false, highestBidder: 0x0000000000000000000000000000000000000000, highestBidAmount: 0, highestBidPrice: 0 })
    ├─ [471] VqAuctioner::currentDepositRound() [staticcall]
    │   └─ ← [Return] 2
    ├─ [515] VqAuctioner::currentWithdrawRound() [staticcall]
    │   └─ ← [Return] 2
    ├─ [3499] VqAuctioner::getWithdrawRound(1) [staticcall]
    │   └─ ← [Return] Round({ roundId: 1, isDeposit: false, startTime: 31, endTime: 61, capacity: 3000000000000000000000 [3e21], totalFilled: 2, settled: true, highestBidder: 0x00000000000000000000000000000000000000A1, highestBidAmount: 2, highestBidPrice: 1 })
    ├─ [515] VqAuctioner::currentWithdrawRound() [staticcall]
    │   └─ ← [Return] 2
    ├─ [3499] VqAuctioner::getWithdrawRound(2) [staticcall]
    │   └─ ← [Return] Round({ roundId: 2, isDeposit: false, startTime: 61, endTime: 91, capacity: 3000000000000000000000 [3e21], totalFilled: 0, settled: false, highestBidder: 0x0000000000000000000000000000000000000000, highestBidAmount: 0, highestBidPrice: 0 })
    ├─ [515] VqAuctioner::currentWithdrawRound() [staticcall]
    │   └─ ← [Return] 2
    ├─ [1838] VqALCX::depositBucket() [staticcall]
    │   └─ ← [Return] 1000000000000000000000000 [1e24], 100000000000000000000 [1e20], 4, 4, 0, 61, 2999999999999999999998 [2.999e21]
    ├─ [1817] VqALCX::withdrawBucket() [staticcall]
    │   └─ ← [Return] 1000000000000000000000000 [1e24], 100000000000000000000 [1e20], 1, 1, 0, 61, 5999999999999999999998 [5.999e21]
    ├─ [505] VqALCX::depositBucketRate() [staticcall]
    │   └─ ← [Return] 100000000000000000000 [1e20]
    ├─ [528] VqALCX::withdrawBucketRate() [staticcall]
    │   └─ ← [Return] 100000000000000000000 [1e20]
    ├─ [850] SystemToken::balanceOf(VqAuctioner: [0x5991A2dF15A8F6A256D3Ec51E99254Cd3fb576A9]) [staticcall]
    │   └─ ← [Return] 0
    ├─ [471] VqAuctioner::currentDepositRound() [staticcall]
    │   └─ ← [Return] 2
    ├─ [777] VqAuctioner::depositLockedTotal(2) [staticcall]
    │   └─ ← [Return] 0
    ├─ [962] VqALCX::balanceOf(VqAuctioner: [0x5991A2dF15A8F6A256D3Ec51E99254Cd3fb576A9]) [staticcall]
    │   └─ ← [Return] 0
    ├─ [515] VqAuctioner::currentWithdrawRound() [staticcall]
    │   └─ ← [Return] 2
    ├─ [799] VqAuctioner::withdrawLockedTotal(2) [staticcall]
    │   └─ ← [Return] 0
    ├─ [897] VqStaking::stakedBalanceOf(0x00000000000000000000000000000000000000A1) [staticcall]
    │   └─ ← [Return] 0
    ├─ [2137] VqStaking::earned(0x00000000000000000000000000000000000000A1) [staticcall]
    │   └─ ← [Return] 0
    ├─ [957] VqStaking::delegates(0x00000000000000000000000000000000000000A1) [staticcall]
    │   └─ ← [Return] 0x00000000000000000000000000000000000000A1
    ├─ [897] VqStaking::stakedBalanceOf(0x00000000000000000000000000000000000000A1) [staticcall]
    │   └─ ← [Return] 0
    ├─ [957] VqStaking::delegates(0x00000000000000000000000000000000000000b2) [staticcall]
    │   └─ ← [Return] 0x0000000000000000000000000000000000000000
    ├─ [957] VqStaking::delegates(0x00000000000000000000000000000000000000C3) [staticcall]
    │   └─ ← [Return] 0x0000000000000000000000000000000000000000
    ├─ [1057] VqStaking::getVotes(0x00000000000000000000000000000000000000A1) [staticcall]
    │   └─ ← [Return] 0
    ├─ [897] VqStaking::stakedBalanceOf(0x00000000000000000000000000000000000000b2) [staticcall]
    │   └─ ← [Return] 0
    ├─ [2137] VqStaking::earned(0x00000000000000000000000000000000000000b2) [staticcall]
    │   └─ ← [Return] 0
    ├─ [957] VqStaking::delegates(0x00000000000000000000000000000000000000A1) [staticcall]
    │   └─ ← [Return] 0x00000000000000000000000000000000000000A1
    ├─ [957] VqStaking::delegates(0x00000000000000000000000000000000000000b2) [staticcall]
    │   └─ ← [Return] 0x0000000000000000000000000000000000000000
    ├─ [957] VqStaking::delegates(0x00000000000000000000000000000000000000C3) [staticcall]
    │   └─ ← [Return] 0x0000000000000000000000000000000000000000
    ├─ [1057] VqStaking::getVotes(0x00000000000000000000000000000000000000b2) [staticcall]
    │   └─ ← [Return] 0
    ├─ [897] VqStaking::stakedBalanceOf(0x00000000000000000000000000000000000000C3) [staticcall]
    │   └─ ← [Return] 0
    ├─ [2137] VqStaking::earned(0x00000000000000000000000000000000000000C3) [staticcall]
    │   └─ ← [Return] 0
    ├─ [957] VqStaking::delegates(0x00000000000000000000000000000000000000A1) [staticcall]
    │   └─ ← [Return] 0x00000000000000000000000000000000000000A1
    ├─ [957] VqStaking::delegates(0x00000000000000000000000000000000000000b2) [staticcall]
    │   └─ ← [Return] 0x0000000000000000000000000000000000000000
    ├─ [957] VqStaking::delegates(0x00000000000000000000000000000000000000C3) [staticcall]
    │   └─ ← [Return] 0x0000000000000000000000000000000000000000
    ├─ [1057] VqStaking::getVotes(0x00000000000000000000000000000000000000C3) [staticcall]
    │   └─ ← [Return] 0
    ├─ [455] VqStaking::totalStaked() [staticcall]
    │   └─ ← [Return] 0
    ├─ [962] VqALCX::balanceOf(VqStaking: [0xc7183455a4C133Ae270771860664b6B7ec320bB1]) [staticcall]
    │   └─ ← [Return] 0
    ├─ [850] SystemToken::balanceOf(VqStaking: [0xc7183455a4C133Ae270771860664b6B7ec320bB1]) [staticcall]
    │   └─ ← [Return] 0
    ├─ [850] SystemToken::balanceOf(VqStaking: [0xc7183455a4C133Ae270771860664b6B7ec320bB1]) [staticcall]
    │   └─ ← [Return] 0
    ├─ [8325] VqALCX::setDepositBucketParams(1000000000000000000 [1e18], 1000000000000000000000000 [1e24])
    │   ├─ emit BucketParamsUpdated(isDeposit: true, rate: 1000000000000000000 [1e18], capacity: 1000000000000000000000000 [1e24])
    │   └─ ← [Stop]
    ├─ [6324] VqALCX::setWithdrawBucketParams(1000000000000000000 [1e18], 1000000000000000000000000 [1e24])
    │   ├─ emit BucketParamsUpdated(isDeposit: false, rate: 1000000000000000000 [1e18], capacity: 1000000000000000000000000 [1e24])
    │   └─ ← [Stop]
    ├─ [4787] VqALCX::setCancellationPenaltyBps(0)
    │   ├─ emit CancellationPenaltyUpdated(penaltyBps: 0)
    │   └─ ← [Stop]
    ├─ [1838] VqALCX::depositBucket() [staticcall]
    │   └─ ← [Return] 1000000000000000000000000 [1e24], 1000000000000000000 [1e18], 4, 4, 0, 61, 2999999999999999999998 [2.999e21]
    ├─ [2188] VqALCX::getDepositRequest(0) [staticcall]
    │   └─ ← [Return] Request({ owner: 0x00000000000000000000000000000000000000A1, amount: 1000000000000000000000 [1e21], filled: 1000000000000000000000 [1e21], claimed: 1000000000000000000000 [1e21], cancelled: false })
    ├─ [2188] VqALCX::getDepositRequest(1) [staticcall]
    │   └─ ← [Return] Request({ owner: 0x00000000000000000000000000000000000000b2, amount: 1000000000000000000000 [1e21], filled: 1000000000000000000000 [1e21], claimed: 1000000000000000000000 [1e21], cancelled: false })
    ├─ [2188] VqALCX::getDepositRequest(2) [staticcall]
    │   └─ ← [Return] Request({ owner: 0x00000000000000000000000000000000000000C3, amount: 1000000000000000000000 [1e21], filled: 1000000000000000000000 [1e21], claimed: 1000000000000000000000 [1e21], cancelled: false })
    ├─ [2188] VqALCX::getDepositRequest(3) [staticcall]
    │   └─ ← [Return] Request({ owner: 0x00000000000000000000000000000000000000A1, amount: 1, filled: 0, claimed: 0, cancelled: true })
    ├─ [850] SystemToken::balanceOf(VqALCX: [0xF62849F9A0B5Bf2913b396098F7c7019b51A820a]) [staticcall]
    │   └─ ← [Return] 3000000000000000000001 [3e21]
    ├─ [545] VqALCX::totalSupply() [staticcall]
    │   └─ ← [Return] 3000000000000000000000 [3e21]
    ├─ [573] VqALCX::depositQueueDepth() [staticcall]
    │   └─ ← [Return] 0
    ├─ [1817] VqALCX::withdrawBucket() [staticcall]
    │   └─ ← [Return] 1000000000000000000000000 [1e24], 1000000000000000000 [1e18], 1, 1, 0, 61, 5999999999999999999998 [5.999e21]
    ├─ [2166] VqALCX::getWithdrawRequest(0) [staticcall]
    │   └─ ← [Return] Request({ owner: 0x00000000000000000000000000000000000000A1, amount: 2, filled: 0, claimed: 0, cancelled: true })
    ├─ [962] VqALCX::balanceOf(VqALCX: [0xF62849F9A0B5Bf2913b396098F7c7019b51A820a]) [staticcall]
    │   └─ ← [Return] 0
    ├─ [529] VqALCX::withdrawQueueDepth() [staticcall]
    │   └─ ← [Return] 0
    ├─ [471] VqAuctioner::currentDepositRound() [staticcall]
    │   └─ ← [Return] 2
    ├─ [3567] VqAuctioner::getDepositRound(1) [staticcall]
    │   └─ ← [Return] Round({ roundId: 1, isDeposit: true, startTime: 31, endTime: 61, capacity: 3000000000000000000000 [3e21], totalFilled: 2, settled: true, highestBidder: 0x00000000000000000000000000000000000000A1, highestBidAmount: 2, highestBidPrice: 1000000000000000002 [1e18] })
    ├─ [471] VqAuctioner::currentDepositRound() [staticcall]
    │   └─ ← [Return] 2
    ├─ [3567] VqAuctioner::getDepositRound(2) [staticcall]
    │   └─ ← [Return] Round({ roundId: 2, isDeposit: true, startTime: 61, endTime: 91, capacity: 3000000000000000000000 [3e21], totalFilled: 0, settled: false, highestBidder: 0x0000000000000000000000000000000000000000, highestBidAmount: 0, highestBidPrice: 0 })
    ├─ [471] VqAuctioner::currentDepositRound() [staticcall]
    │   └─ ← [Return] 2
    ├─ [515] VqAuctioner::currentWithdrawRound() [staticcall]
    │   └─ ← [Return] 2
    ├─ [3499] VqAuctioner::getWithdrawRound(1) [staticcall]
    │   └─ ← [Return] Round({ roundId: 1, isDeposit: false, startTime: 31, endTime: 61, capacity: 3000000000000000000000 [3e21], totalFilled: 2, settled: true, highestBidder: 0x00000000000000000000000000000000000000A1, highestBidAmount: 2, highestBidPrice: 1 })
    ├─ [515] VqAuctioner::currentWithdrawRound() [staticcall]
    │   └─ ← [Return] 2
    ├─ [3499] VqAuctioner::getWithdrawRound(2) [staticcall]
    │   └─ ← [Return] Round({ roundId: 2, isDeposit: false, startTime: 61, endTime: 91, capacity: 3000000000000000000000 [3e21], totalFilled: 0, settled: false, highestBidder: 0x0000000000000000000000000000000000000000, highestBidAmount: 0, highestBidPrice: 0 })
    ├─ [515] VqAuctioner::currentWithdrawRound() [staticcall]
    │   └─ ← [Return] 2
    ├─ [1838] VqALCX::depositBucket() [staticcall]
    │   └─ ← [Return] 1000000000000000000000000 [1e24], 1000000000000000000 [1e18], 4, 4, 0, 61, 2999999999999999999998 [2.999e21]
    ├─ [1817] VqALCX::withdrawBucket() [staticcall]
    │   └─ ← [Return] 1000000000000000000000000 [1e24], 1000000000000000000 [1e18], 1, 1, 0, 61, 5999999999999999999998 [5.999e21]
    ├─ [505] VqALCX::depositBucketRate() [staticcall]
    │   └─ ← [Return] 1000000000000000000 [1e18]
    ├─ [528] VqALCX::withdrawBucketRate() [staticcall]
    │   └─ ← [Return] 1000000000000000000 [1e18]
    ├─ [850] SystemToken::balanceOf(VqAuctioner: [0x5991A2dF15A8F6A256D3Ec51E99254Cd3fb576A9]) [staticcall]
    │   └─ ← [Return] 0
    ├─ [471] VqAuctioner::currentDepositRound() [staticcall]
    │   └─ ← [Return] 2
    ├─ [777] VqAuctioner::depositLockedTotal(2) [staticcall]
    │   └─ ← [Return] 0
    ├─ [962] VqALCX::balanceOf(VqAuctioner: [0x5991A2dF15A8F6A256D3Ec51E99254Cd3fb576A9]) [staticcall]
    │   └─ ← [Return] 0
    ├─ [515] VqAuctioner::currentWithdrawRound() [staticcall]
    │   └─ ← [Return] 2
    ├─ [799] VqAuctioner::withdrawLockedTotal(2) [staticcall]
    │   └─ ← [Return] 0
    ├─ [897] VqStaking::stakedBalanceOf(0x00000000000000000000000000000000000000A1) [staticcall]
    │   └─ ← [Return] 0
    ├─ [2137] VqStaking::earned(0x00000000000000000000000000000000000000A1) [staticcall]
    │   └─ ← [Return] 0
    ├─ [957] VqStaking::delegates(0x00000000000000000000000000000000000000A1) [staticcall]
    │   └─ ← [Return] 0x00000000000000000000000000000000000000A1
    ├─ [897] VqStaking::stakedBalanceOf(0x00000000000000000000000000000000000000A1) [staticcall]
    │   └─ ← [Return] 0
    ├─ [957] VqStaking::delegates(0x00000000000000000000000000000000000000b2) [staticcall]
    │   └─ ← [Return] 0x0000000000000000000000000000000000000000
    ├─ [957] VqStaking::delegates(0x00000000000000000000000000000000000000C3) [staticcall]
    │   └─ ← [Return] 0x0000000000000000000000000000000000000000
    ├─ [1057] VqStaking::getVotes(0x00000000000000000000000000000000000000A1) [staticcall]
    │   └─ ← [Return] 0
    ├─ [897] VqStaking::stakedBalanceOf(0x00000000000000000000000000000000000000b2) [staticcall]
    │   └─ ← [Return] 0
    ├─ [2137] VqStaking::earned(0x00000000000000000000000000000000000000b2) [staticcall]
    │   └─ ← [Return] 0
    ├─ [957] VqStaking::delegates(0x00000000000000000000000000000000000000A1) [staticcall]
    │   └─ ← [Return] 0x00000000000000000000000000000000000000A1
    ├─ [957] VqStaking::delegates(0x00000000000000000000000000000000000000b2) [staticcall]
    │   └─ ← [Return] 0x0000000000000000000000000000000000000000
    ├─ [957] VqStaking::delegates(0x00000000000000000000000000000000000000C3) [staticcall]
    │   └─ ← [Return] 0x0000000000000000000000000000000000000000
    ├─ [1057] VqStaking::getVotes(0x00000000000000000000000000000000000000b2) [staticcall]
    │   └─ ← [Return] 0
    ├─ [897] VqStaking::stakedBalanceOf(0x00000000000000000000000000000000000000C3) [staticcall]
    │   └─ ← [Return] 0
    ├─ [2137] VqStaking::earned(0x00000000000000000000000000000000000000C3) [staticcall]
    │   └─ ← [Return] 0
    ├─ [957] VqStaking::delegates(0x00000000000000000000000000000000000000A1) [staticcall]
    │   └─ ← [Return] 0x00000000000000000000000000000000000000A1
    ├─ [957] VqStaking::delegates(0x00000000000000000000000000000000000000b2) [staticcall]
    │   └─ ← [Return] 0x0000000000000000000000000000000000000000
    ├─ [957] VqStaking::delegates(0x00000000000000000000000000000000000000C3) [staticcall]
    │   └─ ← [Return] 0x0000000000000000000000000000000000000000
    ├─ [1057] VqStaking::getVotes(0x00000000000000000000000000000000000000C3) [staticcall]
    │   └─ ← [Return] 0
    ├─ [455] VqStaking::totalStaked() [staticcall]
    │   └─ ← [Return] 0
    ├─ [962] VqALCX::balanceOf(VqStaking: [0xc7183455a4C133Ae270771860664b6B7ec320bB1]) [staticcall]
    │   └─ ← [Return] 0
    ├─ [850] SystemToken::balanceOf(VqStaking: [0xc7183455a4C133Ae270771860664b6B7ec320bB1]) [staticcall]
    │   └─ ← [Return] 0
    ├─ [850] SystemToken::balanceOf(VqStaking: [0xc7183455a4C133Ae270771860664b6B7ec320bB1]) [staticcall]
    │   └─ ← [Return] 0
    ├─ [600] VqALCX::paused() [staticcall]
    │   └─ ← [Return] false
    ├─ [21741] VqALCX::pause()
    │   ├─ emit PauseChanged(paused: true)
    │   └─ ← [Stop]
    ├─ [1838] VqALCX::depositBucket() [staticcall]
    │   └─ ← [Return] 1000000000000000000000000 [1e24], 1000000000000000000 [1e18], 4, 4, 0, 61, 2999999999999999999998 [2.999e21]
    ├─ [2188] VqALCX::getDepositRequest(0) [staticcall]
    │   └─ ← [Return] Request({ owner: 0x00000000000000000000000000000000000000A1, amount: 1000000000000000000000 [1e21], filled: 1000000000000000000000 [1e21], claimed: 1000000000000000000000 [1e21], cancelled: false })
    ├─ [2188] VqALCX::getDepositRequest(1) [staticcall]
    │   └─ ← [Return] Request({ owner: 0x00000000000000000000000000000000000000b2, amount: 1000000000000000000000 [1e21], filled: 1000000000000000000000 [1e21], claimed: 1000000000000000000000 [1e21], cancelled: false })
    ├─ [2188] VqALCX::getDepositRequest(2) [staticcall]
    │   └─ ← [Return] Request({ owner: 0x00000000000000000000000000000000000000C3, amount: 1000000000000000000000 [1e21], filled: 1000000000000000000000 [1e21], claimed: 1000000000000000000000 [1e21], cancelled: false })
    ├─ [2188] VqALCX::getDepositRequest(3) [staticcall]
    │   └─ ← [Return] Request({ owner: 0x00000000000000000000000000000000000000A1, amount: 1, filled: 0, claimed: 0, cancelled: true })
    ├─ [850] SystemToken::balanceOf(VqALCX: [0xF62849F9A0B5Bf2913b396098F7c7019b51A820a]) [staticcall]
    │   └─ ← [Return] 3000000000000000000001 [3e21]
    ├─ [545] VqALCX::totalSupply() [staticcall]
    │   └─ ← [Return] 3000000000000000000000 [3e21]
    ├─ [573] VqALCX::depositQueueDepth() [staticcall]
    │   └─ ← [Return] 0
    ├─ [1817] VqALCX::withdrawBucket() [staticcall]
    │   └─ ← [Return] 1000000000000000000000000 [1e24], 1000000000000000000 [1e18], 1, 1, 0, 61, 5999999999999999999998 [5.999e21]
    ├─ [2166] VqALCX::getWithdrawRequest(0) [staticcall]
    │   └─ ← [Return] Request({ owner: 0x00000000000000000000000000000000000000A1, amount: 2, filled: 0, claimed: 0, cancelled: true })
    ├─ [962] VqALCX::balanceOf(VqALCX: [0xF62849F9A0B5Bf2913b396098F7c7019b51A820a]) [staticcall]
    │   └─ ← [Return] 0
    ├─ [529] VqALCX::withdrawQueueDepth() [staticcall]
    │   └─ ← [Return] 0
    ├─ [471] VqAuctioner::currentDepositRound() [staticcall]
    │   └─ ← [Return] 2
    ├─ [3567] VqAuctioner::getDepositRound(1) [staticcall]
    │   └─ ← [Return] Round({ roundId: 1, isDeposit: true, startTime: 31, endTime: 61, capacity: 3000000000000000000000 [3e21], totalFilled: 2, settled: true, highestBidder: 0x00000000000000000000000000000000000000A1, highestBidAmount: 2, highestBidPrice: 1000000000000000002 [1e18] })
    ├─ [471] VqAuctioner::currentDepositRound() [staticcall]
    │   └─ ← [Return] 2
    ├─ [3567] VqAuctioner::getDepositRound(2) [staticcall]
    │   └─ ← [Return] Round({ roundId: 2, isDeposit: true, startTime: 61, endTime: 91, capacity: 3000000000000000000000 [3e21], totalFilled: 0, settled: false, highestBidder: 0x0000000000000000000000000000000000000000, highestBidAmount: 0, highestBidPrice: 0 })
    ├─ [471] VqAuctioner::currentDepositRound() [staticcall]
    │   └─ ← [Return] 2
    ├─ [515] VqAuctioner::currentWithdrawRound() [staticcall]
    │   └─ ← [Return] 2
    ├─ [3499] VqAuctioner::getWithdrawRound(1) [staticcall]
    │   └─ ← [Return] Round({ roundId: 1, isDeposit: false, startTime: 31, endTime: 61, capacity: 3000000000000000000000 [3e21], totalFilled: 2, settled: true, highestBidder: 0x00000000000000000000000000000000000000A1, highestBidAmount: 2, highestBidPrice: 1 })
    ├─ [515] VqAuctioner::currentWithdrawRound() [staticcall]
    │   └─ ← [Return] 2
    ├─ [3499] VqAuctioner::getWithdrawRound(2) [staticcall]
    │   └─ ← [Return] Round({ roundId: 2, isDeposit: false, startTime: 61, endTime: 91, capacity: 3000000000000000000000 [3e21], totalFilled: 0, settled: false, highestBidder: 0x0000000000000000000000000000000000000000, highestBidAmount: 0, highestBidPrice: 0 })
    ├─ [515] VqAuctioner::currentWithdrawRound() [staticcall]
    │   └─ ← [Return] 2
    ├─ [1838] VqALCX::depositBucket() [staticcall]
    │   └─ ← [Return] 1000000000000000000000000 [1e24], 1000000000000000000 [1e18], 4, 4, 0, 61, 2999999999999999999998 [2.999e21]
    ├─ [1817] VqALCX::withdrawBucket() [staticcall]
    │   └─ ← [Return] 1000000000000000000000000 [1e24], 1000000000000000000 [1e18], 1, 1, 0, 61, 5999999999999999999998 [5.999e21]
    ├─ [505] VqALCX::depositBucketRate() [staticcall]
    │   └─ ← [Return] 1000000000000000000 [1e18]
    ├─ [528] VqALCX::withdrawBucketRate() [staticcall]
    │   └─ ← [Return] 1000000000000000000 [1e18]
    ├─ [850] SystemToken::balanceOf(VqAuctioner: [0x5991A2dF15A8F6A256D3Ec51E99254Cd3fb576A9]) [staticcall]
    │   └─ ← [Return] 0
    ├─ [471] VqAuctioner::currentDepositRound() [staticcall]
    │   └─ ← [Return] 2
    ├─ [777] VqAuctioner::depositLockedTotal(2) [staticcall]
    │   └─ ← [Return] 0
    ├─ [962] VqALCX::balanceOf(VqAuctioner: [0x5991A2dF15A8F6A256D3Ec51E99254Cd3fb576A9]) [staticcall]
    │   └─ ← [Return] 0
    ├─ [515] VqAuctioner::currentWithdrawRound() [staticcall]
    │   └─ ← [Return] 2
    ├─ [799] VqAuctioner::withdrawLockedTotal(2) [staticcall]
    │   └─ ← [Return] 0
    ├─ [897] VqStaking::stakedBalanceOf(0x00000000000000000000000000000000000000A1) [staticcall]
    │   └─ ← [Return] 0
    ├─ [2137] VqStaking::earned(0x00000000000000000000000000000000000000A1) [staticcall]
    │   └─ ← [Return] 0
    ├─ [957] VqStaking::delegates(0x00000000000000000000000000000000000000A1) [staticcall]
    │   └─ ← [Return] 0x00000000000000000000000000000000000000A1
    ├─ [897] VqStaking::stakedBalanceOf(0x00000000000000000000000000000000000000A1) [staticcall]
    │   └─ ← [Return] 0
    ├─ [957] VqStaking::delegates(0x00000000000000000000000000000000000000b2) [staticcall]
    │   └─ ← [Return] 0x0000000000000000000000000000000000000000
    ├─ [957] VqStaking::delegates(0x00000000000000000000000000000000000000C3) [staticcall]
    │   └─ ← [Return] 0x0000000000000000000000000000000000000000
    ├─ [1057] VqStaking::getVotes(0x00000000000000000000000000000000000000A1) [staticcall]
    │   └─ ← [Return] 0
    ├─ [897] VqStaking::stakedBalanceOf(0x00000000000000000000000000000000000000b2) [staticcall]
    │   └─ ← [Return] 0
    ├─ [2137] VqStaking::earned(0x00000000000000000000000000000000000000b2) [staticcall]
    │   └─ ← [Return] 0
    ├─ [957] VqStaking::delegates(0x00000000000000000000000000000000000000A1) [staticcall]
    │   └─ ← [Return] 0x00000000000000000000000000000000000000A1
    ├─ [957] VqStaking::delegates(0x00000000000000000000000000000000000000b2) [staticcall]
    │   └─ ← [Return] 0x0000000000000000000000000000000000000000
    ├─ [957] VqStaking::delegates(0x00000000000000000000000000000000000000C3) [staticcall]
    │   └─ ← [Return] 0x0000000000000000000000000000000000000000
    ├─ [1057] VqStaking::getVotes(0x00000000000000000000000000000000000000b2) [staticcall]
    │   └─ ← [Return] 0
    ├─ [897] VqStaking::stakedBalanceOf(0x00000000000000000000000000000000000000C3) [staticcall]
    │   └─ ← [Return] 0
    ├─ [2137] VqStaking::earned(0x00000000000000000000000000000000000000C3) [staticcall]
    │   └─ ← [Return] 0
    ├─ [957] VqStaking::delegates(0x00000000000000000000000000000000000000A1) [staticcall]
    │   └─ ← [Return] 0x00000000000000000000000000000000000000A1
    ├─ [957] VqStaking::delegates(0x00000000000000000000000000000000000000b2) [staticcall]
    │   └─ ← [Return] 0x0000000000000000000000000000000000000000
    ├─ [957] VqStaking::delegates(0x00000000000000000000000000000000000000C3) [staticcall]
    │   └─ ← [Return] 0x0000000000000000000000000000000000000000
    ├─ [1057] VqStaking::getVotes(0x00000000000000000000000000000000000000C3) [staticcall]
    │   └─ ← [Return] 0
    ├─ [455] VqStaking::totalStaked() [staticcall]
    │   └─ ← [Return] 0
    ├─ [962] VqALCX::balanceOf(VqStaking: [0xc7183455a4C133Ae270771860664b6B7ec320bB1]) [staticcall]
    │   └─ ← [Return] 0
    ├─ [850] SystemToken::balanceOf(VqStaking: [0xc7183455a4C133Ae270771860664b6B7ec320bB1]) [staticcall]
    │   └─ ← [Return] 0
    ├─ [850] SystemToken::balanceOf(VqStaking: [0xc7183455a4C133Ae270771860664b6B7ec320bB1]) [staticcall]
    │   └─ ← [Return] 0
    ├─ [600] VqALCX::paused() [staticcall]
    │   └─ ← [Return] true
    ├─ [1883] VqALCX::unpause()
    │   ├─ emit PauseChanged(paused: false)
    │   └─ ← [Stop]
    ├─ [1838] VqALCX::depositBucket() [staticcall]
    │   └─ ← [Return] 1000000000000000000000000 [1e24], 1000000000000000000 [1e18], 4, 4, 0, 61, 2999999999999999999998 [2.999e21]
    ├─ [2188] VqALCX::getDepositRequest(0) [staticcall]
    │   └─ ← [Return] Request({ owner: 0x00000000000000000000000000000000000000A1, amount: 1000000000000000000000 [1e21], filled: 1000000000000000000000 [1e21], claimed: 1000000000000000000000 [1e21], cancelled: false })
    ├─ [2188] VqALCX::getDepositRequest(1) [staticcall]
    │   └─ ← [Return] Request({ owner: 0x00000000000000000000000000000000000000b2, amount: 1000000000000000000000 [1e21], filled: 1000000000000000000000 [1e21], claimed: 1000000000000000000000 [1e21], cancelled: false })
    ├─ [2188] VqALCX::getDepositRequest(2) [staticcall]
    │   └─ ← [Return] Request({ owner: 0x00000000000000000000000000000000000000C3, amount: 1000000000000000000000 [1e21], filled: 1000000000000000000000 [1e21], claimed: 1000000000000000000000 [1e21], cancelled: false })
    ├─ [2188] VqALCX::getDepositRequest(3) [staticcall]
    │   └─ ← [Return] Request({ owner: 0x00000000000000000000000000000000000000A1, amount: 1, filled: 0, claimed: 0, cancelled: true })
    ├─ [850] SystemToken::balanceOf(VqALCX: [0xF62849F9A0B5Bf2913b396098F7c7019b51A820a]) [staticcall]
    │   └─ ← [Return] 3000000000000000000001 [3e21]
    ├─ [545] VqALCX::totalSupply() [staticcall]
    │   └─ ← [Return] 3000000000000000000000 [3e21]
    ├─ [573] VqALCX::depositQueueDepth() [staticcall]
    │   └─ ← [Return] 0
    ├─ [1817] VqALCX::withdrawBucket() [staticcall]
    │   └─ ← [Return] 1000000000000000000000000 [1e24], 1000000000000000000 [1e18], 1, 1, 0, 61, 5999999999999999999998 [5.999e21]
    ├─ [2166] VqALCX::getWithdrawRequest(0) [staticcall]
    │   └─ ← [Return] Request({ owner: 0x00000000000000000000000000000000000000A1, amount: 2, filled: 0, claimed: 0, cancelled: true })
    ├─ [962] VqALCX::balanceOf(VqALCX: [0xF62849F9A0B5Bf2913b396098F7c7019b51A820a]) [staticcall]
    │   └─ ← [Return] 0
    ├─ [529] VqALCX::withdrawQueueDepth() [staticcall]
    │   └─ ← [Return] 0
    ├─ [471] VqAuctioner::currentDepositRound() [staticcall]
    │   └─ ← [Return] 2
    ├─ [3567] VqAuctioner::getDepositRound(1) [staticcall]
    │   └─ ← [Return] Round({ roundId: 1, isDeposit: true, startTime: 31, endTime: 61, capacity: 3000000000000000000000 [3e21], totalFilled: 2, settled: true, highestBidder: 0x00000000000000000000000000000000000000A1, highestBidAmount: 2, highestBidPrice: 1000000000000000002 [1e18] })
    ├─ [471] VqAuctioner::currentDepositRound() [staticcall]
    │   └─ ← [Return] 2
    ├─ [3567] VqAuctioner::getDepositRound(2) [staticcall]
    │   └─ ← [Return] Round({ roundId: 2, isDeposit: true, startTime: 61, endTime: 91, capacity: 3000000000000000000000 [3e21], totalFilled: 0, settled: false, highestBidder: 0x0000000000000000000000000000000000000000, highestBidAmount: 0, highestBidPrice: 0 })
    ├─ [471] VqAuctioner::currentDepositRound() [staticcall]
    │   └─ ← [Return] 2
    ├─ [515] VqAuctioner::currentWithdrawRound() [staticcall]
    │   └─ ← [Return] 2
    ├─ [3499] VqAuctioner::getWithdrawRound(1) [staticcall]
    │   └─ ← [Return] Round({ roundId: 1, isDeposit: false, startTime: 31, endTime: 61, capacity: 3000000000000000000000 [3e21], totalFilled: 2, settled: true, highestBidder: 0x00000000000000000000000000000000000000A1, highestBidAmount: 2, highestBidPrice: 1 })
    ├─ [515] VqAuctioner::currentWithdrawRound() [staticcall]
    │   └─ ← [Return] 2
    ├─ [3499] VqAuctioner::getWithdrawRound(2) [staticcall]
    │   └─ ← [Return] Round({ roundId: 2, isDeposit: false, startTime: 61, endTime: 91, capacity: 3000000000000000000000 [3e21], totalFilled: 0, settled: false, highestBidder: 0x0000000000000000000000000000000000000000, highestBidAmount: 0, highestBidPrice: 0 })
    ├─ [515] VqAuctioner::currentWithdrawRound() [staticcall]
    │   └─ ← [Return] 2
    ├─ [1838] VqALCX::depositBucket() [staticcall]
    │   └─ ← [Return] 1000000000000000000000000 [1e24], 1000000000000000000 [1e18], 4, 4, 0, 61, 2999999999999999999998 [2.999e21]
    ├─ [1817] VqALCX::withdrawBucket() [staticcall]
    │   └─ ← [Return] 1000000000000000000000000 [1e24], 1000000000000000000 [1e18], 1, 1, 0, 61, 5999999999999999999998 [5.999e21]
    ├─ [505] VqALCX::depositBucketRate() [staticcall]
    │   └─ ← [Return] 1000000000000000000 [1e18]
    ├─ [528] VqALCX::withdrawBucketRate() [staticcall]
    │   └─ ← [Return] 1000000000000000000 [1e18]
    ├─ [850] SystemToken::balanceOf(VqAuctioner: [0x5991A2dF15A8F6A256D3Ec51E99254Cd3fb576A9]) [staticcall]
    │   └─ ← [Return] 0
    ├─ [471] VqAuctioner::currentDepositRound() [staticcall]
    │   └─ ← [Return] 2
    ├─ [777] VqAuctioner::depositLockedTotal(2) [staticcall]
    │   └─ ← [Return] 0
    ├─ [962] VqALCX::balanceOf(VqAuctioner: [0x5991A2dF15A8F6A256D3Ec51E99254Cd3fb576A9]) [staticcall]
    │   └─ ← [Return] 0
    ├─ [515] VqAuctioner::currentWithdrawRound() [staticcall]
    │   └─ ← [Return] 2
    ├─ [799] VqAuctioner::withdrawLockedTotal(2) [staticcall]
    │   └─ ← [Return] 0
    ├─ [897] VqStaking::stakedBalanceOf(0x00000000000000000000000000000000000000A1) [staticcall]
    │   └─ ← [Return] 0
    ├─ [2137] VqStaking::earned(0x00000000000000000000000000000000000000A1) [staticcall]
    │   └─ ← [Return] 0
    ├─ [957] VqStaking::delegates(0x00000000000000000000000000000000000000A1) [staticcall]
    │   └─ ← [Return] 0x00000000000000000000000000000000000000A1
    ├─ [897] VqStaking::stakedBalanceOf(0x00000000000000000000000000000000000000A1) [staticcall]
    │   └─ ← [Return] 0
    ├─ [957] VqStaking::delegates(0x00000000000000000000000000000000000000b2) [staticcall]
    │   └─ ← [Return] 0x0000000000000000000000000000000000000000
    ├─ [957] VqStaking::delegates(0x00000000000000000000000000000000000000C3) [staticcall]
    │   └─ ← [Return] 0x0000000000000000000000000000000000000000
    ├─ [1057] VqStaking::getVotes(0x00000000000000000000000000000000000000A1) [staticcall]
    │   └─ ← [Return] 0
    ├─ [897] VqStaking::stakedBalanceOf(0x00000000000000000000000000000000000000b2) [staticcall]
    │   └─ ← [Return] 0
    ├─ [2137] VqStaking::earned(0x00000000000000000000000000000000000000b2) [staticcall]
    │   └─ ← [Return] 0
    ├─ [957] VqStaking::delegates(0x00000000000000000000000000000000000000A1) [staticcall]
    │   └─ ← [Return] 0x00000000000000000000000000000000000000A1
    ├─ [957] VqStaking::delegates(0x00000000000000000000000000000000000000b2) [staticcall]
    │   └─ ← [Return] 0x0000000000000000000000000000000000000000
    ├─ [957] VqStaking::delegates(0x00000000000000000000000000000000000000C3) [staticcall]
    │   └─ ← [Return] 0x0000000000000000000000000000000000000000
    ├─ [1057] VqStaking::getVotes(0x00000000000000000000000000000000000000b2) [staticcall]
    │   └─ ← [Return] 0
    ├─ [897] VqStaking::stakedBalanceOf(0x00000000000000000000000000000000000000C3) [staticcall]
    │   └─ ← [Return] 0
    ├─ [2137] VqStaking::earned(0x00000000000000000000000000000000000000C3) [staticcall]
    │   └─ ← [Return] 0
    ├─ [957] VqStaking::delegates(0x00000000000000000000000000000000000000A1) [staticcall]
    │   └─ ← [Return] 0x00000000000000000000000000000000000000A1
    ├─ [957] VqStaking::delegates(0x00000000000000000000000000000000000000b2) [staticcall]
    │   └─ ← [Return] 0x0000000000000000000000000000000000000000
    ├─ [957] VqStaking::delegates(0x00000000000000000000000000000000000000C3) [staticcall]
    │   └─ ← [Return] 0x0000000000000000000000000000000000000000
    ├─ [1057] VqStaking::getVotes(0x00000000000000000000000000000000000000C3) [staticcall]
    │   └─ ← [Return] 0
    ├─ [455] VqStaking::totalStaked() [staticcall]
    │   └─ ← [Return] 0
    ├─ [962] VqALCX::balanceOf(VqStaking: [0xc7183455a4C133Ae270771860664b6B7ec320bB1]) [staticcall]
    │   └─ ← [Return] 0
    ├─ [850] SystemToken::balanceOf(VqStaking: [0xc7183455a4C133Ae270771860664b6B7ec320bB1]) [staticcall]
    │   └─ ← [Return] 0
    ├─ [850] SystemToken::balanceOf(VqStaking: [0xc7183455a4C133Ae270771860664b6B7ec320bB1]) [staticcall]
    │   └─ ← [Return] 0
    ├─ [8291] SystemToken::mint(VqALCX: [0xF62849F9A0B5Bf2913b396098F7c7019b51A820a], 1)
    │   ├─ emit Transfer(from: 0x0000000000000000000000000000000000000000, to: VqALCX: [0xF62849F9A0B5Bf2913b396098F7c7019b51A820a], value: 1)
    │   └─ ← [Stop]
    ├─ [1838] VqALCX::depositBucket() [staticcall]
    │   └─ ← [Return] 1000000000000000000000000 [1e24], 1000000000000000000 [1e18], 4, 4, 0, 61, 2999999999999999999998 [2.999e21]
    ├─ [2188] VqALCX::getDepositRequest(0) [staticcall]
    │   └─ ← [Return] Request({ owner: 0x00000000000000000000000000000000000000A1, amount: 1000000000000000000000 [1e21], filled: 1000000000000000000000 [1e21], claimed: 1000000000000000000000 [1e21], cancelled: false })
    ├─ [2188] VqALCX::getDepositRequest(1) [staticcall]
    │   └─ ← [Return] Request({ owner: 0x00000000000000000000000000000000000000b2, amount: 1000000000000000000000 [1e21], filled: 1000000000000000000000 [1e21], claimed: 1000000000000000000000 [1e21], cancelled: false })
    ├─ [2188] VqALCX::getDepositRequest(2) [staticcall]
    │   └─ ← [Return] Request({ owner: 0x00000000000000000000000000000000000000C3, amount: 1000000000000000000000 [1e21], filled: 1000000000000000000000 [1e21], claimed: 1000000000000000000000 [1e21], cancelled: false })
    ├─ [2188] VqALCX::getDepositRequest(3) [staticcall]
    │   └─ ← [Return] Request({ owner: 0x00000000000000000000000000000000000000A1, amount: 1, filled: 0, claimed: 0, cancelled: true })
    ├─ [850] SystemToken::balanceOf(VqALCX: [0xF62849F9A0B5Bf2913b396098F7c7019b51A820a]) [staticcall]
    │   └─ ← [Return] 3000000000000000000002 [3e21]
    ├─ [545] VqALCX::totalSupply() [staticcall]
    │   └─ ← [Return] 3000000000000000000000 [3e21]
    ├─ [573] VqALCX::depositQueueDepth() [staticcall]
    │   └─ ← [Return] 0
    ├─ [1817] VqALCX::withdrawBucket() [staticcall]
    │   └─ ← [Return] 1000000000000000000000000 [1e24], 1000000000000000000 [1e18], 1, 1, 0, 61, 5999999999999999999998 [5.999e21]
    ├─ [2166] VqALCX::getWithdrawRequest(0) [staticcall]
    │   └─ ← [Return] Request({ owner: 0x00000000000000000000000000000000000000A1, amount: 2, filled: 0, claimed: 0, cancelled: true })
    ├─ [962] VqALCX::balanceOf(VqALCX: [0xF62849F9A0B5Bf2913b396098F7c7019b51A820a]) [staticcall]
    │   └─ ← [Return] 0
    ├─ [529] VqALCX::withdrawQueueDepth() [staticcall]
    │   └─ ← [Return] 0
    ├─ [471] VqAuctioner::currentDepositRound() [staticcall]
    │   └─ ← [Return] 2
    ├─ [3567] VqAuctioner::getDepositRound(1) [staticcall]
    │   └─ ← [Return] Round({ roundId: 1, isDeposit: true, startTime: 31, endTime: 61, capacity: 3000000000000000000000 [3e21], totalFilled: 2, settled: true, highestBidder: 0x00000000000000000000000000000000000000A1, highestBidAmount: 2, highestBidPrice: 1000000000000000002 [1e18] })
    ├─ [471] VqAuctioner::currentDepositRound() [staticcall]
    │   └─ ← [Return] 2
    ├─ [3567] VqAuctioner::getDepositRound(2) [staticcall]
    │   └─ ← [Return] Round({ roundId: 2, isDeposit: true, startTime: 61, endTime: 91, capacity: 3000000000000000000000 [3e21], totalFilled: 0, settled: false, highestBidder: 0x0000000000000000000000000000000000000000, highestBidAmount: 0, highestBidPrice: 0 })
    ├─ [471] VqAuctioner::currentDepositRound() [staticcall]
    │   └─ ← [Return] 2
    ├─ [515] VqAuctioner::currentWithdrawRound() [staticcall]
    │   └─ ← [Return] 2
    ├─ [3499] VqAuctioner::getWithdrawRound(1) [staticcall]
    │   └─ ← [Return] Round({ roundId: 1, isDeposit: false, startTime: 31, endTime: 61, capacity: 3000000000000000000000 [3e21], totalFilled: 2, settled: true, highestBidder: 0x00000000000000000000000000000000000000A1, highestBidAmount: 2, highestBidPrice: 1 })
    ├─ [515] VqAuctioner::currentWithdrawRound() [staticcall]
    │   └─ ← [Return] 2
    ├─ [3499] VqAuctioner::getWithdrawRound(2) [staticcall]
    │   └─ ← [Return] Round({ roundId: 2, isDeposit: false, startTime: 61, endTime: 91, capacity: 3000000000000000000000 [3e21], totalFilled: 0, settled: false, highestBidder: 0x0000000000000000000000000000000000000000, highestBidAmount: 0, highestBidPrice: 0 })
    ├─ [515] VqAuctioner::currentWithdrawRound() [staticcall]
    │   └─ ← [Return] 2
    ├─ [1838] VqALCX::depositBucket() [staticcall]
    │   └─ ← [Return] 1000000000000000000000000 [1e24], 1000000000000000000 [1e18], 4, 4, 0, 61, 2999999999999999999998 [2.999e21]
    ├─ [1817] VqALCX::withdrawBucket() [staticcall]
    │   └─ ← [Return] 1000000000000000000000000 [1e24], 1000000000000000000 [1e18], 1, 1, 0, 61, 5999999999999999999998 [5.999e21]
    ├─ [505] VqALCX::depositBucketRate() [staticcall]
    │   └─ ← [Return] 1000000000000000000 [1e18]
    ├─ [528] VqALCX::withdrawBucketRate() [staticcall]
    │   └─ ← [Return] 1000000000000000000 [1e18]
    ├─ [850] SystemToken::balanceOf(VqAuctioner: [0x5991A2dF15A8F6A256D3Ec51E99254Cd3fb576A9]) [staticcall]
    │   └─ ← [Return] 0
    ├─ [471] VqAuctioner::currentDepositRound() [staticcall]
    │   └─ ← [Return] 2
    ├─ [777] VqAuctioner::depositLockedTotal(2) [staticcall]
    │   └─ ← [Return] 0
    ├─ [962] VqALCX::balanceOf(VqAuctioner: [0x5991A2dF15A8F6A256D3Ec51E99254Cd3fb576A9]) [staticcall]
    │   └─ ← [Return] 0
    ├─ [515] VqAuctioner::currentWithdrawRound() [staticcall]
    │   └─ ← [Return] 2
    ├─ [799] VqAuctioner::withdrawLockedTotal(2) [staticcall]
    │   └─ ← [Return] 0
    ├─ [897] VqStaking::stakedBalanceOf(0x00000000000000000000000000000000000000A1) [staticcall]
    │   └─ ← [Return] 0
    ├─ [2137] VqStaking::earned(0x00000000000000000000000000000000000000A1) [staticcall]
    │   └─ ← [Return] 0
    ├─ [957] VqStaking::delegates(0x00000000000000000000000000000000000000A1) [staticcall]
    │   └─ ← [Return] 0x00000000000000000000000000000000000000A1
    ├─ [897] VqStaking::stakedBalanceOf(0x00000000000000000000000000000000000000A1) [staticcall]
    │   └─ ← [Return] 0
    ├─ [957] VqStaking::delegates(0x00000000000000000000000000000000000000b2) [staticcall]
    │   └─ ← [Return] 0x0000000000000000000000000000000000000000
    ├─ [957] VqStaking::delegates(0x00000000000000000000000000000000000000C3) [staticcall]
    │   └─ ← [Return] 0x0000000000000000000000000000000000000000
    ├─ [1057] VqStaking::getVotes(0x00000000000000000000000000000000000000A1) [staticcall]
    │   └─ ← [Return] 0
    ├─ [897] VqStaking::stakedBalanceOf(0x00000000000000000000000000000000000000b2) [staticcall]
    │   └─ ← [Return] 0
    ├─ [2137] VqStaking::earned(0x00000000000000000000000000000000000000b2) [staticcall]
    │   └─ ← [Return] 0
    ├─ [957] VqStaking::delegates(0x00000000000000000000000000000000000000A1) [staticcall]
    │   └─ ← [Return] 0x00000000000000000000000000000000000000A1
    ├─ [957] VqStaking::delegates(0x00000000000000000000000000000000000000b2) [staticcall]
    │   └─ ← [Return] 0x0000000000000000000000000000000000000000
    ├─ [957] VqStaking::delegates(0x00000000000000000000000000000000000000C3) [staticcall]
    │   └─ ← [Return] 0x0000000000000000000000000000000000000000
    ├─ [1057] VqStaking::getVotes(0x00000000000000000000000000000000000000b2) [staticcall]
    │   └─ ← [Return] 0
    ├─ [897] VqStaking::stakedBalanceOf(0x00000000000000000000000000000000000000C3) [staticcall]
    │   └─ ← [Return] 0
    ├─ [2137] VqStaking::earned(0x00000000000000000000000000000000000000C3) [staticcall]
    │   └─ ← [Return] 0
    ├─ [957] VqStaking::delegates(0x00000000000000000000000000000000000000A1) [staticcall]
    │   └─ ← [Return] 0x00000000000000000000000000000000000000A1
    ├─ [957] VqStaking::delegates(0x00000000000000000000000000000000000000b2) [staticcall]
    │   └─ ← [Return] 0x0000000000000000000000000000000000000000
    ├─ [957] VqStaking::delegates(0x00000000000000000000000000000000000000C3) [staticcall]
    │   └─ ← [Return] 0x0000000000000000000000000000000000000000
    ├─ [1057] VqStaking::getVotes(0x00000000000000000000000000000000000000C3) [staticcall]
    │   └─ ← [Return] 0
    ├─ [455] VqStaking::totalStaked() [staticcall]
    │   └─ ← [Return] 0
    ├─ [962] VqALCX::balanceOf(VqStaking: [0xc7183455a4C133Ae270771860664b6B7ec320bB1]) [staticcall]
    │   └─ ← [Return] 0
    ├─ [850] SystemToken::balanceOf(VqStaking: [0xc7183455a4C133Ae270771860664b6B7ec320bB1]) [staticcall]
    │   └─ ← [Return] 0
    ├─ [850] SystemToken::balanceOf(VqStaking: [0xc7183455a4C133Ae270771860664b6B7ec320bB1]) [staticcall]
    │   └─ ← [Return] 0
    ├─ [999] VqALCX::drip()
    │   └─ ← [Stop]
    ├─ [1838] VqALCX::depositBucket() [staticcall]
    │   └─ ← [Return] 1000000000000000000000000 [1e24], 1000000000000000000 [1e18], 4, 4, 0, 61, 2999999999999999999998 [2.999e21]
    ├─ [2188] VqALCX::getDepositRequest(0) [staticcall]
    │   └─ ← [Return] Request({ owner: 0x00000000000000000000000000000000000000A1, amount: 1000000000000000000000 [1e21], filled: 1000000000000000000000 [1e21], claimed: 1000000000000000000000 [1e21], cancelled: false })
    ├─ [2188] VqALCX::getDepositRequest(1) [staticcall]
    │   └─ ← [Return] Request({ owner: 0x00000000000000000000000000000000000000b2, amount: 1000000000000000000000 [1e21], filled: 1000000000000000000000 [1e21], claimed: 1000000000000000000000 [1e21], cancelled: false })
    ├─ [2188] VqALCX::getDepositRequest(2) [staticcall]
    │   └─ ← [Return] Request({ owner: 0x00000000000000000000000000000000000000C3, amount: 1000000000000000000000 [1e21], filled: 1000000000000000000000 [1e21], claimed: 1000000000000000000000 [1e21], cancelled: false })
    ├─ [2188] VqALCX::getDepositRequest(3) [staticcall]
    │   └─ ← [Return] Request({ owner: 0x00000000000000000000000000000000000000A1, amount: 1, filled: 0, claimed: 0, cancelled: true })
    ├─ [850] SystemToken::balanceOf(VqALCX: [0xF62849F9A0B5Bf2913b396098F7c7019b51A820a]) [staticcall]
    │   └─ ← [Return] 3000000000000000000002 [3e21]
    ├─ [545] VqALCX::totalSupply() [staticcall]
    │   └─ ← [Return] 3000000000000000000000 [3e21]
    ├─ [573] VqALCX::depositQueueDepth() [staticcall]
    │   └─ ← [Return] 0
    ├─ [1817] VqALCX::withdrawBucket() [staticcall]
    │   └─ ← [Return] 1000000000000000000000000 [1e24], 1000000000000000000 [1e18], 1, 1, 0, 61, 5999999999999999999998 [5.999e21]
    ├─ [2166] VqALCX::getWithdrawRequest(0) [staticcall]
    │   └─ ← [Return] Request({ owner: 0x00000000000000000000000000000000000000A1, amount: 2, filled: 0, claimed: 0, cancelled: true })
    ├─ [962] VqALCX::balanceOf(VqALCX: [0xF62849F9A0B5Bf2913b396098F7c7019b51A820a]) [staticcall]
    │   └─ ← [Return] 0
    ├─ [529] VqALCX::withdrawQueueDepth() [staticcall]
    │   └─ ← [Return] 0
    ├─ [471] VqAuctioner::currentDepositRound() [staticcall]
    │   └─ ← [Return] 2
    ├─ [3567] VqAuctioner::getDepositRound(1) [staticcall]
    │   └─ ← [Return] Round({ roundId: 1, isDeposit: true, startTime: 31, endTime: 61, capacity: 3000000000000000000000 [3e21], totalFilled: 2, settled: true, highestBidder: 0x00000000000000000000000000000000000000A1, highestBidAmount: 2, highestBidPrice: 1000000000000000002 [1e18] })
    ├─ [471] VqAuctioner::currentDepositRound() [staticcall]
    │   └─ ← [Return] 2
    ├─ [3567] VqAuctioner::getDepositRound(2) [staticcall]
    │   └─ ← [Return] Round({ roundId: 2, isDeposit: true, startTime: 61, endTime: 91, capacity: 3000000000000000000000 [3e21], totalFilled: 0, settled: false, highestBidder: 0x0000000000000000000000000000000000000000, highestBidAmount: 0, highestBidPrice: 0 })
    ├─ [471] VqAuctioner::currentDepositRound() [staticcall]
    │   └─ ← [Return] 2
    ├─ [515] VqAuctioner::currentWithdrawRound() [staticcall]
    │   └─ ← [Return] 2
    ├─ [3499] VqAuctioner::getWithdrawRound(1) [staticcall]
    │   └─ ← [Return] Round({ roundId: 1, isDeposit: false, startTime: 31, endTime: 61, capacity: 3000000000000000000000 [3e21], totalFilled: 2, settled: true, highestBidder: 0x00000000000000000000000000000000000000A1, highestBidAmount: 2, highestBidPrice: 1 })
    ├─ [515] VqAuctioner::currentWithdrawRound() [staticcall]
    │   └─ ← [Return] 2
    ├─ [3499] VqAuctioner::getWithdrawRound(2) [staticcall]
    │   └─ ← [Return] Round({ roundId: 2, isDeposit: false, startTime: 61, endTime: 91, capacity: 3000000000000000000000 [3e21], totalFilled: 0, settled: false, highestBidder: 0x0000000000000000000000000000000000000000, highestBidAmount: 0, highestBidPrice: 0 })
    ├─ [515] VqAuctioner::currentWithdrawRound() [staticcall]
    │   └─ ← [Return] 2
    ├─ [1838] VqALCX::depositBucket() [staticcall]
    │   └─ ← [Return] 1000000000000000000000000 [1e24], 1000000000000000000 [1e18], 4, 4, 0, 61, 2999999999999999999998 [2.999e21]
    ├─ [1817] VqALCX::withdrawBucket() [staticcall]
    │   └─ ← [Return] 1000000000000000000000000 [1e24], 1000000000000000000 [1e18], 1, 1, 0, 61, 5999999999999999999998 [5.999e21]
    ├─ [505] VqALCX::depositBucketRate() [staticcall]
    │   └─ ← [Return] 1000000000000000000 [1e18]
    ├─ [528] VqALCX::withdrawBucketRate() [staticcall]
    │   └─ ← [Return] 1000000000000000000 [1e18]
    ├─ [850] SystemToken::balanceOf(VqAuctioner: [0x5991A2dF15A8F6A256D3Ec51E99254Cd3fb576A9]) [staticcall]
    │   └─ ← [Return] 0
    ├─ [471] VqAuctioner::currentDepositRound() [staticcall]
    │   └─ ← [Return] 2
    ├─ [777] VqAuctioner::depositLockedTotal(2) [staticcall]
    │   └─ ← [Return] 0
    ├─ [962] VqALCX::balanceOf(VqAuctioner: [0x5991A2dF15A8F6A256D3Ec51E99254Cd3fb576A9]) [staticcall]
    │   └─ ← [Return] 0
    ├─ [515] VqAuctioner::currentWithdrawRound() [staticcall]
    │   └─ ← [Return] 2
    ├─ [799] VqAuctioner::withdrawLockedTotal(2) [staticcall]
    │   └─ ← [Return] 0
    ├─ [897] VqStaking::stakedBalanceOf(0x00000000000000000000000000000000000000A1) [staticcall]
    │   └─ ← [Return] 0
    ├─ [2137] VqStaking::earned(0x00000000000000000000000000000000000000A1) [staticcall]
    │   └─ ← [Return] 0
    ├─ [957] VqStaking::delegates(0x00000000000000000000000000000000000000A1) [staticcall]
    │   └─ ← [Return] 0x00000000000000000000000000000000000000A1
    ├─ [897] VqStaking::stakedBalanceOf(0x00000000000000000000000000000000000000A1) [staticcall]
    │   └─ ← [Return] 0
    ├─ [957] VqStaking::delegates(0x00000000000000000000000000000000000000b2) [staticcall]
    │   └─ ← [Return] 0x0000000000000000000000000000000000000000
    ├─ [957] VqStaking::delegates(0x00000000000000000000000000000000000000C3) [staticcall]
    │   └─ ← [Return] 0x0000000000000000000000000000000000000000
    ├─ [1057] VqStaking::getVotes(0x00000000000000000000000000000000000000A1) [staticcall]
    │   └─ ← [Return] 0
    ├─ [897] VqStaking::stakedBalanceOf(0x00000000000000000000000000000000000000b2) [staticcall]
    │   └─ ← [Return] 0
    ├─ [2137] VqStaking::earned(0x00000000000000000000000000000000000000b2) [staticcall]
    │   └─ ← [Return] 0
    ├─ [957] VqStaking::delegates(0x00000000000000000000000000000000000000A1) [staticcall]
    │   └─ ← [Return] 0x00000000000000000000000000000000000000A1
    ├─ [957] VqStaking::delegates(0x00000000000000000000000000000000000000b2) [staticcall]
    │   └─ ← [Return] 0x0000000000000000000000000000000000000000
    ├─ [957] VqStaking::delegates(0x00000000000000000000000000000000000000C3) [staticcall]
    │   └─ ← [Return] 0x0000000000000000000000000000000000000000
    ├─ [1057] VqStaking::getVotes(0x00000000000000000000000000000000000000b2) [staticcall]
    │   └─ ← [Return] 0
    ├─ [897] VqStaking::stakedBalanceOf(0x00000000000000000000000000000000000000C3) [staticcall]
    │   └─ ← [Return] 0
    ├─ [2137] VqStaking::earned(0x00000000000000000000000000000000000000C3) [staticcall]
    │   └─ ← [Return] 0
    ├─ [957] VqStaking::delegates(0x00000000000000000000000000000000000000A1) [staticcall]
    │   └─ ← [Return] 0x00000000000000000000000000000000000000A1
    ├─ [957] VqStaking::delegates(0x00000000000000000000000000000000000000b2) [staticcall]
    │   └─ ← [Return] 0x0000000000000000000000000000000000000000
    ├─ [957] VqStaking::delegates(0x00000000000000000000000000000000000000C3) [staticcall]
    │   └─ ← [Return] 0x0000000000000000000000000000000000000000
    ├─ [1057] VqStaking::getVotes(0x00000000000000000000000000000000000000C3) [staticcall]
    │   └─ ← [Return] 0
    ├─ [455] VqStaking::totalStaked() [staticcall]
    │   └─ ← [Return] 0
    ├─ [962] VqALCX::balanceOf(VqStaking: [0xc7183455a4C133Ae270771860664b6B7ec320bB1]) [staticcall]
    │   └─ ← [Return] 0
    ├─ [850] SystemToken::balanceOf(VqStaking: [0xc7183455a4C133Ae270771860664b6B7ec320bB1]) [staticcall]
    │   └─ ← [Return] 0
    ├─ [850] SystemToken::balanceOf(VqStaking: [0xc7183455a4C133Ae270771860664b6B7ec320bB1]) [staticcall]
    │   └─ ← [Return] 0
    ├─ [600] VqALCX::paused() [staticcall]
    │   └─ ← [Return] false
    ├─ [573] VqALCX::depositQueueDepth() [staticcall]
    │   └─ ← [Return] 0
    ├─ [0] VM::prank(0x00000000000000000000000000000000000000A1)
    │   └─ ← [Return]
    ├─ [106371] VqALCX::requestDeposit(1)
    │   ├─ [4461] SystemToken::transferFrom(0x00000000000000000000000000000000000000A1, VqALCX: [0xF62849F9A0B5Bf2913b396098F7c7019b51A820a], 1)
    │   │   ├─ emit Transfer(from: 0x00000000000000000000000000000000000000A1, to: VqALCX: [0xF62849F9A0B5Bf2913b396098F7c7019b51A820a], value: 1)
    │   │   └─ ← [Return] true
    │   ├─ emit DepositRequested(requestId: 4, owner: 0x00000000000000000000000000000000000000A1, amount: 1)
    │   └─ ← [Return] 4
    ├─ [1838] VqALCX::depositBucket() [staticcall]
    │   └─ ← [Return] 1000000000000000000000000 [1e24], 1000000000000000000 [1e18], 4, 5, 1, 61, 2999999999999999999998 [2.999e21]
    ├─ [2188] VqALCX::getDepositRequest(0) [staticcall]
    │   └─ ← [Return] Request({ owner: 0x00000000000000000000000000000000000000A1, amount: 1000000000000000000000 [1e21], filled: 1000000000000000000000 [1e21], claimed: 1000000000000000000000 [1e21], cancelled: false })
    ├─ [2188] VqALCX::getDepositRequest(1) [staticcall]
    │   └─ ← [Return] Request({ owner: 0x00000000000000000000000000000000000000b2, amount: 1000000000000000000000 [1e21], filled: 1000000000000000000000 [1e21], claimed: 1000000000000000000000 [1e21], cancelled: false })
    ├─ [2188] VqALCX::getDepositRequest(2) [staticcall]
    │   └─ ← [Return] Request({ owner: 0x00000000000000000000000000000000000000C3, amount: 1000000000000000000000 [1e21], filled: 1000000000000000000000 [1e21], claimed: 1000000000000000000000 [1e21], cancelled: false })
    ├─ [2188] VqALCX::getDepositRequest(3) [staticcall]
    │   └─ ← [Return] Request({ owner: 0x00000000000000000000000000000000000000A1, amount: 1, filled: 0, claimed: 0, cancelled: true })
    ├─ [2188] VqALCX::getDepositRequest(4) [staticcall]
    │   └─ ← [Return] Request({ owner: 0x00000000000000000000000000000000000000A1, amount: 1, filled: 0, claimed: 0, cancelled: false })
    ├─ [850] SystemToken::balanceOf(VqALCX: [0xF62849F9A0B5Bf2913b396098F7c7019b51A820a]) [staticcall]
    │   └─ ← [Return] 3000000000000000000003 [3e21]
    ├─ [545] VqALCX::totalSupply() [staticcall]
    │   └─ ← [Return] 3000000000000000000000 [3e21]
    ├─ [573] VqALCX::depositQueueDepth() [staticcall]
    │   └─ ← [Return] 1
    ├─ [1817] VqALCX::withdrawBucket() [staticcall]
    │   └─ ← [Return] 1000000000000000000000000 [1e24], 1000000000000000000 [1e18], 1, 1, 0, 61, 5999999999999999999998 [5.999e21]
    ├─ [2166] VqALCX::getWithdrawRequest(0) [staticcall]
    │   └─ ← [Return] Request({ owner: 0x00000000000000000000000000000000000000A1, amount: 2, filled: 0, claimed: 0, cancelled: true })
    ├─ [962] VqALCX::balanceOf(VqALCX: [0xF62849F9A0B5Bf2913b396098F7c7019b51A820a]) [staticcall]
    │   └─ ← [Return] 0
    ├─ [529] VqALCX::withdrawQueueDepth() [staticcall]
    │   └─ ← [Return] 0
    ├─ [471] VqAuctioner::currentDepositRound() [staticcall]
    │   └─ ← [Return] 2
    ├─ [3567] VqAuctioner::getDepositRound(1) [staticcall]
    │   └─ ← [Return] Round({ roundId: 1, isDeposit: true, startTime: 31, endTime: 61, capacity: 3000000000000000000000 [3e21], totalFilled: 2, settled: true, highestBidder: 0x00000000000000000000000000000000000000A1, highestBidAmount: 2, highestBidPrice: 1000000000000000002 [1e18] })
    ├─ [471] VqAuctioner::currentDepositRound() [staticcall]
    │   └─ ← [Return] 2
    ├─ [3567] VqAuctioner::getDepositRound(2) [staticcall]
    │   └─ ← [Return] Round({ roundId: 2, isDeposit: true, startTime: 61, endTime: 91, capacity: 3000000000000000000000 [3e21], totalFilled: 0, settled: false, highestBidder: 0x0000000000000000000000000000000000000000, highestBidAmount: 0, highestBidPrice: 0 })
    ├─ [471] VqAuctioner::currentDepositRound() [staticcall]
    │   └─ ← [Return] 2
    ├─ [515] VqAuctioner::currentWithdrawRound() [staticcall]
    │   └─ ← [Return] 2
    ├─ [3499] VqAuctioner::getWithdrawRound(1) [staticcall]
    │   └─ ← [Return] Round({ roundId: 1, isDeposit: false, startTime: 31, endTime: 61, capacity: 3000000000000000000000 [3e21], totalFilled: 2, settled: true, highestBidder: 0x00000000000000000000000000000000000000A1, highestBidAmount: 2, highestBidPrice: 1 })
    ├─ [515] VqAuctioner::currentWithdrawRound() [staticcall]
    │   └─ ← [Return] 2
    ├─ [3499] VqAuctioner::getWithdrawRound(2) [staticcall]
    │   └─ ← [Return] Round({ roundId: 2, isDeposit: false, startTime: 61, endTime: 91, capacity: 3000000000000000000000 [3e21], totalFilled: 0, settled: false, highestBidder: 0x0000000000000000000000000000000000000000, highestBidAmount: 0, highestBidPrice: 0 })
    ├─ [515] VqAuctioner::currentWithdrawRound() [staticcall]
    │   └─ ← [Return] 2
    ├─ [1838] VqALCX::depositBucket() [staticcall]
    │   └─ ← [Return] 1000000000000000000000000 [1e24], 1000000000000000000 [1e18], 4, 5, 1, 61, 2999999999999999999998 [2.999e21]
    ├─ [1817] VqALCX::withdrawBucket() [staticcall]
    │   └─ ← [Return] 1000000000000000000000000 [1e24], 1000000000000000000 [1e18], 1, 1, 0, 61, 5999999999999999999998 [5.999e21]
    ├─ [505] VqALCX::depositBucketRate() [staticcall]
    │   └─ ← [Return] 1000000000000000000 [1e18]
    ├─ [528] VqALCX::withdrawBucketRate() [staticcall]
    │   └─ ← [Return] 1000000000000000000 [1e18]
    ├─ [850] SystemToken::balanceOf(VqAuctioner: [0x5991A2dF15A8F6A256D3Ec51E99254Cd3fb576A9]) [staticcall]
    │   └─ ← [Return] 0
    ├─ [471] VqAuctioner::currentDepositRound() [staticcall]
    │   └─ ← [Return] 2
    ├─ [777] VqAuctioner::depositLockedTotal(2) [staticcall]
    │   └─ ← [Return] 0
    ├─ [962] VqALCX::balanceOf(VqAuctioner: [0x5991A2dF15A8F6A256D3Ec51E99254Cd3fb576A9]) [staticcall]
    │   └─ ← [Return] 0
    ├─ [515] VqAuctioner::currentWithdrawRound() [staticcall]
    │   └─ ← [Return] 2
    ├─ [799] VqAuctioner::withdrawLockedTotal(2) [staticcall]
    │   └─ ← [Return] 0
    ├─ [897] VqStaking::stakedBalanceOf(0x00000000000000000000000000000000000000A1) [staticcall]
    │   └─ ← [Return] 0
    ├─ [2137] VqStaking::earned(0x00000000000000000000000000000000000000A1) [staticcall]
    │   └─ ← [Return] 0
    ├─ [957] VqStaking::delegates(0x00000000000000000000000000000000000000A1) [staticcall]
    │   └─ ← [Return] 0x00000000000000000000000000000000000000A1
    ├─ [897] VqStaking::stakedBalanceOf(0x00000000000000000000000000000000000000A1) [staticcall]
    │   └─ ← [Return] 0
    ├─ [957] VqStaking::delegates(0x00000000000000000000000000000000000000b2) [staticcall]
    │   └─ ← [Return] 0x0000000000000000000000000000000000000000
    ├─ [957] VqStaking::delegates(0x00000000000000000000000000000000000000C3) [staticcall]
    │   └─ ← [Return] 0x0000000000000000000000000000000000000000
    ├─ [1057] VqStaking::getVotes(0x00000000000000000000000000000000000000A1) [staticcall]
    │   └─ ← [Return] 0
    ├─ [897] VqStaking::stakedBalanceOf(0x00000000000000000000000000000000000000b2) [staticcall]
    │   └─ ← [Return] 0
    ├─ [2137] VqStaking::earned(0x00000000000000000000000000000000000000b2) [staticcall]
    │   └─ ← [Return] 0
    ├─ [957] VqStaking::delegates(0x00000000000000000000000000000000000000A1) [staticcall]
    │   └─ ← [Return] 0x00000000000000000000000000000000000000A1
    ├─ [957] VqStaking::delegates(0x00000000000000000000000000000000000000b2) [staticcall]
    │   └─ ← [Return] 0x0000000000000000000000000000000000000000
    ├─ [957] VqStaking::delegates(0x00000000000000000000000000000000000000C3) [staticcall]
    │   └─ ← [Return] 0x0000000000000000000000000000000000000000
    ├─ [1057] VqStaking::getVotes(0x00000000000000000000000000000000000000b2) [staticcall]
    │   └─ ← [Return] 0
    ├─ [897] VqStaking::stakedBalanceOf(0x00000000000000000000000000000000000000C3) [staticcall]
    │   └─ ← [Return] 0
    ├─ [2137] VqStaking::earned(0x00000000000000000000000000000000000000C3) [staticcall]
    │   └─ ← [Return] 0
    ├─ [957] VqStaking::delegates(0x00000000000000000000000000000000000000A1) [staticcall]
    │   └─ ← [Return] 0x00000000000000000000000000000000000000A1
    ├─ [957] VqStaking::delegates(0x00000000000000000000000000000000000000b2) [staticcall]
    │   └─ ← [Return] 0x0000000000000000000000000000000000000000
    ├─ [957] VqStaking::delegates(0x00000000000000000000000000000000000000C3) [staticcall]
    │   └─ ← [Return] 0x0000000000000000000000000000000000000000
    ├─ [1057] VqStaking::getVotes(0x00000000000000000000000000000000000000C3) [staticcall]
    │   └─ ← [Return] 0
    ├─ [455] VqStaking::totalStaked() [staticcall]
    │   └─ ← [Return] 0
    ├─ [962] VqALCX::balanceOf(VqStaking: [0xc7183455a4C133Ae270771860664b6B7ec320bB1]) [staticcall]
    │   └─ ← [Return] 0
    ├─ [850] SystemToken::balanceOf(VqStaking: [0xc7183455a4C133Ae270771860664b6B7ec320bB1]) [staticcall]
    │   └─ ← [Return] 0
    ├─ [850] SystemToken::balanceOf(VqStaking: [0xc7183455a4C133Ae270771860664b6B7ec320bB1]) [staticcall]
    │   └─ ← [Return] 0
    ├─ [505] VqALCX::depositBucketRate() [staticcall]
    │   └─ ← [Return] 1000000000000000000 [1e18]
    ├─ [528] VqALCX::withdrawBucketRate() [staticcall]
    │   └─ ← [Return] 1000000000000000000 [1e18]
    ├─ [0] VM::warp(91)
    │   └─ ← [Return]
    ├─ [1838] VqALCX::depositBucket() [staticcall]
    │   └─ ← [Return] 1000000000000000000000000 [1e24], 1000000000000000000 [1e18], 4, 5, 1, 61, 2999999999999999999998 [2.999e21]
    ├─ [2188] VqALCX::getDepositRequest(0) [staticcall]
    │   └─ ← [Return] Request({ owner: 0x00000000000000000000000000000000000000A1, amount: 1000000000000000000000 [1e21], filled: 1000000000000000000000 [1e21], claimed: 1000000000000000000000 [1e21], cancelled: false })
    ├─ [2188] VqALCX::getDepositRequest(1) [staticcall]
    │   └─ ← [Return] Request({ owner: 0x00000000000000000000000000000000000000b2, amount: 1000000000000000000000 [1e21], filled: 1000000000000000000000 [1e21], claimed: 1000000000000000000000 [1e21], cancelled: false })
    ├─ [2188] VqALCX::getDepositRequest(2) [staticcall]
    │   └─ ← [Return] Request({ owner: 0x00000000000000000000000000000000000000C3, amount: 1000000000000000000000 [1e21], filled: 1000000000000000000000 [1e21], claimed: 1000000000000000000000 [1e21], cancelled: false })
    ├─ [2188] VqALCX::getDepositRequest(3) [staticcall]
    │   └─ ← [Return] Request({ owner: 0x00000000000000000000000000000000000000A1, amount: 1, filled: 0, claimed: 0, cancelled: true })
    ├─ [2188] VqALCX::getDepositRequest(4) [staticcall]
    │   └─ ← [Return] Request({ owner: 0x00000000000000000000000000000000000000A1, amount: 1, filled: 0, claimed: 0, cancelled: false })
    ├─ [850] SystemToken::balanceOf(VqALCX: [0xF62849F9A0B5Bf2913b396098F7c7019b51A820a]) [staticcall]
    │   └─ ← [Return] 3000000000000000000003 [3e21]
    ├─ [545] VqALCX::totalSupply() [staticcall]
    │   └─ ← [Return] 3000000000000000000000 [3e21]
    ├─ [573] VqALCX::depositQueueDepth() [staticcall]
    │   └─ ← [Return] 1
    ├─ [1817] VqALCX::withdrawBucket() [staticcall]
    │   └─ ← [Return] 1000000000000000000000000 [1e24], 1000000000000000000 [1e18], 1, 1, 0, 61, 5999999999999999999998 [5.999e21]
    ├─ [2166] VqALCX::getWithdrawRequest(0) [staticcall]
    │   └─ ← [Return] Request({ owner: 0x00000000000000000000000000000000000000A1, amount: 2, filled: 0, claimed: 0, cancelled: true })
    ├─ [962] VqALCX::balanceOf(VqALCX: [0xF62849F9A0B5Bf2913b396098F7c7019b51A820a]) [staticcall]
    │   └─ ← [Return] 0
    ├─ [529] VqALCX::withdrawQueueDepth() [staticcall]
    │   └─ ← [Return] 0
    ├─ [471] VqAuctioner::currentDepositRound() [staticcall]
    │   └─ ← [Return] 2
    ├─ [3567] VqAuctioner::getDepositRound(1) [staticcall]
    │   └─ ← [Return] Round({ roundId: 1, isDeposit: true, startTime: 31, endTime: 61, capacity: 3000000000000000000000 [3e21], totalFilled: 2, settled: true, highestBidder: 0x00000000000000000000000000000000000000A1, highestBidAmount: 2, highestBidPrice: 1000000000000000002 [1e18] })
    ├─ [471] VqAuctioner::currentDepositRound() [staticcall]
    │   └─ ← [Return] 2
    ├─ [3567] VqAuctioner::getDepositRound(2) [staticcall]
    │   └─ ← [Return] Round({ roundId: 2, isDeposit: true, startTime: 61, endTime: 91, capacity: 3000000000000000000000 [3e21], totalFilled: 0, settled: false, highestBidder: 0x0000000000000000000000000000000000000000, highestBidAmount: 0, highestBidPrice: 0 })
    ├─ [471] VqAuctioner::currentDepositRound() [staticcall]
    │   └─ ← [Return] 2
    ├─ [515] VqAuctioner::currentWithdrawRound() [staticcall]
    │   └─ ← [Return] 2
    ├─ [3499] VqAuctioner::getWithdrawRound(1) [staticcall]
    │   └─ ← [Return] Round({ roundId: 1, isDeposit: false, startTime: 31, endTime: 61, capacity: 3000000000000000000000 [3e21], totalFilled: 2, settled: true, highestBidder: 0x00000000000000000000000000000000000000A1, highestBidAmount: 2, highestBidPrice: 1 })
    ├─ [515] VqAuctioner::currentWithdrawRound() [staticcall]
    │   └─ ← [Return] 2
    ├─ [3499] VqAuctioner::getWithdrawRound(2) [staticcall]
    │   └─ ← [Return] Round({ roundId: 2, isDeposit: false, startTime: 61, endTime: 91, capacity: 3000000000000000000000 [3e21], totalFilled: 0, settled: false, highestBidder: 0x0000000000000000000000000000000000000000, highestBidAmount: 0, highestBidPrice: 0 })
    ├─ [515] VqAuctioner::currentWithdrawRound() [staticcall]
    │   └─ ← [Return] 2
    ├─ [1838] VqALCX::depositBucket() [staticcall]
    │   └─ ← [Return] 1000000000000000000000000 [1e24], 1000000000000000000 [1e18], 4, 5, 1, 61, 2999999999999999999998 [2.999e21]
    ├─ [1817] VqALCX::withdrawBucket() [staticcall]
    │   └─ ← [Return] 1000000000000000000000000 [1e24], 1000000000000000000 [1e18], 1, 1, 0, 61, 5999999999999999999998 [5.999e21]
    ├─ [505] VqALCX::depositBucketRate() [staticcall]
    │   └─ ← [Return] 1000000000000000000 [1e18]
    ├─ [528] VqALCX::withdrawBucketRate() [staticcall]
    │   └─ ← [Return] 1000000000000000000 [1e18]
    ├─ [850] SystemToken::balanceOf(VqAuctioner: [0x5991A2dF15A8F6A256D3Ec51E99254Cd3fb576A9]) [staticcall]
    │   └─ ← [Return] 0
    ├─ [471] VqAuctioner::currentDepositRound() [staticcall]
    │   └─ ← [Return] 2
    ├─ [777] VqAuctioner::depositLockedTotal(2) [staticcall]
    │   └─ ← [Return] 0
    ├─ [962] VqALCX::balanceOf(VqAuctioner: [0x5991A2dF15A8F6A256D3Ec51E99254Cd3fb576A9]) [staticcall]
    │   └─ ← [Return] 0
    ├─ [515] VqAuctioner::currentWithdrawRound() [staticcall]
    │   └─ ← [Return] 2
    ├─ [799] VqAuctioner::withdrawLockedTotal(2) [staticcall]
    │   └─ ← [Return] 0
    ├─ [897] VqStaking::stakedBalanceOf(0x00000000000000000000000000000000000000A1) [staticcall]
    │   └─ ← [Return] 0
    ├─ [2137] VqStaking::earned(0x00000000000000000000000000000000000000A1) [staticcall]
    │   └─ ← [Return] 0
    ├─ [957] VqStaking::delegates(0x00000000000000000000000000000000000000A1) [staticcall]
    │   └─ ← [Return] 0x00000000000000000000000000000000000000A1
    ├─ [897] VqStaking::stakedBalanceOf(0x00000000000000000000000000000000000000A1) [staticcall]
    │   └─ ← [Return] 0
    ├─ [957] VqStaking::delegates(0x00000000000000000000000000000000000000b2) [staticcall]
    │   └─ ← [Return] 0x0000000000000000000000000000000000000000
    ├─ [957] VqStaking::delegates(0x00000000000000000000000000000000000000C3) [staticcall]
    │   └─ ← [Return] 0x0000000000000000000000000000000000000000
    ├─ [1057] VqStaking::getVotes(0x00000000000000000000000000000000000000A1) [staticcall]
    │   └─ ← [Return] 0
    ├─ [897] VqStaking::stakedBalanceOf(0x00000000000000000000000000000000000000b2) [staticcall]
    │   └─ ← [Return] 0
    ├─ [2137] VqStaking::earned(0x00000000000000000000000000000000000000b2) [staticcall]
    │   └─ ← [Return] 0
    ├─ [957] VqStaking::delegates(0x00000000000000000000000000000000000000A1) [staticcall]
    │   └─ ← [Return] 0x00000000000000000000000000000000000000A1
    ├─ [957] VqStaking::delegates(0x00000000000000000000000000000000000000b2) [staticcall]
    │   └─ ← [Return] 0x0000000000000000000000000000000000000000
    ├─ [957] VqStaking::delegates(0x00000000000000000000000000000000000000C3) [staticcall]
    │   └─ ← [Return] 0x0000000000000000000000000000000000000000
    ├─ [1057] VqStaking::getVotes(0x00000000000000000000000000000000000000b2) [staticcall]
    │   └─ ← [Return] 0
    ├─ [897] VqStaking::stakedBalanceOf(0x00000000000000000000000000000000000000C3) [staticcall]
    │   └─ ← [Return] 0
    ├─ [2137] VqStaking::earned(0x00000000000000000000000000000000000000C3) [staticcall]
    │   └─ ← [Return] 0
    ├─ [957] VqStaking::delegates(0x00000000000000000000000000000000000000A1) [staticcall]
    │   └─ ← [Return] 0x00000000000000000000000000000000000000A1
    ├─ [957] VqStaking::delegates(0x00000000000000000000000000000000000000b2) [staticcall]
    │   └─ ← [Return] 0x0000000000000000000000000000000000000000
    ├─ [957] VqStaking::delegates(0x00000000000000000000000000000000000000C3) [staticcall]
    │   └─ ← [Return] 0x0000000000000000000000000000000000000000
    ├─ [1057] VqStaking::getVotes(0x00000000000000000000000000000000000000C3) [staticcall]
    │   └─ ← [Return] 0
    ├─ [455] VqStaking::totalStaked() [staticcall]
    │   └─ ← [Return] 0
    ├─ [962] VqALCX::balanceOf(VqStaking: [0xc7183455a4C133Ae270771860664b6B7ec320bB1]) [staticcall]
    │   └─ ← [Return] 0
    ├─ [850] SystemToken::balanceOf(VqStaking: [0xc7183455a4C133Ae270771860664b6B7ec320bB1]) [staticcall]
    │   └─ ← [Return] 0
    ├─ [850] SystemToken::balanceOf(VqStaking: [0xc7183455a4C133Ae270771860664b6B7ec320bB1]) [staticcall]
    │   └─ ← [Return] 0
    ├─ [25959] VqALCX::drip()
    │   └─ ← [Stop]
    ├─ [1838] VqALCX::depositBucket() [staticcall]
    │   └─ ← [Return] 1000000000000000000000000 [1e24], 1000000000000000000 [1e18], 5, 5, 0, 91, 3029999999999999999997 [3.029e21]
    ├─ [2188] VqALCX::getDepositRequest(0) [staticcall]
    │   └─ ← [Return] Request({ owner: 0x00000000000000000000000000000000000000A1, amount: 1000000000000000000000 [1e21], filled: 1000000000000000000000 [1e21], claimed: 1000000000000000000000 [1e21], cancelled: false })
    ├─ [2188] VqALCX::getDepositRequest(1) [staticcall]
    │   └─ ← [Return] Request({ owner: 0x00000000000000000000000000000000000000b2, amount: 1000000000000000000000 [1e21], filled: 1000000000000000000000 [1e21], claimed: 1000000000000000000000 [1e21], cancelled: false })
    ├─ [2188] VqALCX::getDepositRequest(2) [staticcall]
    │   └─ ← [Return] Request({ owner: 0x00000000000000000000000000000000000000C3, amount: 1000000000000000000000 [1e21], filled: 1000000000000000000000 [1e21], claimed: 1000000000000000000000 [1e21], cancelled: false })
    ├─ [2188] VqALCX::getDepositRequest(3) [staticcall]
    │   └─ ← [Return] Request({ owner: 0x00000000000000000000000000000000000000A1, amount: 1, filled: 0, claimed: 0, cancelled: true })
    ├─ [2188] VqALCX::getDepositRequest(4) [staticcall]
    │   └─ ← [Return] Request({ owner: 0x00000000000000000000000000000000000000A1, amount: 1, filled: 1, claimed: 0, cancelled: false })
    ├─ [0] VM::startPrank(0x00000000000000000000000000000000000000A1)
    │   └─ ← [Return]
    ├─ [38640] VqALCX::deposit(1, 0x00000000000000000000000000000000000000A1)
    │   ├─ emit Transfer(from: 0x0000000000000000000000000000000000000000, to: 0x00000000000000000000000000000000000000A1, value: 1)
    │   ├─ emit Deposit(sender: 0x00000000000000000000000000000000000000A1, owner: 0x00000000000000000000000000000000000000A1, assets: 1, shares: 1)
    │   └─ ← [Return] 1
    ├─ [0] VM::stopPrank()
    │   └─ ← [Return]
    ├─ [1838] VqALCX::depositBucket() [staticcall]
    │   └─ ← [Return] 1000000000000000000000000 [1e24], 1000000000000000000 [1e18], 5, 5, 0, 91, 3029999999999999999997 [3.029e21]
    ├─ [2188] VqALCX::getDepositRequest(0) [staticcall]
    │   └─ ← [Return] Request({ owner: 0x00000000000000000000000000000000000000A1, amount: 1000000000000000000000 [1e21], filled: 1000000000000000000000 [1e21], claimed: 1000000000000000000000 [1e21], cancelled: false })
    ├─ [2188] VqALCX::getDepositRequest(1) [staticcall]
    │   └─ ← [Return] Request({ owner: 0x00000000000000000000000000000000000000b2, amount: 1000000000000000000000 [1e21], filled: 1000000000000000000000 [1e21], claimed: 1000000000000000000000 [1e21], cancelled: false })
    ├─ [2188] VqALCX::getDepositRequest(2) [staticcall]
    │   └─ ← [Return] Request({ owner: 0x00000000000000000000000000000000000000C3, amount: 1000000000000000000000 [1e21], filled: 1000000000000000000000 [1e21], claimed: 1000000000000000000000 [1e21], cancelled: false })
    ├─ [2188] VqALCX::getDepositRequest(3) [staticcall]
    │   └─ ← [Return] Request({ owner: 0x00000000000000000000000000000000000000A1, amount: 1, filled: 0, claimed: 0, cancelled: true })
    ├─ [2188] VqALCX::getDepositRequest(4) [staticcall]
    │   └─ ← [Return] Request({ owner: 0x00000000000000000000000000000000000000A1, amount: 1, filled: 1, claimed: 1, cancelled: false })
    ├─ [850] SystemToken::balanceOf(VqALCX: [0xF62849F9A0B5Bf2913b396098F7c7019b51A820a]) [staticcall]
    │   └─ ← [Return] 3000000000000000000003 [3e21]
    ├─ [545] VqALCX::totalSupply() [staticcall]
    │   └─ ← [Return] 3000000000000000000001 [3e21]
    ├─ [573] VqALCX::depositQueueDepth() [staticcall]
    │   └─ ← [Return] 0
    ├─ [1817] VqALCX::withdrawBucket() [staticcall]
    │   └─ ← [Return] 1000000000000000000000000 [1e24], 1000000000000000000 [1e18], 1, 1, 0, 91, 6029999999999999999998 [6.029e21]
    ├─ [2166] VqALCX::getWithdrawRequest(0) [staticcall]
    │   └─ ← [Return] Request({ owner: 0x00000000000000000000000000000000000000A1, amount: 2, filled: 0, claimed: 0, cancelled: true })
    ├─ [962] VqALCX::balanceOf(VqALCX: [0xF62849F9A0B5Bf2913b396098F7c7019b51A820a]) [staticcall]
    │   └─ ← [Return] 0
    ├─ [529] VqALCX::withdrawQueueDepth() [staticcall]
    │   └─ ← [Return] 0
    ├─ [471] VqAuctioner::currentDepositRound() [staticcall]
    │   └─ ← [Return] 2
    ├─ [3567] VqAuctioner::getDepositRound(1) [staticcall]
    │   └─ ← [Return] Round({ roundId: 1, isDeposit: true, startTime: 31, endTime: 61, capacity: 3000000000000000000000 [3e21], totalFilled: 2, settled: true, highestBidder: 0x00000000000000000000000000000000000000A1, highestBidAmount: 2, highestBidPrice: 1000000000000000002 [1e18] })
    ├─ [471] VqAuctioner::currentDepositRound() [staticcall]
    │   └─ ← [Return] 2
    ├─ [3567] VqAuctioner::getDepositRound(2) [staticcall]
    │   └─ ← [Return] Round({ roundId: 2, isDeposit: true, startTime: 61, endTime: 91, capacity: 3000000000000000000000 [3e21], totalFilled: 0, settled: false, highestBidder: 0x0000000000000000000000000000000000000000, highestBidAmount: 0, highestBidPrice: 0 })
    ├─ [471] VqAuctioner::currentDepositRound() [staticcall]
    │   └─ ← [Return] 2
    ├─ [515] VqAuctioner::currentWithdrawRound() [staticcall]
    │   └─ ← [Return] 2
    ├─ [3499] VqAuctioner::getWithdrawRound(1) [staticcall]
    │   └─ ← [Return] Round({ roundId: 1, isDeposit: false, startTime: 31, endTime: 61, capacity: 3000000000000000000000 [3e21], totalFilled: 2, settled: true, highestBidder: 0x00000000000000000000000000000000000000A1, highestBidAmount: 2, highestBidPrice: 1 })
    ├─ [515] VqAuctioner::currentWithdrawRound() [staticcall]
    │   └─ ← [Return] 2
    ├─ [3499] VqAuctioner::getWithdrawRound(2) [staticcall]
    │   └─ ← [Return] Round({ roundId: 2, isDeposit: false, startTime: 61, endTime: 91, capacity: 3000000000000000000000 [3e21], totalFilled: 0, settled: false, highestBidder: 0x0000000000000000000000000000000000000000, highestBidAmount: 0, highestBidPrice: 0 })
    ├─ [515] VqAuctioner::currentWithdrawRound() [staticcall]
    │   └─ ← [Return] 2
    ├─ [1838] VqALCX::depositBucket() [staticcall]
    │   └─ ← [Return] 1000000000000000000000000 [1e24], 1000000000000000000 [1e18], 5, 5, 0, 91, 3029999999999999999997 [3.029e21]
    ├─ [1817] VqALCX::withdrawBucket() [staticcall]
    │   └─ ← [Return] 1000000000000000000000000 [1e24], 1000000000000000000 [1e18], 1, 1, 0, 91, 6029999999999999999998 [6.029e21]
    ├─ [505] VqALCX::depositBucketRate() [staticcall]
    │   └─ ← [Return] 1000000000000000000 [1e18]
    ├─ [528] VqALCX::withdrawBucketRate() [staticcall]
    │   └─ ← [Return] 1000000000000000000 [1e18]
    ├─ [850] SystemToken::balanceOf(VqAuctioner: [0x5991A2dF15A8F6A256D3Ec51E99254Cd3fb576A9]) [staticcall]
    │   └─ ← [Return] 0
    ├─ [471] VqAuctioner::currentDepositRound() [staticcall]
    │   └─ ← [Return] 2
    ├─ [777] VqAuctioner::depositLockedTotal(2) [staticcall]
    │   └─ ← [Return] 0
    ├─ [962] VqALCX::balanceOf(VqAuctioner: [0x5991A2dF15A8F6A256D3Ec51E99254Cd3fb576A9]) [staticcall]
    │   └─ ← [Return] 0
    ├─ [515] VqAuctioner::currentWithdrawRound() [staticcall]
    │   └─ ← [Return] 2
    ├─ [799] VqAuctioner::withdrawLockedTotal(2) [staticcall]
    │   └─ ← [Return] 0
    ├─ [897] VqStaking::stakedBalanceOf(0x00000000000000000000000000000000000000A1) [staticcall]
    │   └─ ← [Return] 0
    ├─ [2137] VqStaking::earned(0x00000000000000000000000000000000000000A1) [staticcall]
    │   └─ ← [Return] 0
    ├─ [957] VqStaking::delegates(0x00000000000000000000000000000000000000A1) [staticcall]
    │   └─ ← [Return] 0x00000000000000000000000000000000000000A1
    ├─ [897] VqStaking::stakedBalanceOf(0x00000000000000000000000000000000000000A1) [staticcall]
    │   └─ ← [Return] 0
    ├─ [957] VqStaking::delegates(0x00000000000000000000000000000000000000b2) [staticcall]
    │   └─ ← [Return] 0x0000000000000000000000000000000000000000
    ├─ [957] VqStaking::delegates(0x00000000000000000000000000000000000000C3) [staticcall]
    │   └─ ← [Return] 0x0000000000000000000000000000000000000000
    ├─ [1057] VqStaking::getVotes(0x00000000000000000000000000000000000000A1) [staticcall]
    │   └─ ← [Return] 0
    ├─ [897] VqStaking::stakedBalanceOf(0x00000000000000000000000000000000000000b2) [staticcall]
    │   └─ ← [Return] 0
    ├─ [2137] VqStaking::earned(0x00000000000000000000000000000000000000b2) [staticcall]
    │   └─ ← [Return] 0
    ├─ [957] VqStaking::delegates(0x00000000000000000000000000000000000000A1) [staticcall]
    │   └─ ← [Return] 0x00000000000000000000000000000000000000A1
    ├─ [957] VqStaking::delegates(0x00000000000000000000000000000000000000b2) [staticcall]
    │   └─ ← [Return] 0x0000000000000000000000000000000000000000
    ├─ [957] VqStaking::delegates(0x00000000000000000000000000000000000000C3) [staticcall]
    │   └─ ← [Return] 0x0000000000000000000000000000000000000000
    ├─ [1057] VqStaking::getVotes(0x00000000000000000000000000000000000000b2) [staticcall]
    │   └─ ← [Return] 0
    ├─ [897] VqStaking::stakedBalanceOf(0x00000000000000000000000000000000000000C3) [staticcall]
    │   └─ ← [Return] 0
    ├─ [2137] VqStaking::earned(0x00000000000000000000000000000000000000C3) [staticcall]
    │   └─ ← [Return] 0
    ├─ [957] VqStaking::delegates(0x00000000000000000000000000000000000000A1) [staticcall]
    │   └─ ← [Return] 0x00000000000000000000000000000000000000A1
    ├─ [957] VqStaking::delegates(0x00000000000000000000000000000000000000b2) [staticcall]
    │   └─ ← [Return] 0x0000000000000000000000000000000000000000
    ├─ [957] VqStaking::delegates(0x00000000000000000000000000000000000000C3) [staticcall]
    │   └─ ← [Return] 0x0000000000000000000000000000000000000000
    ├─ [1057] VqStaking::getVotes(0x00000000000000000000000000000000000000C3) [staticcall]
    │   └─ ← [Return] 0
    ├─ [455] VqStaking::totalStaked() [staticcall]
    │   └─ ← [Return] 0
    ├─ [962] VqALCX::balanceOf(VqStaking: [0xc7183455a4C133Ae270771860664b6B7ec320bB1]) [staticcall]
    │   └─ ← [Return] 0
    ├─ [850] SystemToken::balanceOf(VqStaking: [0xc7183455a4C133Ae270771860664b6B7ec320bB1]) [staticcall]
    │   └─ ← [Return] 0
    ├─ [850] SystemToken::balanceOf(VqStaking: [0xc7183455a4C133Ae270771860664b6B7ec320bB1]) [staticcall]
    │   └─ ← [Return] 0
    ├─ [962] VqALCX::balanceOf(0x00000000000000000000000000000000000000A1) [staticcall]
    │   └─ ← [Return] 999999999999999999999 [9.999e20]
    ├─ [600] VqALCX::paused() [staticcall]
    │   └─ ← [Return] false
    ├─ [529] VqALCX::withdrawQueueDepth() [staticcall]
    │   └─ ← [Return] 0
    ├─ [0] VM::prank(0x00000000000000000000000000000000000000A1)
    │   └─ ← [Return]
    ├─ [124324] VqALCX::requestWithdraw(2)
    │   ├─ emit Transfer(from: 0x00000000000000000000000000000000000000A1, to: VqALCX: [0xF62849F9A0B5Bf2913b396098F7c7019b51A820a], value: 2)
    │   ├─ emit WithdrawRequested(requestId: 1, owner: 0x00000000000000000000000000000000000000A1, amount: 2)
    │   └─ ← [Return] 1
    ├─ [1838] VqALCX::depositBucket() [staticcall]
    │   └─ ← [Return] 1000000000000000000000000 [1e24], 1000000000000000000 [1e18], 5, 5, 0, 91, 3029999999999999999997 [3.029e21]
    ├─ [2188] VqALCX::getDepositRequest(0) [staticcall]
    │   └─ ← [Return] Request({ owner: 0x00000000000000000000000000000000000000A1, amount: 1000000000000000000000 [1e21], filled: 1000000000000000000000 [1e21], claimed: 1000000000000000000000 [1e21], cancelled: false })
    ├─ [2188] VqALCX::getDepositRequest(1) [staticcall]
    │   └─ ← [Return] Request({ owner: 0x00000000000000000000000000000000000000b2, amount: 1000000000000000000000 [1e21], filled: 1000000000000000000000 [1e21], claimed: 1000000000000000000000 [1e21], cancelled: false })
    ├─ [2188] VqALCX::getDepositRequest(2) [staticcall]
    │   └─ ← [Return] Request({ owner: 0x00000000000000000000000000000000000000C3, amount: 1000000000000000000000 [1e21], filled: 1000000000000000000000 [1e21], claimed: 1000000000000000000000 [1e21], cancelled: false })
    ├─ [2188] VqALCX::getDepositRequest(3) [staticcall]
    │   └─ ← [Return] Request({ owner: 0x00000000000000000000000000000000000000A1, amount: 1, filled: 0, claimed: 0, cancelled: true })
    ├─ [2188] VqALCX::getDepositRequest(4) [staticcall]
    │   └─ ← [Return] Request({ owner: 0x00000000000000000000000000000000000000A1, amount: 1, filled: 1, claimed: 1, cancelled: false })
    ├─ [850] SystemToken::balanceOf(VqALCX: [0xF62849F9A0B5Bf2913b396098F7c7019b51A820a]) [staticcall]
    │   └─ ← [Return] 3000000000000000000003 [3e21]
    ├─ [545] VqALCX::totalSupply() [staticcall]
    │   └─ ← [Return] 3000000000000000000001 [3e21]
    ├─ [573] VqALCX::depositQueueDepth() [staticcall]
    │   └─ ← [Return] 0
    ├─ [1817] VqALCX::withdrawBucket() [staticcall]
    │   └─ ← [Return] 1000000000000000000000000 [1e24], 1000000000000000000 [1e18], 1, 2, 2, 91, 6029999999999999999998 [6.029e21]
    ├─ [2166] VqALCX::getWithdrawRequest(0) [staticcall]
    │   └─ ← [Return] Request({ owner: 0x00000000000000000000000000000000000000A1, amount: 2, filled: 0, claimed: 0, cancelled: true })
    ├─ [2166] VqALCX::getWithdrawRequest(1) [staticcall]
    │   └─ ← [Return] Request({ owner: 0x00000000000000000000000000000000000000A1, amount: 2, filled: 0, claimed: 0, cancelled: false })
    ├─ [962] VqALCX::balanceOf(VqALCX: [0xF62849F9A0B5Bf2913b396098F7c7019b51A820a]) [staticcall]
    │   └─ ← [Return] 2
    ├─ [529] VqALCX::withdrawQueueDepth() [staticcall]
    │   └─ ← [Return] 2
    ├─ [471] VqAuctioner::currentDepositRound() [staticcall]
    │   └─ ← [Return] 2
    ├─ [3567] VqAuctioner::getDepositRound(1) [staticcall]
    │   └─ ← [Return] Round({ roundId: 1, isDeposit: true, startTime: 31, endTime: 61, capacity: 3000000000000000000000 [3e21], totalFilled: 2, settled: true, highestBidder: 0x00000000000000000000000000000000000000A1, highestBidAmount: 2, highestBidPrice: 1000000000000000002 [1e18] })
    ├─ [471] VqAuctioner::currentDepositRound() [staticcall]
    │   └─ ← [Return] 2
    ├─ [3567] VqAuctioner::getDepositRound(2) [staticcall]
    │   └─ ← [Return] Round({ roundId: 2, isDeposit: true, startTime: 61, endTime: 91, capacity: 3000000000000000000000 [3e21], totalFilled: 0, settled: false, highestBidder: 0x0000000000000000000000000000000000000000, highestBidAmount: 0, highestBidPrice: 0 })
    ├─ [471] VqAuctioner::currentDepositRound() [staticcall]
    │   └─ ← [Return] 2
    ├─ [515] VqAuctioner::currentWithdrawRound() [staticcall]
    │   └─ ← [Return] 2
    ├─ [3499] VqAuctioner::getWithdrawRound(1) [staticcall]
    │   └─ ← [Return] Round({ roundId: 1, isDeposit: false, startTime: 31, endTime: 61, capacity: 3000000000000000000000 [3e21], totalFilled: 2, settled: true, highestBidder: 0x00000000000000000000000000000000000000A1, highestBidAmount: 2, highestBidPrice: 1 })
    ├─ [515] VqAuctioner::currentWithdrawRound() [staticcall]
    │   └─ ← [Return] 2
    ├─ [3499] VqAuctioner::getWithdrawRound(2) [staticcall]
    │   └─ ← [Return] Round({ roundId: 2, isDeposit: false, startTime: 61, endTime: 91, capacity: 3000000000000000000000 [3e21], totalFilled: 0, settled: false, highestBidder: 0x0000000000000000000000000000000000000000, highestBidAmount: 0, highestBidPrice: 0 })
    ├─ [515] VqAuctioner::currentWithdrawRound() [staticcall]
    │   └─ ← [Return] 2
    ├─ [1838] VqALCX::depositBucket() [staticcall]
    │   └─ ← [Return] 1000000000000000000000000 [1e24], 1000000000000000000 [1e18], 5, 5, 0, 91, 3029999999999999999997 [3.029e21]
    ├─ [1817] VqALCX::withdrawBucket() [staticcall]
    │   └─ ← [Return] 1000000000000000000000000 [1e24], 1000000000000000000 [1e18], 1, 2, 2, 91, 6029999999999999999998 [6.029e21]
    ├─ [505] VqALCX::depositBucketRate() [staticcall]
    │   └─ ← [Return] 1000000000000000000 [1e18]
    ├─ [528] VqALCX::withdrawBucketRate() [staticcall]
    │   └─ ← [Return] 1000000000000000000 [1e18]
    ├─ [850] SystemToken::balanceOf(VqAuctioner: [0x5991A2dF15A8F6A256D3Ec51E99254Cd3fb576A9]) [staticcall]
    │   └─ ← [Return] 0
    ├─ [471] VqAuctioner::currentDepositRound() [staticcall]
    │   └─ ← [Return] 2
    ├─ [777] VqAuctioner::depositLockedTotal(2) [staticcall]
    │   └─ ← [Return] 0
    ├─ [962] VqALCX::balanceOf(VqAuctioner: [0x5991A2dF15A8F6A256D3Ec51E99254Cd3fb576A9]) [staticcall]
    │   └─ ← [Return] 0
    ├─ [515] VqAuctioner::currentWithdrawRound() [staticcall]
    │   └─ ← [Return] 2
    ├─ [799] VqAuctioner::withdrawLockedTotal(2) [staticcall]
    │   └─ ← [Return] 0
    ├─ [897] VqStaking::stakedBalanceOf(0x00000000000000000000000000000000000000A1) [staticcall]
    │   └─ ← [Return] 0
    ├─ [2137] VqStaking::earned(0x00000000000000000000000000000000000000A1) [staticcall]
    │   └─ ← [Return] 0
    ├─ [957] VqStaking::delegates(0x00000000000000000000000000000000000000A1) [staticcall]
    │   └─ ← [Return] 0x00000000000000000000000000000000000000A1
    ├─ [897] VqStaking::stakedBalanceOf(0x00000000000000000000000000000000000000A1) [staticcall]
    │   └─ ← [Return] 0
    ├─ [957] VqStaking::delegates(0x00000000000000000000000000000000000000b2) [staticcall]
    │   └─ ← [Return] 0x0000000000000000000000000000000000000000
    ├─ [957] VqStaking::delegates(0x00000000000000000000000000000000000000C3) [staticcall]
    │   └─ ← [Return] 0x0000000000000000000000000000000000000000
    ├─ [1057] VqStaking::getVotes(0x00000000000000000000000000000000000000A1) [staticcall]
    │   └─ ← [Return] 0
    ├─ [897] VqStaking::stakedBalanceOf(0x00000000000000000000000000000000000000b2) [staticcall]
    │   └─ ← [Return] 0
    ├─ [2137] VqStaking::earned(0x00000000000000000000000000000000000000b2) [staticcall]
    │   └─ ← [Return] 0
    ├─ [957] VqStaking::delegates(0x00000000000000000000000000000000000000A1) [staticcall]
    │   └─ ← [Return] 0x00000000000000000000000000000000000000A1
    ├─ [957] VqStaking::delegates(0x00000000000000000000000000000000000000b2) [staticcall]
    │   └─ ← [Return] 0x0000000000000000000000000000000000000000
    ├─ [957] VqStaking::delegates(0x00000000000000000000000000000000000000C3) [staticcall]
    │   └─ ← [Return] 0x0000000000000000000000000000000000000000
    ├─ [1057] VqStaking::getVotes(0x00000000000000000000000000000000000000b2) [staticcall]
    │   └─ ← [Return] 0
    ├─ [897] VqStaking::stakedBalanceOf(0x00000000000000000000000000000000000000C3) [staticcall]
    │   └─ ← [Return] 0
    ├─ [2137] VqStaking::earned(0x00000000000000000000000000000000000000C3) [staticcall]
    │   └─ ← [Return] 0
    ├─ [957] VqStaking::delegates(0x00000000000000000000000000000000000000A1) [staticcall]
    │   └─ ← [Return] 0x00000000000000000000000000000000000000A1
    ├─ [957] VqStaking::delegates(0x00000000000000000000000000000000000000b2) [staticcall]
    │   └─ ← [Return] 0x0000000000000000000000000000000000000000
    ├─ [957] VqStaking::delegates(0x00000000000000000000000000000000000000C3) [staticcall]
    │   └─ ← [Return] 0x0000000000000000000000000000000000000000
    ├─ [1057] VqStaking::getVotes(0x00000000000000000000000000000000000000C3) [staticcall]
    │   └─ ← [Return] 0
    ├─ [455] VqStaking::totalStaked() [staticcall]
    │   └─ ← [Return] 0
    ├─ [962] VqALCX::balanceOf(VqStaking: [0xc7183455a4C133Ae270771860664b6B7ec320bB1]) [staticcall]
    │   └─ ← [Return] 0
    ├─ [850] SystemToken::balanceOf(VqStaking: [0xc7183455a4C133Ae270771860664b6B7ec320bB1]) [staticcall]
    │   └─ ← [Return] 0
    ├─ [850] SystemToken::balanceOf(VqStaking: [0xc7183455a4C133Ae270771860664b6B7ec320bB1]) [staticcall]
    │   └─ ← [Return] 0
    ├─ [505] VqALCX::depositBucketRate() [staticcall]
    │   └─ ← [Return] 1000000000000000000 [1e18]
    ├─ [528] VqALCX::withdrawBucketRate() [staticcall]
    │   └─ ← [Return] 1000000000000000000 [1e18]
    ├─ [0] VM::warp(121)
    │   └─ ← [Return]
    ├─ [1838] VqALCX::depositBucket() [staticcall]
    │   └─ ← [Return] 1000000000000000000000000 [1e24], 1000000000000000000 [1e18], 5, 5, 0, 91, 3029999999999999999997 [3.029e21]
    ├─ [2188] VqALCX::getDepositRequest(0) [staticcall]
    │   └─ ← [Return] Request({ owner: 0x00000000000000000000000000000000000000A1, amount: 1000000000000000000000 [1e21], filled: 1000000000000000000000 [1e21], claimed: 1000000000000000000000 [1e21], cancelled: false })
    ├─ [2188] VqALCX::getDepositRequest(1) [staticcall]
    │   └─ ← [Return] Request({ owner: 0x00000000000000000000000000000000000000b2, amount: 1000000000000000000000 [1e21], filled: 1000000000000000000000 [1e21], claimed: 1000000000000000000000 [1e21], cancelled: false })
    ├─ [2188] VqALCX::getDepositRequest(2) [staticcall]
    │   └─ ← [Return] Request({ owner: 0x00000000000000000000000000000000000000C3, amount: 1000000000000000000000 [1e21], filled: 1000000000000000000000 [1e21], claimed: 1000000000000000000000 [1e21], cancelled: false })
    ├─ [2188] VqALCX::getDepositRequest(3) [staticcall]
    │   └─ ← [Return] Request({ owner: 0x00000000000000000000000000000000000000A1, amount: 1, filled: 0, claimed: 0, cancelled: true })
    ├─ [2188] VqALCX::getDepositRequest(4) [staticcall]
    │   └─ ← [Return] Request({ owner: 0x00000000000000000000000000000000000000A1, amount: 1, filled: 1, claimed: 1, cancelled: false })
    ├─ [850] SystemToken::balanceOf(VqALCX: [0xF62849F9A0B5Bf2913b396098F7c7019b51A820a]) [staticcall]
    │   └─ ← [Return] 3000000000000000000003 [3e21]
    ├─ [545] VqALCX::totalSupply() [staticcall]
    │   └─ ← [Return] 3000000000000000000001 [3e21]
    ├─ [573] VqALCX::depositQueueDepth() [staticcall]
    │   └─ ← [Return] 0
    ├─ [1817] VqALCX::withdrawBucket() [staticcall]
    │   └─ ← [Return] 1000000000000000000000000 [1e24], 1000000000000000000 [1e18], 1, 2, 2, 91, 6029999999999999999998 [6.029e21]
    ├─ [2166] VqALCX::getWithdrawRequest(0) [staticcall]
    │   └─ ← [Return] Request({ owner: 0x00000000000000000000000000000000000000A1, amount: 2, filled: 0, claimed: 0, cancelled: true })
    ├─ [2166] VqALCX::getWithdrawRequest(1) [staticcall]
    │   └─ ← [Return] Request({ owner: 0x00000000000000000000000000000000000000A1, amount: 2, filled: 0, claimed: 0, cancelled: false })
    ├─ [962] VqALCX::balanceOf(VqALCX: [0xF62849F9A0B5Bf2913b396098F7c7019b51A820a]) [staticcall]
    │   └─ ← [Return] 2
    ├─ [529] VqALCX::withdrawQueueDepth() [staticcall]
    │   └─ ← [Return] 2
    ├─ [471] VqAuctioner::currentDepositRound() [staticcall]
    │   └─ ← [Return] 2
    ├─ [3567] VqAuctioner::getDepositRound(1) [staticcall]
    │   └─ ← [Return] Round({ roundId: 1, isDeposit: true, startTime: 31, endTime: 61, capacity: 3000000000000000000000 [3e21], totalFilled: 2, settled: true, highestBidder: 0x00000000000000000000000000000000000000A1, highestBidAmount: 2, highestBidPrice: 1000000000000000002 [1e18] })
    ├─ [471] VqAuctioner::currentDepositRound() [staticcall]
    │   └─ ← [Return] 2
    ├─ [3567] VqAuctioner::getDepositRound(2) [staticcall]
    │   └─ ← [Return] Round({ roundId: 2, isDeposit: true, startTime: 61, endTime: 91, capacity: 3000000000000000000000 [3e21], totalFilled: 0, settled: false, highestBidder: 0x0000000000000000000000000000000000000000, highestBidAmount: 0, highestBidPrice: 0 })
    ├─ [471] VqAuctioner::currentDepositRound() [staticcall]
    │   └─ ← [Return] 2
    ├─ [515] VqAuctioner::currentWithdrawRound() [staticcall]
    │   └─ ← [Return] 2
    ├─ [3499] VqAuctioner::getWithdrawRound(1) [staticcall]
    │   └─ ← [Return] Round({ roundId: 1, isDeposit: false, startTime: 31, endTime: 61, capacity: 3000000000000000000000 [3e21], totalFilled: 2, settled: true, highestBidder: 0x00000000000000000000000000000000000000A1, highestBidAmount: 2, highestBidPrice: 1 })
    ├─ [515] VqAuctioner::currentWithdrawRound() [staticcall]
    │   └─ ← [Return] 2
    ├─ [3499] VqAuctioner::getWithdrawRound(2) [staticcall]
    │   └─ ← [Return] Round({ roundId: 2, isDeposit: false, startTime: 61, endTime: 91, capacity: 3000000000000000000000 [3e21], totalFilled: 0, settled: false, highestBidder: 0x0000000000000000000000000000000000000000, highestBidAmount: 0, highestBidPrice: 0 })
    ├─ [515] VqAuctioner::currentWithdrawRound() [staticcall]
    │   └─ ← [Return] 2
    ├─ [1838] VqALCX::depositBucket() [staticcall]
    │   └─ ← [Return] 1000000000000000000000000 [1e24], 1000000000000000000 [1e18], 5, 5, 0, 91, 3029999999999999999997 [3.029e21]
    ├─ [1817] VqALCX::withdrawBucket() [staticcall]
    │   └─ ← [Return] 1000000000000000000000000 [1e24], 1000000000000000000 [1e18], 1, 2, 2, 91, 6029999999999999999998 [6.029e21]
    ├─ [505] VqALCX::depositBucketRate() [staticcall]
    │   └─ ← [Return] 1000000000000000000 [1e18]
    ├─ [528] VqALCX::withdrawBucketRate() [staticcall]
    │   └─ ← [Return] 1000000000000000000 [1e18]
    ├─ [850] SystemToken::balanceOf(VqAuctioner: [0x5991A2dF15A8F6A256D3Ec51E99254Cd3fb576A9]) [staticcall]
    │   └─ ← [Return] 0
    ├─ [471] VqAuctioner::currentDepositRound() [staticcall]
    │   └─ ← [Return] 2
    ├─ [777] VqAuctioner::depositLockedTotal(2) [staticcall]
    │   └─ ← [Return] 0
    ├─ [962] VqALCX::balanceOf(VqAuctioner: [0x5991A2dF15A8F6A256D3Ec51E99254Cd3fb576A9]) [staticcall]
    │   └─ ← [Return] 0
    ├─ [515] VqAuctioner::currentWithdrawRound() [staticcall]
    │   └─ ← [Return] 2
    ├─ [799] VqAuctioner::withdrawLockedTotal(2) [staticcall]
    │   └─ ← [Return] 0
    ├─ [897] VqStaking::stakedBalanceOf(0x00000000000000000000000000000000000000A1) [staticcall]
    │   └─ ← [Return] 0
    ├─ [2137] VqStaking::earned(0x00000000000000000000000000000000000000A1) [staticcall]
    │   └─ ← [Return] 0
    ├─ [957] VqStaking::delegates(0x00000000000000000000000000000000000000A1) [staticcall]
    │   └─ ← [Return] 0x00000000000000000000000000000000000000A1
    ├─ [897] VqStaking::stakedBalanceOf(0x00000000000000000000000000000000000000A1) [staticcall]
    │   └─ ← [Return] 0
    ├─ [957] VqStaking::delegates(0x00000000000000000000000000000000000000b2) [staticcall]
    │   └─ ← [Return] 0x0000000000000000000000000000000000000000
    ├─ [957] VqStaking::delegates(0x00000000000000000000000000000000000000C3) [staticcall]
    │   └─ ← [Return] 0x0000000000000000000000000000000000000000
    ├─ [1057] VqStaking::getVotes(0x00000000000000000000000000000000000000A1) [staticcall]
    │   └─ ← [Return] 0
    ├─ [897] VqStaking::stakedBalanceOf(0x00000000000000000000000000000000000000b2) [staticcall]
    │   └─ ← [Return] 0
    ├─ [2137] VqStaking::earned(0x00000000000000000000000000000000000000b2) [staticcall]
    │   └─ ← [Return] 0
    ├─ [957] VqStaking::delegates(0x00000000000000000000000000000000000000A1) [staticcall]
    │   └─ ← [Return] 0x00000000000000000000000000000000000000A1
    ├─ [957] VqStaking::delegates(0x00000000000000000000000000000000000000b2) [staticcall]
    │   └─ ← [Return] 0x0000000000000000000000000000000000000000
    ├─ [957] VqStaking::delegates(0x00000000000000000000000000000000000000C3) [staticcall]
    │   └─ ← [Return] 0x0000000000000000000000000000000000000000
    ├─ [1057] VqStaking::getVotes(0x00000000000000000000000000000000000000b2) [staticcall]
    │   └─ ← [Return] 0
    ├─ [897] VqStaking::stakedBalanceOf(0x00000000000000000000000000000000000000C3) [staticcall]
    │   └─ ← [Return] 0
    ├─ [2137] VqStaking::earned(0x00000000000000000000000000000000000000C3) [staticcall]
    │   └─ ← [Return] 0
    ├─ [957] VqStaking::delegates(0x00000000000000000000000000000000000000A1) [staticcall]
    │   └─ ← [Return] 0x00000000000000000000000000000000000000A1
    ├─ [957] VqStaking::delegates(0x00000000000000000000000000000000000000b2) [staticcall]
    │   └─ ← [Return] 0x0000000000000000000000000000000000000000
    ├─ [957] VqStaking::delegates(0x00000000000000000000000000000000000000C3) [staticcall]
    │   └─ ← [Return] 0x0000000000000000000000000000000000000000
    ├─ [1057] VqStaking::getVotes(0x00000000000000000000000000000000000000C3) [staticcall]
    │   └─ ← [Return] 0
    ├─ [455] VqStaking::totalStaked() [staticcall]
    │   └─ ← [Return] 0
    ├─ [962] VqALCX::balanceOf(VqStaking: [0xc7183455a4C133Ae270771860664b6B7ec320bB1]) [staticcall]
    │   └─ ← [Return] 0
    ├─ [850] SystemToken::balanceOf(VqStaking: [0xc7183455a4C133Ae270771860664b6B7ec320bB1]) [staticcall]
    │   └─ ← [Return] 0
    ├─ [850] SystemToken::balanceOf(VqStaking: [0xc7183455a4C133Ae270771860664b6B7ec320bB1]) [staticcall]
    │   └─ ← [Return] 0
    ├─ [25959] VqALCX::drip()
    │   └─ ← [Stop]
    ├─ [1817] VqALCX::withdrawBucket() [staticcall]
    │   └─ ← [Return] 1000000000000000000000000 [1e24], 1000000000000000000 [1e18], 2, 2, 0, 121, 6059999999999999999996 [6.059e21]
    ├─ [2166] VqALCX::getWithdrawRequest(0) [staticcall]
    │   └─ ← [Return] Request({ owner: 0x00000000000000000000000000000000000000A1, amount: 2, filled: 0, claimed: 0, cancelled: true })
    ├─ [2166] VqALCX::getWithdrawRequest(1) [staticcall]
    │   └─ ← [Return] Request({ owner: 0x00000000000000000000000000000000000000A1, amount: 2, filled: 2, claimed: 0, cancelled: false })
    ├─ [0] VM::startPrank(0x00000000000000000000000000000000000000A1)
    │   └─ ← [Return]
    ├─ [37758] VqALCX::withdraw(2, 0x00000000000000000000000000000000000000A1, 0x00000000000000000000000000000000000000A1)
    │   ├─ emit Transfer(from: VqALCX: [0xF62849F9A0B5Bf2913b396098F7c7019b51A820a], to: 0x0000000000000000000000000000000000000000, value: 2)
    │   ├─ [3845] SystemToken::transfer(0x00000000000000000000000000000000000000A1, 2)
    │   │   ├─ emit Transfer(from: VqALCX: [0xF62849F9A0B5Bf2913b396098F7c7019b51A820a], to: 0x00000000000000000000000000000000000000A1, value: 2)
    │   │   └─ ← [Return] true
    │   ├─ emit Withdraw(sender: 0x00000000000000000000000000000000000000A1, receiver: 0x00000000000000000000000000000000000000A1, owner: 0x00000000000000000000000000000000000000A1, assets: 2, shares: 2)
    │   └─ ← [Return] 2
    ├─ [0] VM::stopPrank()
    │   └─ ← [Return]
    ├─ [1838] VqALCX::depositBucket() [staticcall]
    │   └─ ← [Return] 1000000000000000000000000 [1e24], 1000000000000000000 [1e18], 5, 5, 0, 121, 3059999999999999999997 [3.059e21]
    ├─ [2188] VqALCX::getDepositRequest(0) [staticcall]
    │   └─ ← [Return] Request({ owner: 0x00000000000000000000000000000000000000A1, amount: 1000000000000000000000 [1e21], filled: 1000000000000000000000 [1e21], claimed: 1000000000000000000000 [1e21], cancelled: false })
    ├─ [2188] VqALCX::getDepositRequest(1) [staticcall]
    │   └─ ← [Return] Request({ owner: 0x00000000000000000000000000000000000000b2, amount: 1000000000000000000000 [1e21], filled: 1000000000000000000000 [1e21], claimed: 1000000000000000000000 [1e21], cancelled: false })
    ├─ [2188] VqALCX::getDepositRequest(2) [staticcall]
    │   └─ ← [Return] Request({ owner: 0x00000000000000000000000000000000000000C3, amount: 1000000000000000000000 [1e21], filled: 1000000000000000000000 [1e21], claimed: 1000000000000000000000 [1e21], cancelled: false })
    ├─ [2188] VqALCX::getDepositRequest(3) [staticcall]
    │   └─ ← [Return] Request({ owner: 0x00000000000000000000000000000000000000A1, amount: 1, filled: 0, claimed: 0, cancelled: true })
    ├─ [2188] VqALCX::getDepositRequest(4) [staticcall]
    │   └─ ← [Return] Request({ owner: 0x00000000000000000000000000000000000000A1, amount: 1, filled: 1, claimed: 1, cancelled: false })
    ├─ [850] SystemToken::balanceOf(VqALCX: [0xF62849F9A0B5Bf2913b396098F7c7019b51A820a]) [staticcall]
    │   └─ ← [Return] 3000000000000000000001 [3e21]
    ├─ [545] VqALCX::totalSupply() [staticcall]
    │   └─ ← [Return] 2999999999999999999999 [2.999e21]
    ├─ [573] VqALCX::depositQueueDepth() [staticcall]
    │   └─ ← [Return] 0
    ├─ [1817] VqALCX::withdrawBucket() [staticcall]
    │   └─ ← [Return] 1000000000000000000000000 [1e24], 1000000000000000000 [1e18], 2, 2, 0, 121, 6059999999999999999996 [6.059e21]
    ├─ [2166] VqALCX::getWithdrawRequest(0) [staticcall]
    │   └─ ← [Return] Request({ owner: 0x00000000000000000000000000000000000000A1, amount: 2, filled: 0, claimed: 0, cancelled: true })
    ├─ [2166] VqALCX::getWithdrawRequest(1) [staticcall]
    │   └─ ← [Return] Request({ owner: 0x00000000000000000000000000000000000000A1, amount: 2, filled: 2, claimed: 2, cancelled: false })
    ├─ [962] VqALCX::balanceOf(VqALCX: [0xF62849F9A0B5Bf2913b396098F7c7019b51A820a]) [staticcall]
    │   └─ ← [Return] 0
    ├─ [529] VqALCX::withdrawQueueDepth() [staticcall]
    │   └─ ← [Return] 0
    ├─ [471] VqAuctioner::currentDepositRound() [staticcall]
    │   └─ ← [Return] 2
    ├─ [3567] VqAuctioner::getDepositRound(1) [staticcall]
    │   └─ ← [Return] Round({ roundId: 1, isDeposit: true, startTime: 31, endTime: 61, capacity: 3000000000000000000000 [3e21], totalFilled: 2, settled: true, highestBidder: 0x00000000000000000000000000000000000000A1, highestBidAmount: 2, highestBidPrice: 1000000000000000002 [1e18] })
    ├─ [471] VqAuctioner::currentDepositRound() [staticcall]
    │   └─ ← [Return] 2
    ├─ [3567] VqAuctioner::getDepositRound(2) [staticcall]
    │   └─ ← [Return] Round({ roundId: 2, isDeposit: true, startTime: 61, endTime: 91, capacity: 3000000000000000000000 [3e21], totalFilled: 0, settled: false, highestBidder: 0x0000000000000000000000000000000000000000, highestBidAmount: 0, highestBidPrice: 0 })
    ├─ [471] VqAuctioner::currentDepositRound() [staticcall]
    │   └─ ← [Return] 2
    ├─ [515] VqAuctioner::currentWithdrawRound() [staticcall]
    │   └─ ← [Return] 2
    ├─ [3499] VqAuctioner::getWithdrawRound(1) [staticcall]
    │   └─ ← [Return] Round({ roundId: 1, isDeposit: false, startTime: 31, endTime: 61, capacity: 3000000000000000000000 [3e21], totalFilled: 2, settled: true, highestBidder: 0x00000000000000000000000000000000000000A1, highestBidAmount: 2, highestBidPrice: 1 })
    ├─ [515] VqAuctioner::currentWithdrawRound() [staticcall]
    │   └─ ← [Return] 2
    ├─ [3499] VqAuctioner::getWithdrawRound(2) [staticcall]
    │   └─ ← [Return] Round({ roundId: 2, isDeposit: false, startTime: 61, endTime: 91, capacity: 3000000000000000000000 [3e21], totalFilled: 0, settled: false, highestBidder: 0x0000000000000000000000000000000000000000, highestBidAmount: 0, highestBidPrice: 0 })
    ├─ [515] VqAuctioner::currentWithdrawRound() [staticcall]
    │   └─ ← [Return] 2
    ├─ [1838] VqALCX::depositBucket() [staticcall]
    │   └─ ← [Return] 1000000000000000000000000 [1e24], 1000000000000000000 [1e18], 5, 5, 0, 121, 3059999999999999999997 [3.059e21]
    ├─ [1817] VqALCX::withdrawBucket() [staticcall]
    │   └─ ← [Return] 1000000000000000000000000 [1e24], 1000000000000000000 [1e18], 2, 2, 0, 121, 6059999999999999999996 [6.059e21]
    ├─ [505] VqALCX::depositBucketRate() [staticcall]
    │   └─ ← [Return] 1000000000000000000 [1e18]
    ├─ [528] VqALCX::withdrawBucketRate() [staticcall]
    │   └─ ← [Return] 1000000000000000000 [1e18]
    ├─ [850] SystemToken::balanceOf(VqAuctioner: [0x5991A2dF15A8F6A256D3Ec51E99254Cd3fb576A9]) [staticcall]
    │   └─ ← [Return] 0
    ├─ [471] VqAuctioner::currentDepositRound() [staticcall]
    │   └─ ← [Return] 2
    ├─ [777] VqAuctioner::depositLockedTotal(2) [staticcall]
    │   └─ ← [Return] 0
    ├─ [962] VqALCX::balanceOf(VqAuctioner: [0x5991A2dF15A8F6A256D3Ec51E99254Cd3fb576A9]) [staticcall]
    │   └─ ← [Return] 0
    ├─ [515] VqAuctioner::currentWithdrawRound() [staticcall]
    │   └─ ← [Return] 2
    ├─ [799] VqAuctioner::withdrawLockedTotal(2) [staticcall]
    │   └─ ← [Return] 0
    ├─ [897] VqStaking::stakedBalanceOf(0x00000000000000000000000000000000000000A1) [staticcall]
    │   └─ ← [Return] 0
    ├─ [2137] VqStaking::earned(0x00000000000000000000000000000000000000A1) [staticcall]
    │   └─ ← [Return] 0
    ├─ [957] VqStaking::delegates(0x00000000000000000000000000000000000000A1) [staticcall]
    │   └─ ← [Return] 0x00000000000000000000000000000000000000A1
    ├─ [897] VqStaking::stakedBalanceOf(0x00000000000000000000000000000000000000A1) [staticcall]
    │   └─ ← [Return] 0
    ├─ [957] VqStaking::delegates(0x00000000000000000000000000000000000000b2) [staticcall]
    │   └─ ← [Return] 0x0000000000000000000000000000000000000000
    ├─ [957] VqStaking::delegates(0x00000000000000000000000000000000000000C3) [staticcall]
    │   └─ ← [Return] 0x0000000000000000000000000000000000000000
    ├─ [1057] VqStaking::getVotes(0x00000000000000000000000000000000000000A1) [staticcall]
    │   └─ ← [Return] 0
    ├─ [897] VqStaking::stakedBalanceOf(0x00000000000000000000000000000000000000b2) [staticcall]
    │   └─ ← [Return] 0
    ├─ [2137] VqStaking::earned(0x00000000000000000000000000000000000000b2) [staticcall]
    │   └─ ← [Return] 0
    ├─ [957] VqStaking::delegates(0x00000000000000000000000000000000000000A1) [staticcall]
    │   └─ ← [Return] 0x00000000000000000000000000000000000000A1
    ├─ [957] VqStaking::delegates(0x00000000000000000000000000000000000000b2) [staticcall]
    │   └─ ← [Return] 0x0000000000000000000000000000000000000000
    ├─ [957] VqStaking::delegates(0x00000000000000000000000000000000000000C3) [staticcall]
    │   └─ ← [Return] 0x0000000000000000000000000000000000000000
    ├─ [1057] VqStaking::getVotes(0x00000000000000000000000000000000000000b2) [staticcall]
    │   └─ ← [Return] 0
    ├─ [897] VqStaking::stakedBalanceOf(0x00000000000000000000000000000000000000C3) [staticcall]
    │   └─ ← [Return] 0
    ├─ [2137] VqStaking::earned(0x00000000000000000000000000000000000000C3) [staticcall]
    │   └─ ← [Return] 0
    ├─ [957] VqStaking::delegates(0x00000000000000000000000000000000000000A1) [staticcall]
    │   └─ ← [Return] 0x00000000000000000000000000000000000000A1
    ├─ [957] VqStaking::delegates(0x00000000000000000000000000000000000000b2) [staticcall]
    │   └─ ← [Return] 0x0000000000000000000000000000000000000000
    ├─ [957] VqStaking::delegates(0x00000000000000000000000000000000000000C3) [staticcall]
    │   └─ ← [Return] 0x0000000000000000000000000000000000000000
    ├─ [1057] VqStaking::getVotes(0x00000000000000000000000000000000000000C3) [staticcall]
    │   └─ ← [Return] 0
    ├─ [455] VqStaking::totalStaked() [staticcall]
    │   └─ ← [Return] 0
    ├─ [962] VqALCX::balanceOf(VqStaking: [0xc7183455a4C133Ae270771860664b6B7ec320bB1]) [staticcall]
    │   └─ ← [Return] 0
    ├─ [850] SystemToken::balanceOf(VqStaking: [0xc7183455a4C133Ae270771860664b6B7ec320bB1]) [staticcall]
    │   └─ ← [Return] 0
    ├─ [850] SystemToken::balanceOf(VqStaking: [0xc7183455a4C133Ae270771860664b6B7ec320bB1]) [staticcall]
    │   └─ ← [Return] 0
    ├─ [3491] SystemToken::mint(VqALCX: [0xF62849F9A0B5Bf2913b396098F7c7019b51A820a], 24949455050119763360 [2.494e19])
    │   ├─ emit Transfer(from: 0x0000000000000000000000000000000000000000, to: VqALCX: [0xF62849F9A0B5Bf2913b396098F7c7019b51A820a], value: 24949455050119763360 [2.494e19])
    │   └─ ← [Stop]
    ├─ [1838] VqALCX::depositBucket() [staticcall]
    │   └─ ← [Return] 1000000000000000000000000 [1e24], 1000000000000000000 [1e18], 5, 5, 0, 121, 3059999999999999999997 [3.059e21]
    ├─ [2188] VqALCX::getDepositRequest(0) [staticcall]
    │   └─ ← [Return] Request({ owner: 0x00000000000000000000000000000000000000A1, amount: 1000000000000000000000 [1e21], filled: 1000000000000000000000 [1e21], claimed: 1000000000000000000000 [1e21], cancelled: false })
    ├─ [2188] VqALCX::getDepositRequest(1) [staticcall]
    │   └─ ← [Return] Request({ owner: 0x00000000000000000000000000000000000000b2, amount: 1000000000000000000000 [1e21], filled: 1000000000000000000000 [1e21], claimed: 1000000000000000000000 [1e21], cancelled: false })
    ├─ [2188] VqALCX::getDepositRequest(2) [staticcall]
    │   └─ ← [Return] Request({ owner: 0x00000000000000000000000000000000000000C3, amount: 1000000000000000000000 [1e21], filled: 1000000000000000000000 [1e21], claimed: 1000000000000000000000 [1e21], cancelled: false })
    ├─ [2188] VqALCX::getDepositRequest(3) [staticcall]
    │   └─ ← [Return] Request({ owner: 0x00000000000000000000000000000000000000A1, amount: 1, filled: 0, claimed: 0, cancelled: true })
    ├─ [2188] VqALCX::getDepositRequest(4) [staticcall]
    │   └─ ← [Return] Request({ owner: 0x00000000000000000000000000000000000000A1, amount: 1, filled: 1, claimed: 1, cancelled: false })
    ├─ [850] SystemToken::balanceOf(VqALCX: [0xF62849F9A0B5Bf2913b396098F7c7019b51A820a]) [staticcall]
    │   └─ ← [Return] 3024949455050119763361 [3.024e21]
    ├─ [545] VqALCX::totalSupply() [staticcall]
    │   └─ ← [Return] 2999999999999999999999 [2.999e21]
    ├─ [573] VqALCX::depositQueueDepth() [staticcall]
    │   └─ ← [Return] 0
    ├─ [1817] VqALCX::withdrawBucket() [staticcall]
    │   └─ ← [Return] 1000000000000000000000000 [1e24], 1000000000000000000 [1e18], 2, 2, 0, 121, 6059999999999999999996 [6.059e21]
    ├─ [2166] VqALCX::getWithdrawRequest(0) [staticcall]
    │   └─ ← [Return] Request({ owner: 0x00000000000000000000000000000000000000A1, amount: 2, filled: 0, claimed: 0, cancelled: true })
    ├─ [2166] VqALCX::getWithdrawRequest(1) [staticcall]
    │   └─ ← [Return] Request({ owner: 0x00000000000000000000000000000000000000A1, amount: 2, filled: 2, claimed: 2, cancelled: false })
    ├─ [962] VqALCX::balanceOf(VqALCX: [0xF62849F9A0B5Bf2913b396098F7c7019b51A820a]) [staticcall]
    │   └─ ← [Return] 0
    ├─ [529] VqALCX::withdrawQueueDepth() [staticcall]
    │   └─ ← [Return] 0
    ├─ [471] VqAuctioner::currentDepositRound() [staticcall]
    │   └─ ← [Return] 2
    ├─ [3567] VqAuctioner::getDepositRound(1) [staticcall]
    │   └─ ← [Return] Round({ roundId: 1, isDeposit: true, startTime: 31, endTime: 61, capacity: 3000000000000000000000 [3e21], totalFilled: 2, settled: true, highestBidder: 0x00000000000000000000000000000000000000A1, highestBidAmount: 2, highestBidPrice: 1000000000000000002 [1e18] })
    ├─ [471] VqAuctioner::currentDepositRound() [staticcall]
    │   └─ ← [Return] 2
    ├─ [3567] VqAuctioner::getDepositRound(2) [staticcall]
    │   └─ ← [Return] Round({ roundId: 2, isDeposit: true, startTime: 61, endTime: 91, capacity: 3000000000000000000000 [3e21], totalFilled: 0, settled: false, highestBidder: 0x0000000000000000000000000000000000000000, highestBidAmount: 0, highestBidPrice: 0 })
    ├─ [471] VqAuctioner::currentDepositRound() [staticcall]
    │   └─ ← [Return] 2
    ├─ [515] VqAuctioner::currentWithdrawRound() [staticcall]
    │   └─ ← [Return] 2
    ├─ [3499] VqAuctioner::getWithdrawRound(1) [staticcall]
    │   └─ ← [Return] Round({ roundId: 1, isDeposit: false, startTime: 31, endTime: 61, capacity: 3000000000000000000000 [3e21], totalFilled: 2, settled: true, highestBidder: 0x00000000000000000000000000000000000000A1, highestBidAmount: 2, highestBidPrice: 1 })
    ├─ [515] VqAuctioner::currentWithdrawRound() [staticcall]
    │   └─ ← [Return] 2
    ├─ [3499] VqAuctioner::getWithdrawRound(2) [staticcall]
    │   └─ ← [Return] Round({ roundId: 2, isDeposit: false, startTime: 61, endTime: 91, capacity: 3000000000000000000000 [3e21], totalFilled: 0, settled: false, highestBidder: 0x0000000000000000000000000000000000000000, highestBidAmount: 0, highestBidPrice: 0 })
    ├─ [515] VqAuctioner::currentWithdrawRound() [staticcall]
    │   └─ ← [Return] 2
    ├─ [1838] VqALCX::depositBucket() [staticcall]
    │   └─ ← [Return] 1000000000000000000000000 [1e24], 1000000000000000000 [1e18], 5, 5, 0, 121, 3059999999999999999997 [3.059e21]
    ├─ [1817] VqALCX::withdrawBucket() [staticcall]
    │   └─ ← [Return] 1000000000000000000000000 [1e24], 1000000000000000000 [1e18], 2, 2, 0, 121, 6059999999999999999996 [6.059e21]
    ├─ [505] VqALCX::depositBucketRate() [staticcall]
    │   └─ ← [Return] 1000000000000000000 [1e18]
    ├─ [528] VqALCX::withdrawBucketRate() [staticcall]
    │   └─ ← [Return] 1000000000000000000 [1e18]
    ├─ [850] SystemToken::balanceOf(VqAuctioner: [0x5991A2dF15A8F6A256D3Ec51E99254Cd3fb576A9]) [staticcall]
    │   └─ ← [Return] 0
    ├─ [471] VqAuctioner::currentDepositRound() [staticcall]
    │   └─ ← [Return] 2
    ├─ [777] VqAuctioner::depositLockedTotal(2) [staticcall]
    │   └─ ← [Return] 0
    ├─ [962] VqALCX::balanceOf(VqAuctioner: [0x5991A2dF15A8F6A256D3Ec51E99254Cd3fb576A9]) [staticcall]
    │   └─ ← [Return] 0
    ├─ [515] VqAuctioner::currentWithdrawRound() [staticcall]
    │   └─ ← [Return] 2
    ├─ [799] VqAuctioner::withdrawLockedTotal(2) [staticcall]
    │   └─ ← [Return] 0
    ├─ [897] VqStaking::stakedBalanceOf(0x00000000000000000000000000000000000000A1) [staticcall]
    │   └─ ← [Return] 0
    ├─ [2137] VqStaking::earned(0x00000000000000000000000000000000000000A1) [staticcall]
    │   └─ ← [Return] 0
    ├─ [957] VqStaking::delegates(0x00000000000000000000000000000000000000A1) [staticcall]
    │   └─ ← [Return] 0x00000000000000000000000000000000000000A1
    ├─ [897] VqStaking::stakedBalanceOf(0x00000000000000000000000000000000000000A1) [staticcall]
    │   └─ ← [Return] 0
    ├─ [957] VqStaking::delegates(0x00000000000000000000000000000000000000b2) [staticcall]
    │   └─ ← [Return] 0x0000000000000000000000000000000000000000
    ├─ [957] VqStaking::delegates(0x00000000000000000000000000000000000000C3) [staticcall]
    │   └─ ← [Return] 0x0000000000000000000000000000000000000000
    ├─ [1057] VqStaking::getVotes(0x00000000000000000000000000000000000000A1) [staticcall]
    │   └─ ← [Return] 0
    ├─ [897] VqStaking::stakedBalanceOf(0x00000000000000000000000000000000000000b2) [staticcall]
    │   └─ ← [Return] 0
    ├─ [2137] VqStaking::earned(0x00000000000000000000000000000000000000b2) [staticcall]
    │   └─ ← [Return] 0
    ├─ [957] VqStaking::delegates(0x00000000000000000000000000000000000000A1) [staticcall]
    │   └─ ← [Return] 0x00000000000000000000000000000000000000A1
    ├─ [957] VqStaking::delegates(0x00000000000000000000000000000000000000b2) [staticcall]
    │   └─ ← [Return] 0x0000000000000000000000000000000000000000
    ├─ [957] VqStaking::delegates(0x00000000000000000000000000000000000000C3) [staticcall]
    │   └─ ← [Return] 0x0000000000000000000000000000000000000000
    ├─ [1057] VqStaking::getVotes(0x00000000000000000000000000000000000000b2) [staticcall]
    │   └─ ← [Return] 0
    ├─ [897] VqStaking::stakedBalanceOf(0x00000000000000000000000000000000000000C3) [staticcall]
    │   └─ ← [Return] 0
    ├─ [2137] VqStaking::earned(0x00000000000000000000000000000000000000C3) [staticcall]
    │   └─ ← [Return] 0
    ├─ [957] VqStaking::delegates(0x00000000000000000000000000000000000000A1) [staticcall]
    │   └─ ← [Return] 0x00000000000000000000000000000000000000A1
    ├─ [957] VqStaking::delegates(0x00000000000000000000000000000000000000b2) [staticcall]
    │   └─ ← [Return] 0x0000000000000000000000000000000000000000
    ├─ [957] VqStaking::delegates(0x00000000000000000000000000000000000000C3) [staticcall]
    │   └─ ← [Return] 0x0000000000000000000000000000000000000000
    ├─ [1057] VqStaking::getVotes(0x00000000000000000000000000000000000000C3) [staticcall]
    │   └─ ← [Return] 0
    ├─ [455] VqStaking::totalStaked() [staticcall]
    │   └─ ← [Return] 0
    ├─ [962] VqALCX::balanceOf(VqStaking: [0xc7183455a4C133Ae270771860664b6B7ec320bB1]) [staticcall]
    │   └─ ← [Return] 0
    ├─ [850] SystemToken::balanceOf(VqStaking: [0xc7183455a4C133Ae270771860664b6B7ec320bB1]) [staticcall]
    │   └─ ← [Return] 0
    ├─ [850] SystemToken::balanceOf(VqStaking: [0xc7183455a4C133Ae270771860664b6B7ec320bB1]) [staticcall]
    │   └─ ← [Return] 0
    ├─ [515] VqAuctioner::currentWithdrawRound() [staticcall]
    │   └─ ← [Return] 2
    ├─ [3499] VqAuctioner::getWithdrawRound(2) [staticcall]
    │   └─ ← [Return] Round({ roundId: 2, isDeposit: false, startTime: 61, endTime: 91, capacity: 3000000000000000000000 [3e21], totalFilled: 0, settled: false, highestBidder: 0x0000000000000000000000000000000000000000, highestBidAmount: 0, highestBidPrice: 0 })
    ├─ [1838] VqALCX::depositBucket() [staticcall]
    │   └─ ← [Return] 1000000000000000000000000 [1e24], 1000000000000000000 [1e18], 5, 5, 0, 121, 3059999999999999999997 [3.059e21]
    ├─ [2188] VqALCX::getDepositRequest(0) [staticcall]
    │   └─ ← [Return] Request({ owner: 0x00000000000000000000000000000000000000A1, amount: 1000000000000000000000 [1e21], filled: 1000000000000000000000 [1e21], claimed: 1000000000000000000000 [1e21], cancelled: false })
    ├─ [2188] VqALCX::getDepositRequest(1) [staticcall]
    │   └─ ← [Return] Request({ owner: 0x00000000000000000000000000000000000000b2, amount: 1000000000000000000000 [1e21], filled: 1000000000000000000000 [1e21], claimed: 1000000000000000000000 [1e21], cancelled: false })
    ├─ [2188] VqALCX::getDepositRequest(2) [staticcall]
    │   └─ ← [Return] Request({ owner: 0x00000000000000000000000000000000000000C3, amount: 1000000000000000000000 [1e21], filled: 1000000000000000000000 [1e21], claimed: 1000000000000000000000 [1e21], cancelled: false })
    ├─ [2188] VqALCX::getDepositRequest(3) [staticcall]
    │   └─ ← [Return] Request({ owner: 0x00000000000000000000000000000000000000A1, amount: 1, filled: 0, claimed: 0, cancelled: true })
    ├─ [2188] VqALCX::getDepositRequest(4) [staticcall]
    │   └─ ← [Return] Request({ owner: 0x00000000000000000000000000000000000000A1, amount: 1, filled: 1, claimed: 1, cancelled: false })
    ├─ [850] SystemToken::balanceOf(VqALCX: [0xF62849F9A0B5Bf2913b396098F7c7019b51A820a]) [staticcall]
    │   └─ ← [Return] 3024949455050119763361 [3.024e21]
    ├─ [545] VqALCX::totalSupply() [staticcall]
    │   └─ ← [Return] 2999999999999999999999 [2.999e21]
    ├─ [573] VqALCX::depositQueueDepth() [staticcall]
    │   └─ ← [Return] 0
    ├─ [1817] VqALCX::withdrawBucket() [staticcall]
    │   └─ ← [Return] 1000000000000000000000000 [1e24], 1000000000000000000 [1e18], 2, 2, 0, 121, 6059999999999999999996 [6.059e21]
    ├─ [2166] VqALCX::getWithdrawRequest(0) [staticcall]
    │   └─ ← [Return] Request({ owner: 0x00000000000000000000000000000000000000A1, amount: 2, filled: 0, claimed: 0, cancelled: true })
    ├─ [2166] VqALCX::getWithdrawRequest(1) [staticcall]
    │   └─ ← [Return] Request({ owner: 0x00000000000000000000000000000000000000A1, amount: 2, filled: 2, claimed: 2, cancelled: false })
    ├─ [962] VqALCX::balanceOf(VqALCX: [0xF62849F9A0B5Bf2913b396098F7c7019b51A820a]) [staticcall]
    │   └─ ← [Return] 0
    ├─ [529] VqALCX::withdrawQueueDepth() [staticcall]
    │   └─ ← [Return] 0
    ├─ [471] VqAuctioner::currentDepositRound() [staticcall]
    │   └─ ← [Return] 2
    ├─ [3567] VqAuctioner::getDepositRound(1) [staticcall]
    │   └─ ← [Return] Round({ roundId: 1, isDeposit: true, startTime: 31, endTime: 61, capacity: 3000000000000000000000 [3e21], totalFilled: 2, settled: true, highestBidder: 0x00000000000000000000000000000000000000A1, highestBidAmount: 2, highestBidPrice: 1000000000000000002 [1e18] })
    ├─ [471] VqAuctioner::currentDepositRound() [staticcall]
    │   └─ ← [Return] 2
    ├─ [3567] VqAuctioner::getDepositRound(2) [staticcall]
    │   └─ ← [Return] Round({ roundId: 2, isDeposit: true, startTime: 61, endTime: 91, capacity: 3000000000000000000000 [3e21], totalFilled: 0, settled: false, highestBidder: 0x0000000000000000000000000000000000000000, highestBidAmount: 0, highestBidPrice: 0 })
    ├─ [471] VqAuctioner::currentDepositRound() [staticcall]
    │   └─ ← [Return] 2
    ├─ [515] VqAuctioner::currentWithdrawRound() [staticcall]
    │   └─ ← [Return] 2
    ├─ [3499] VqAuctioner::getWithdrawRound(1) [staticcall]
    │   └─ ← [Return] Round({ roundId: 1, isDeposit: false, startTime: 31, endTime: 61, capacity: 3000000000000000000000 [3e21], totalFilled: 2, settled: true, highestBidder: 0x00000000000000000000000000000000000000A1, highestBidAmount: 2, highestBidPrice: 1 })
    ├─ [515] VqAuctioner::currentWithdrawRound() [staticcall]
    │   └─ ← [Return] 2
    ├─ [3499] VqAuctioner::getWithdrawRound(2) [staticcall]
    │   └─ ← [Return] Round({ roundId: 2, isDeposit: false, startTime: 61, endTime: 91, capacity: 3000000000000000000000 [3e21], totalFilled: 0, settled: false, highestBidder: 0x0000000000000000000000000000000000000000, highestBidAmount: 0, highestBidPrice: 0 })
    ├─ [515] VqAuctioner::currentWithdrawRound() [staticcall]
    │   └─ ← [Return] 2
    ├─ [1838] VqALCX::depositBucket() [staticcall]
    │   └─ ← [Return] 1000000000000000000000000 [1e24], 1000000000000000000 [1e18], 5, 5, 0, 121, 3059999999999999999997 [3.059e21]
    ├─ [1817] VqALCX::withdrawBucket() [staticcall]
    │   └─ ← [Return] 1000000000000000000000000 [1e24], 1000000000000000000 [1e18], 2, 2, 0, 121, 6059999999999999999996 [6.059e21]
    ├─ [505] VqALCX::depositBucketRate() [staticcall]
    │   └─ ← [Return] 1000000000000000000 [1e18]
    ├─ [528] VqALCX::withdrawBucketRate() [staticcall]
    │   └─ ← [Return] 1000000000000000000 [1e18]
    ├─ [850] SystemToken::balanceOf(VqAuctioner: [0x5991A2dF15A8F6A256D3Ec51E99254Cd3fb576A9]) [staticcall]
    │   └─ ← [Return] 0
    ├─ [471] VqAuctioner::currentDepositRound() [staticcall]
    │   └─ ← [Return] 2
    ├─ [777] VqAuctioner::depositLockedTotal(2) [staticcall]
    │   └─ ← [Return] 0
    ├─ [962] VqALCX::balanceOf(VqAuctioner: [0x5991A2dF15A8F6A256D3Ec51E99254Cd3fb576A9]) [staticcall]
    │   └─ ← [Return] 0
    ├─ [515] VqAuctioner::currentWithdrawRound() [staticcall]
    │   └─ ← [Return] 2
    ├─ [799] VqAuctioner::withdrawLockedTotal(2) [staticcall]
    │   └─ ← [Return] 0
    ├─ [897] VqStaking::stakedBalanceOf(0x00000000000000000000000000000000000000A1) [staticcall]
    │   └─ ← [Return] 0
    ├─ [2137] VqStaking::earned(0x00000000000000000000000000000000000000A1) [staticcall]
    │   └─ ← [Return] 0
    ├─ [957] VqStaking::delegates(0x00000000000000000000000000000000000000A1) [staticcall]
    │   └─ ← [Return] 0x00000000000000000000000000000000000000A1
    ├─ [897] VqStaking::stakedBalanceOf(0x00000000000000000000000000000000000000A1) [staticcall]
    │   └─ ← [Return] 0
    ├─ [957] VqStaking::delegates(0x00000000000000000000000000000000000000b2) [staticcall]
    │   └─ ← [Return] 0x0000000000000000000000000000000000000000
    ├─ [957] VqStaking::delegates(0x00000000000000000000000000000000000000C3) [staticcall]
    │   └─ ← [Return] 0x0000000000000000000000000000000000000000
    ├─ [1057] VqStaking::getVotes(0x00000000000000000000000000000000000000A1) [staticcall]
    │   └─ ← [Return] 0
    ├─ [897] VqStaking::stakedBalanceOf(0x00000000000000000000000000000000000000b2) [staticcall]
    │   └─ ← [Return] 0
    ├─ [2137] VqStaking::earned(0x00000000000000000000000000000000000000b2) [staticcall]
    │   └─ ← [Return] 0
    ├─ [957] VqStaking::delegates(0x00000000000000000000000000000000000000A1) [staticcall]
    │   └─ ← [Return] 0x00000000000000000000000000000000000000A1
    ├─ [957] VqStaking::delegates(0x00000000000000000000000000000000000000b2) [staticcall]
    │   └─ ← [Return] 0x0000000000000000000000000000000000000000
    ├─ [957] VqStaking::delegates(0x00000000000000000000000000000000000000C3) [staticcall]
    │   └─ ← [Return] 0x0000000000000000000000000000000000000000
    ├─ [1057] VqStaking::getVotes(0x00000000000000000000000000000000000000b2) [staticcall]
    │   └─ ← [Return] 0
    ├─ [897] VqStaking::stakedBalanceOf(0x00000000000000000000000000000000000000C3) [staticcall]
    │   └─ ← [Return] 0
    ├─ [2137] VqStaking::earned(0x00000000000000000000000000000000000000C3) [staticcall]
    │   └─ ← [Return] 0
    ├─ [957] VqStaking::delegates(0x00000000000000000000000000000000000000A1) [staticcall]
    │   └─ ← [Return] 0x00000000000000000000000000000000000000A1
    ├─ [957] VqStaking::delegates(0x00000000000000000000000000000000000000b2) [staticcall]
    │   └─ ← [Return] 0x0000000000000000000000000000000000000000
    ├─ [957] VqStaking::delegates(0x00000000000000000000000000000000000000C3) [staticcall]
    │   └─ ← [Return] 0x0000000000000000000000000000000000000000
    ├─ [1057] VqStaking::getVotes(0x00000000000000000000000000000000000000C3) [staticcall]
    │   └─ ← [Return] 0
    ├─ [455] VqStaking::totalStaked() [staticcall]
    │   └─ ← [Return] 0
    ├─ [962] VqALCX::balanceOf(VqStaking: [0xc7183455a4C133Ae270771860664b6B7ec320bB1]) [staticcall]
    │   └─ ← [Return] 0
    ├─ [850] SystemToken::balanceOf(VqStaking: [0xc7183455a4C133Ae270771860664b6B7ec320bB1]) [staticcall]
    │   └─ ← [Return] 0
    ├─ [850] SystemToken::balanceOf(VqStaking: [0xc7183455a4C133Ae270771860664b6B7ec320bB1]) [staticcall]
    │   └─ ← [Return] 0
    ├─ [0] VM::prank(0x00000000000000000000000000000000000000A1)
    │   └─ ← [Return]
    ├─ [27596] VqStaking::delegate(0x00000000000000000000000000000000000000C3)
    │   ├─ emit DelegateChanged(delegator: 0x00000000000000000000000000000000000000A1, fromDelegate: 0x00000000000000000000000000000000000000A1, toDelegate: 0x00000000000000000000000000000000000000C3)
    │   └─ ← [Stop]
    ├─ [1838] VqALCX::depositBucket() [staticcall]
    │   └─ ← [Return] 1000000000000000000000000 [1e24], 1000000000000000000 [1e18], 5, 5, 0, 121, 3059999999999999999997 [3.059e21]
    ├─ [2188] VqALCX::getDepositRequest(0) [staticcall]
    │   └─ ← [Return] Request({ owner: 0x00000000000000000000000000000000000000A1, amount: 1000000000000000000000 [1e21], filled: 1000000000000000000000 [1e21], claimed: 1000000000000000000000 [1e21], cancelled: false })
    ├─ [2188] VqALCX::getDepositRequest(1) [staticcall]
    │   └─ ← [Return] Request({ owner: 0x00000000000000000000000000000000000000b2, amount: 1000000000000000000000 [1e21], filled: 1000000000000000000000 [1e21], claimed: 1000000000000000000000 [1e21], cancelled: false })
    ├─ [2188] VqALCX::getDepositRequest(2) [staticcall]
    │   └─ ← [Return] Request({ owner: 0x00000000000000000000000000000000000000C3, amount: 1000000000000000000000 [1e21], filled: 1000000000000000000000 [1e21], claimed: 1000000000000000000000 [1e21], cancelled: false })
    ├─ [2188] VqALCX::getDepositRequest(3) [staticcall]
    │   └─ ← [Return] Request({ owner: 0x00000000000000000000000000000000000000A1, amount: 1, filled: 0, claimed: 0, cancelled: true })
    ├─ [2188] VqALCX::getDepositRequest(4) [staticcall]
    │   └─ ← [Return] Request({ owner: 0x00000000000000000000000000000000000000A1, amount: 1, filled: 1, claimed: 1, cancelled: false })
    ├─ [850] SystemToken::balanceOf(VqALCX: [0xF62849F9A0B5Bf2913b396098F7c7019b51A820a]) [staticcall]
    │   └─ ← [Return] 3024949455050119763361 [3.024e21]
    ├─ [545] VqALCX::totalSupply() [staticcall]
    │   └─ ← [Return] 2999999999999999999999 [2.999e21]
    ├─ [573] VqALCX::depositQueueDepth() [staticcall]
    │   └─ ← [Return] 0
    ├─ [1817] VqALCX::withdrawBucket() [staticcall]
    │   └─ ← [Return] 1000000000000000000000000 [1e24], 1000000000000000000 [1e18], 2, 2, 0, 121, 6059999999999999999996 [6.059e21]
    ├─ [2166] VqALCX::getWithdrawRequest(0) [staticcall]
    │   └─ ← [Return] Request({ owner: 0x00000000000000000000000000000000000000A1, amount: 2, filled: 0, claimed: 0, cancelled: true })
    ├─ [2166] VqALCX::getWithdrawRequest(1) [staticcall]
    │   └─ ← [Return] Request({ owner: 0x00000000000000000000000000000000000000A1, amount: 2, filled: 2, claimed: 2, cancelled: false })
    ├─ [962] VqALCX::balanceOf(VqALCX: [0xF62849F9A0B5Bf2913b396098F7c7019b51A820a]) [staticcall]
    │   └─ ← [Return] 0
    ├─ [529] VqALCX::withdrawQueueDepth() [staticcall]
    │   └─ ← [Return] 0
    ├─ [471] VqAuctioner::currentDepositRound() [staticcall]
    │   └─ ← [Return] 2
    ├─ [3567] VqAuctioner::getDepositRound(1) [staticcall]
    │   └─ ← [Return] Round({ roundId: 1, isDeposit: true, startTime: 31, endTime: 61, capacity: 3000000000000000000000 [3e21], totalFilled: 2, settled: true, highestBidder: 0x00000000000000000000000000000000000000A1, highestBidAmount: 2, highestBidPrice: 1000000000000000002 [1e18] })
    ├─ [471] VqAuctioner::currentDepositRound() [staticcall]
    │   └─ ← [Return] 2
    ├─ [3567] VqAuctioner::getDepositRound(2) [staticcall]
    │   └─ ← [Return] Round({ roundId: 2, isDeposit: true, startTime: 61, endTime: 91, capacity: 3000000000000000000000 [3e21], totalFilled: 0, settled: false, highestBidder: 0x0000000000000000000000000000000000000000, highestBidAmount: 0, highestBidPrice: 0 })
    ├─ [471] VqAuctioner::currentDepositRound() [staticcall]
    │   └─ ← [Return] 2
    ├─ [515] VqAuctioner::currentWithdrawRound() [staticcall]
    │   └─ ← [Return] 2
    ├─ [3499] VqAuctioner::getWithdrawRound(1) [staticcall]
    │   └─ ← [Return] Round({ roundId: 1, isDeposit: false, startTime: 31, endTime: 61, capacity: 3000000000000000000000 [3e21], totalFilled: 2, settled: true, highestBidder: 0x00000000000000000000000000000000000000A1, highestBidAmount: 2, highestBidPrice: 1 })
    ├─ [515] VqAuctioner::currentWithdrawRound() [staticcall]
    │   └─ ← [Return] 2
    ├─ [3499] VqAuctioner::getWithdrawRound(2) [staticcall]
    │   └─ ← [Return] Round({ roundId: 2, isDeposit: false, startTime: 61, endTime: 91, capacity: 3000000000000000000000 [3e21], totalFilled: 0, settled: false, highestBidder: 0x0000000000000000000000000000000000000000, highestBidAmount: 0, highestBidPrice: 0 })
    ├─ [515] VqAuctioner::currentWithdrawRound() [staticcall]
    │   └─ ← [Return] 2
    ├─ [1838] VqALCX::depositBucket() [staticcall]
    │   └─ ← [Return] 1000000000000000000000000 [1e24], 1000000000000000000 [1e18], 5, 5, 0, 121, 3059999999999999999997 [3.059e21]
    ├─ [1817] VqALCX::withdrawBucket() [staticcall]
    │   └─ ← [Return] 1000000000000000000000000 [1e24], 1000000000000000000 [1e18], 2, 2, 0, 121, 6059999999999999999996 [6.059e21]
    ├─ [505] VqALCX::depositBucketRate() [staticcall]
    │   └─ ← [Return] 1000000000000000000 [1e18]
    ├─ [528] VqALCX::withdrawBucketRate() [staticcall]
    │   └─ ← [Return] 1000000000000000000 [1e18]
    ├─ [850] SystemToken::balanceOf(VqAuctioner: [0x5991A2dF15A8F6A256D3Ec51E99254Cd3fb576A9]) [staticcall]
    │   └─ ← [Return] 0
    ├─ [471] VqAuctioner::currentDepositRound() [staticcall]
    │   └─ ← [Return] 2
    ├─ [777] VqAuctioner::depositLockedTotal(2) [staticcall]
    │   └─ ← [Return] 0
    ├─ [962] VqALCX::balanceOf(VqAuctioner: [0x5991A2dF15A8F6A256D3Ec51E99254Cd3fb576A9]) [staticcall]
    │   └─ ← [Return] 0
    ├─ [515] VqAuctioner::currentWithdrawRound() [staticcall]
    │   └─ ← [Return] 2
    ├─ [799] VqAuctioner::withdrawLockedTotal(2) [staticcall]
    │   └─ ← [Return] 0
    ├─ [897] VqStaking::stakedBalanceOf(0x00000000000000000000000000000000000000A1) [staticcall]
    │   └─ ← [Return] 0
    ├─ [2137] VqStaking::earned(0x00000000000000000000000000000000000000A1) [staticcall]
    │   └─ ← [Return] 0
    ├─ [957] VqStaking::delegates(0x00000000000000000000000000000000000000A1) [staticcall]
    │   └─ ← [Return] 0x00000000000000000000000000000000000000C3
    ├─ [957] VqStaking::delegates(0x00000000000000000000000000000000000000b2) [staticcall]
    │   └─ ← [Return] 0x0000000000000000000000000000000000000000
    ├─ [957] VqStaking::delegates(0x00000000000000000000000000000000000000C3) [staticcall]
    │   └─ ← [Return] 0x0000000000000000000000000000000000000000
    ├─ [1057] VqStaking::getVotes(0x00000000000000000000000000000000000000A1) [staticcall]
    │   └─ ← [Return] 0
    ├─ [897] VqStaking::stakedBalanceOf(0x00000000000000000000000000000000000000b2) [staticcall]
    │   └─ ← [Return] 0
    ├─ [2137] VqStaking::earned(0x00000000000000000000000000000000000000b2) [staticcall]
    │   └─ ← [Return] 0
    ├─ [957] VqStaking::delegates(0x00000000000000000000000000000000000000A1) [staticcall]
    │   └─ ← [Return] 0x00000000000000000000000000000000000000C3
    ├─ [957] VqStaking::delegates(0x00000000000000000000000000000000000000b2) [staticcall]
    │   └─ ← [Return] 0x0000000000000000000000000000000000000000
    ├─ [957] VqStaking::delegates(0x00000000000000000000000000000000000000C3) [staticcall]
    │   └─ ← [Return] 0x0000000000000000000000000000000000000000
    ├─ [1057] VqStaking::getVotes(0x00000000000000000000000000000000000000b2) [staticcall]
    │   └─ ← [Return] 0
    ├─ [897] VqStaking::stakedBalanceOf(0x00000000000000000000000000000000000000C3) [staticcall]
    │   └─ ← [Return] 0
    ├─ [2137] VqStaking::earned(0x00000000000000000000000000000000000000C3) [staticcall]
    │   └─ ← [Return] 0
    ├─ [957] VqStaking::delegates(0x00000000000000000000000000000000000000A1) [staticcall]
    │   └─ ← [Return] 0x00000000000000000000000000000000000000C3
    ├─ [897] VqStaking::stakedBalanceOf(0x00000000000000000000000000000000000000A1) [staticcall]
    │   └─ ← [Return] 0
    ├─ [957] VqStaking::delegates(0x00000000000000000000000000000000000000b2) [staticcall]
    │   └─ ← [Return] 0x0000000000000000000000000000000000000000
    ├─ [957] VqStaking::delegates(0x00000000000000000000000000000000000000C3) [staticcall]
    │   └─ ← [Return] 0x0000000000000000000000000000000000000000
    ├─ [1057] VqStaking::getVotes(0x00000000000000000000000000000000000000C3) [staticcall]
    │   └─ ← [Return] 0
    ├─ [455] VqStaking::totalStaked() [staticcall]
    │   └─ ← [Return] 0
    ├─ [962] VqALCX::balanceOf(VqStaking: [0xc7183455a4C133Ae270771860664b6B7ec320bB1]) [staticcall]
    │   └─ ← [Return] 0
    ├─ [850] SystemToken::balanceOf(VqStaking: [0xc7183455a4C133Ae270771860664b6B7ec320bB1]) [staticcall]
    │   └─ ← [Return] 0
    ├─ [850] SystemToken::balanceOf(VqStaking: [0xc7183455a4C133Ae270771860664b6B7ec320bB1]) [staticcall]
    │   └─ ← [Return] 0
    ├─ [471] VqAuctioner::currentDepositRound() [staticcall]
    │   └─ ← [Return] 2
    ├─ [3567] VqAuctioner::getDepositRound(2) [staticcall]
    │   └─ ← [Return] Round({ roundId: 2, isDeposit: true, startTime: 61, endTime: 91, capacity: 3000000000000000000000 [3e21], totalFilled: 0, settled: false, highestBidder: 0x0000000000000000000000000000000000000000, highestBidAmount: 0, highestBidPrice: 0 })
    ├─ [600] VqALCX::paused() [staticcall]
    │   └─ ← [Return] false
    ├─ [149132] VqAuctioner::settleDepositRound(2)
    │   ├─ [505] VqALCX::depositBucketRate() [staticcall]
    │   │   └─ ← [Return] 1000000000000000000 [1e18]
    │   ├─ emit RoundStarted(roundId: 3, isDeposit: true, capacity: 30000000000000000000 [3e19])
    │   └─ ← [Stop]
    ├─ [1838] VqALCX::depositBucket() [staticcall]
    │   └─ ← [Return] 1000000000000000000000000 [1e24], 1000000000000000000 [1e18], 5, 5, 0, 121, 3059999999999999999997 [3.059e21]
    ├─ [2188] VqALCX::getDepositRequest(0) [staticcall]
    │   └─ ← [Return] Request({ owner: 0x00000000000000000000000000000000000000A1, amount: 1000000000000000000000 [1e21], filled: 1000000000000000000000 [1e21], claimed: 1000000000000000000000 [1e21], cancelled: false })
    ├─ [2188] VqALCX::getDepositRequest(1) [staticcall]
    │   └─ ← [Return] Request({ owner: 0x00000000000000000000000000000000000000b2, amount: 1000000000000000000000 [1e21], filled: 1000000000000000000000 [1e21], claimed: 1000000000000000000000 [1e21], cancelled: false })
    ├─ [2188] VqALCX::getDepositRequest(2) [staticcall]
    │   └─ ← [Return] Request({ owner: 0x00000000000000000000000000000000000000C3, amount: 1000000000000000000000 [1e21], filled: 1000000000000000000000 [1e21], claimed: 1000000000000000000000 [1e21], cancelled: false })
    ├─ [2188] VqALCX::getDepositRequest(3) [staticcall]
    │   └─ ← [Return] Request({ owner: 0x00000000000000000000000000000000000000A1, amount: 1, filled: 0, claimed: 0, cancelled: true })
    ├─ [2188] VqALCX::getDepositRequest(4) [staticcall]
    │   └─ ← [Return] Request({ owner: 0x00000000000000000000000000000000000000A1, amount: 1, filled: 1, claimed: 1, cancelled: false })
    ├─ [850] SystemToken::balanceOf(VqALCX: [0xF62849F9A0B5Bf2913b396098F7c7019b51A820a]) [staticcall]
    │   └─ ← [Return] 3024949455050119763361 [3.024e21]
    ├─ [545] VqALCX::totalSupply() [staticcall]
    │   └─ ← [Return] 2999999999999999999999 [2.999e21]
    ├─ [573] VqALCX::depositQueueDepth() [staticcall]
    │   └─ ← [Return] 0
    ├─ [1817] VqALCX::withdrawBucket() [staticcall]
    │   └─ ← [Return] 1000000000000000000000000 [1e24], 1000000000000000000 [1e18], 2, 2, 0, 121, 6059999999999999999996 [6.059e21]
    ├─ [2166] VqALCX::getWithdrawRequest(0) [staticcall]
    │   └─ ← [Return] Request({ owner: 0x00000000000000000000000000000000000000A1, amount: 2, filled: 0, claimed: 0, cancelled: true })
    ├─ [2166] VqALCX::getWithdrawRequest(1) [staticcall]
    │   └─ ← [Return] Request({ owner: 0x00000000000000000000000000000000000000A1, amount: 2, filled: 2, claimed: 2, cancelled: false })
    ├─ [962] VqALCX::balanceOf(VqALCX: [0xF62849F9A0B5Bf2913b396098F7c7019b51A820a]) [staticcall]
    │   └─ ← [Return] 0
    ├─ [529] VqALCX::withdrawQueueDepth() [staticcall]
    │   └─ ← [Return] 0
    ├─ [471] VqAuctioner::currentDepositRound() [staticcall]
    │   └─ ← [Return] 3
    ├─ [3567] VqAuctioner::getDepositRound(1) [staticcall]
    │   └─ ← [Return] Round({ roundId: 1, isDeposit: true, startTime: 31, endTime: 61, capacity: 3000000000000000000000 [3e21], totalFilled: 2, settled: true, highestBidder: 0x00000000000000000000000000000000000000A1, highestBidAmount: 2, highestBidPrice: 1000000000000000002 [1e18] })
    ├─ [471] VqAuctioner::currentDepositRound() [staticcall]
    │   └─ ← [Return] 3
    ├─ [3567] VqAuctioner::getDepositRound(2) [staticcall]
    │   └─ ← [Return] Round({ roundId: 2, isDeposit: true, startTime: 61, endTime: 91, capacity: 3000000000000000000000 [3e21], totalFilled: 0, settled: true, highestBidder: 0x0000000000000000000000000000000000000000, highestBidAmount: 0, highestBidPrice: 0 })
    ├─ [471] VqAuctioner::currentDepositRound() [staticcall]
    │   └─ ← [Return] 3
    ├─ [3567] VqAuctioner::getDepositRound(3) [staticcall]
    │   └─ ← [Return] Round({ roundId: 3, isDeposit: true, startTime: 121, endTime: 151, capacity: 30000000000000000000 [3e19], totalFilled: 0, settled: false, highestBidder: 0x0000000000000000000000000000000000000000, highestBidAmount: 0, highestBidPrice: 0 })
    ├─ [471] VqAuctioner::currentDepositRound() [staticcall]
    │   └─ ← [Return] 3
    ├─ [515] VqAuctioner::currentWithdrawRound() [staticcall]
    │   └─ ← [Return] 2
    ├─ [3499] VqAuctioner::getWithdrawRound(1) [staticcall]
    │   └─ ← [Return] Round({ roundId: 1, isDeposit: false, startTime: 31, endTime: 61, capacity: 3000000000000000000000 [3e21], totalFilled: 2, settled: true, highestBidder: 0x00000000000000000000000000000000000000A1, highestBidAmount: 2, highestBidPrice: 1 })
    ├─ [515] VqAuctioner::currentWithdrawRound() [staticcall]
    │   └─ ← [Return] 2
    ├─ [3499] VqAuctioner::getWithdrawRound(2) [staticcall]
    │   └─ ← [Return] Round({ roundId: 2, isDeposit: false, startTime: 61, endTime: 91, capacity: 3000000000000000000000 [3e21], totalFilled: 0, settled: false, highestBidder: 0x0000000000000000000000000000000000000000, highestBidAmount: 0, highestBidPrice: 0 })
    ├─ [515] VqAuctioner::currentWithdrawRound() [staticcall]
    │   └─ ← [Return] 2
    ├─ [1838] VqALCX::depositBucket() [staticcall]
    │   └─ ← [Return] 1000000000000000000000000 [1e24], 1000000000000000000 [1e18], 5, 5, 0, 121, 3059999999999999999997 [3.059e21]
    ├─ [1817] VqALCX::withdrawBucket() [staticcall]
    │   └─ ← [Return] 1000000000000000000000000 [1e24], 1000000000000000000 [1e18], 2, 2, 0, 121, 6059999999999999999996 [6.059e21]
    ├─ [505] VqALCX::depositBucketRate() [staticcall]
    │   └─ ← [Return] 1000000000000000000 [1e18]
    ├─ [528] VqALCX::withdrawBucketRate() [staticcall]
    │   └─ ← [Return] 1000000000000000000 [1e18]
    ├─ [850] SystemToken::balanceOf(VqAuctioner: [0x5991A2dF15A8F6A256D3Ec51E99254Cd3fb576A9]) [staticcall]
    │   └─ ← [Return] 0
    ├─ [471] VqAuctioner::currentDepositRound() [staticcall]
    │   └─ ← [Return] 3
    ├─ [2777] VqAuctioner::depositLockedTotal(3) [staticcall]
    │   └─ ← [Return] 0
    ├─ [962] VqALCX::balanceOf(VqAuctioner: [0x5991A2dF15A8F6A256D3Ec51E99254Cd3fb576A9]) [staticcall]
    │   └─ ← [Return] 0
    ├─ [515] VqAuctioner::currentWithdrawRound() [staticcall]
    │   └─ ← [Return] 2
    ├─ [799] VqAuctioner::withdrawLockedTotal(2) [staticcall]
    │   └─ ← [Return] 0
    ├─ [897] VqStaking::stakedBalanceOf(0x00000000000000000000000000000000000000A1) [staticcall]
    │   └─ ← [Return] 0
    ├─ [2137] VqStaking::earned(0x00000000000000000000000000000000000000A1) [staticcall]
    │   └─ ← [Return] 0
    ├─ [957] VqStaking::delegates(0x00000000000000000000000000000000000000A1) [staticcall]
    │   └─ ← [Return] 0x00000000000000000000000000000000000000C3
    ├─ [957] VqStaking::delegates(0x00000000000000000000000000000000000000b2) [staticcall]
    │   └─ ← [Return] 0x0000000000000000000000000000000000000000
    ├─ [957] VqStaking::delegates(0x00000000000000000000000000000000000000C3) [staticcall]
    │   └─ ← [Return] 0x0000000000000000000000000000000000000000
    ├─ [1057] VqStaking::getVotes(0x00000000000000000000000000000000000000A1) [staticcall]
    │   └─ ← [Return] 0
    ├─ [897] VqStaking::stakedBalanceOf(0x00000000000000000000000000000000000000b2) [staticcall]
    │   └─ ← [Return] 0
    ├─ [2137] VqStaking::earned(0x00000000000000000000000000000000000000b2) [staticcall]
    │   └─ ← [Return] 0
    ├─ [957] VqStaking::delegates(0x00000000000000000000000000000000000000A1) [staticcall]
    │   └─ ← [Return] 0x00000000000000000000000000000000000000C3
    ├─ [957] VqStaking::delegates(0x00000000000000000000000000000000000000b2) [staticcall]
    │   └─ ← [Return] 0x0000000000000000000000000000000000000000
    ├─ [957] VqStaking::delegates(0x00000000000000000000000000000000000000C3) [staticcall]
    │   └─ ← [Return] 0x0000000000000000000000000000000000000000
    ├─ [1057] VqStaking::getVotes(0x00000000000000000000000000000000000000b2) [staticcall]
    │   └─ ← [Return] 0
    ├─ [897] VqStaking::stakedBalanceOf(0x00000000000000000000000000000000000000C3) [staticcall]
    │   └─ ← [Return] 0
    ├─ [2137] VqStaking::earned(0x00000000000000000000000000000000000000C3) [staticcall]
    │   └─ ← [Return] 0
    ├─ [957] VqStaking::delegates(0x00000000000000000000000000000000000000A1) [staticcall]
    │   └─ ← [Return] 0x00000000000000000000000000000000000000C3
    ├─ [897] VqStaking::stakedBalanceOf(0x00000000000000000000000000000000000000A1) [staticcall]
    │   └─ ← [Return] 0
    ├─ [957] VqStaking::delegates(0x00000000000000000000000000000000000000b2) [staticcall]
    │   └─ ← [Return] 0x0000000000000000000000000000000000000000
    ├─ [957] VqStaking::delegates(0x00000000000000000000000000000000000000C3) [staticcall]
    │   └─ ← [Return] 0x0000000000000000000000000000000000000000
    ├─ [1057] VqStaking::getVotes(0x00000000000000000000000000000000000000C3) [staticcall]
    │   └─ ← [Return] 0
    ├─ [455] VqStaking::totalStaked() [staticcall]
    │   └─ ← [Return] 0
    ├─ [962] VqALCX::balanceOf(VqStaking: [0xc7183455a4C133Ae270771860664b6B7ec320bB1]) [staticcall]
    │   └─ ← [Return] 0
    ├─ [850] SystemToken::balanceOf(VqStaking: [0xc7183455a4C133Ae270771860664b6B7ec320bB1]) [staticcall]
    │   └─ ← [Return] 0
    ├─ [850] SystemToken::balanceOf(VqStaking: [0xc7183455a4C133Ae270771860664b6B7ec320bB1]) [staticcall]
    │   └─ ← [Return] 0
    ├─ [23391] SystemToken::mint(VqStaking: [0xc7183455a4C133Ae270771860664b6B7ec320bB1], 6154273783984806092 [6.154e18])
    │   ├─ emit Transfer(from: 0x0000000000000000000000000000000000000000, to: VqStaking: [0xc7183455a4C133Ae270771860664b6B7ec320bB1], value: 6154273783984806092 [6.154e18])
    │   └─ ← [Stop]
    ├─ [1838] VqALCX::depositBucket() [staticcall]
    │   └─ ← [Return] 1000000000000000000000000 [1e24], 1000000000000000000 [1e18], 5, 5, 0, 121, 3059999999999999999997 [3.059e21]
    ├─ [2188] VqALCX::getDepositRequest(0) [staticcall]
    │   └─ ← [Return] Request({ owner: 0x00000000000000000000000000000000000000A1, amount: 1000000000000000000000 [1e21], filled: 1000000000000000000000 [1e21], claimed: 1000000000000000000000 [1e21], cancelled: false })
    ├─ [2188] VqALCX::getDepositRequest(1) [staticcall]
    │   └─ ← [Return] Request({ owner: 0x00000000000000000000000000000000000000b2, amount: 1000000000000000000000 [1e21], filled: 1000000000000000000000 [1e21], claimed: 1000000000000000000000 [1e21], cancelled: false })
    ├─ [2188] VqALCX::getDepositRequest(2) [staticcall]
    │   └─ ← [Return] Request({ owner: 0x00000000000000000000000000000000000000C3, amount: 1000000000000000000000 [1e21], filled: 1000000000000000000000 [1e21], claimed: 1000000000000000000000 [1e21], cancelled: false })
    ├─ [2188] VqALCX::getDepositRequest(3) [staticcall]
    │   └─ ← [Return] Request({ owner: 0x00000000000000000000000000000000000000A1, amount: 1, filled: 0, claimed: 0, cancelled: true })
    ├─ [2188] VqALCX::getDepositRequest(4) [staticcall]
    │   └─ ← [Return] Request({ owner: 0x00000000000000000000000000000000000000A1, amount: 1, filled: 1, claimed: 1, cancelled: false })
    ├─ [850] SystemToken::balanceOf(VqALCX: [0xF62849F9A0B5Bf2913b396098F7c7019b51A820a]) [staticcall]
    │   └─ ← [Return] 3024949455050119763361 [3.024e21]
    ├─ [545] VqALCX::totalSupply() [staticcall]
    │   └─ ← [Return] 2999999999999999999999 [2.999e21]
    ├─ [573] VqALCX::depositQueueDepth() [staticcall]
    │   └─ ← [Return] 0
    ├─ [1817] VqALCX::withdrawBucket() [staticcall]
    │   └─ ← [Return] 1000000000000000000000000 [1e24], 1000000000000000000 [1e18], 2, 2, 0, 121, 6059999999999999999996 [6.059e21]
    ├─ [2166] VqALCX::getWithdrawRequest(0) [staticcall]
    │   └─ ← [Return] Request({ owner: 0x00000000000000000000000000000000000000A1, amount: 2, filled: 0, claimed: 0, cancelled: true })
    ├─ [2166] VqALCX::getWithdrawRequest(1) [staticcall]
    │   └─ ← [Return] Request({ owner: 0x00000000000000000000000000000000000000A1, amount: 2, filled: 2, claimed: 2, cancelled: false })
    ├─ [962] VqALCX::balanceOf(VqALCX: [0xF62849F9A0B5Bf2913b396098F7c7019b51A820a]) [staticcall]
    │   └─ ← [Return] 0
    ├─ [529] VqALCX::withdrawQueueDepth() [staticcall]
    │   └─ ← [Return] 0
    ├─ [471] VqAuctioner::currentDepositRound() [staticcall]
    │   └─ ← [Return] 3
    ├─ [3567] VqAuctioner::getDepositRound(1) [staticcall]
    │   └─ ← [Return] Round({ roundId: 1, isDeposit: true, startTime: 31, endTime: 61, capacity: 3000000000000000000000 [3e21], totalFilled: 2, settled: true, highestBidder: 0x00000000000000000000000000000000000000A1, highestBidAmount: 2, highestBidPrice: 1000000000000000002 [1e18] })
    ├─ [471] VqAuctioner::currentDepositRound() [staticcall]
    │   └─ ← [Return] 3
    ├─ [3567] VqAuctioner::getDepositRound(2) [staticcall]
    │   └─ ← [Return] Round({ roundId: 2, isDeposit: true, startTime: 61, endTime: 91, capacity: 3000000000000000000000 [3e21], totalFilled: 0, settled: true, highestBidder: 0x0000000000000000000000000000000000000000, highestBidAmount: 0, highestBidPrice: 0 })
    ├─ [471] VqAuctioner::currentDepositRound() [staticcall]
    │   └─ ← [Return] 3
    ├─ [3567] VqAuctioner::getDepositRound(3) [staticcall]
    │   └─ ← [Return] Round({ roundId: 3, isDeposit: true, startTime: 121, endTime: 151, capacity: 30000000000000000000 [3e19], totalFilled: 0, settled: false, highestBidder: 0x0000000000000000000000000000000000000000, highestBidAmount: 0, highestBidPrice: 0 })
    ├─ [471] VqAuctioner::currentDepositRound() [staticcall]
    │   └─ ← [Return] 3
    ├─ [515] VqAuctioner::currentWithdrawRound() [staticcall]
    │   └─ ← [Return] 2
    ├─ [3499] VqAuctioner::getWithdrawRound(1) [staticcall]
    │   └─ ← [Return] Round({ roundId: 1, isDeposit: false, startTime: 31, endTime: 61, capacity: 3000000000000000000000 [3e21], totalFilled: 2, settled: true, highestBidder: 0x00000000000000000000000000000000000000A1, highestBidAmount: 2, highestBidPrice: 1 })
    ├─ [515] VqAuctioner::currentWithdrawRound() [staticcall]
    │   └─ ← [Return] 2
    ├─ [3499] VqAuctioner::getWithdrawRound(2) [staticcall]
    │   └─ ← [Return] Round({ roundId: 2, isDeposit: false, startTime: 61, endTime: 91, capacity: 3000000000000000000000 [3e21], totalFilled: 0, settled: false, highestBidder: 0x0000000000000000000000000000000000000000, highestBidAmount: 0, highestBidPrice: 0 })
    ├─ [515] VqAuctioner::currentWithdrawRound() [staticcall]
    │   └─ ← [Return] 2
    ├─ [1838] VqALCX::depositBucket() [staticcall]
    │   └─ ← [Return] 1000000000000000000000000 [1e24], 1000000000000000000 [1e18], 5, 5, 0, 121, 3059999999999999999997 [3.059e21]
    ├─ [1817] VqALCX::withdrawBucket() [staticcall]
    │   └─ ← [Return] 1000000000000000000000000 [1e24], 1000000000000000000 [1e18], 2, 2, 0, 121, 6059999999999999999996 [6.059e21]
    ├─ [505] VqALCX::depositBucketRate() [staticcall]
    │   └─ ← [Return] 1000000000000000000 [1e18]
    ├─ [528] VqALCX::withdrawBucketRate() [staticcall]
    │   └─ ← [Return] 1000000000000000000 [1e18]
    ├─ [850] SystemToken::balanceOf(VqAuctioner: [0x5991A2dF15A8F6A256D3Ec51E99254Cd3fb576A9]) [staticcall]
    │   └─ ← [Return] 0
    ├─ [471] VqAuctioner::currentDepositRound() [staticcall]
    │   └─ ← [Return] 3
    ├─ [777] VqAuctioner::depositLockedTotal(3) [staticcall]
    │   └─ ← [Return] 0
    ├─ [962] VqALCX::balanceOf(VqAuctioner: [0x5991A2dF15A8F6A256D3Ec51E99254Cd3fb576A9]) [staticcall]
    │   └─ ← [Return] 0
    ├─ [515] VqAuctioner::currentWithdrawRound() [staticcall]
    │   └─ ← [Return] 2
    ├─ [799] VqAuctioner::withdrawLockedTotal(2) [staticcall]
    │   └─ ← [Return] 0
    ├─ [897] VqStaking::stakedBalanceOf(0x00000000000000000000000000000000000000A1) [staticcall]
    │   └─ ← [Return] 0
    ├─ [2137] VqStaking::earned(0x00000000000000000000000000000000000000A1) [staticcall]
    │   └─ ← [Return] 0
    ├─ [957] VqStaking::delegates(0x00000000000000000000000000000000000000A1) [staticcall]
    │   └─ ← [Return] 0x00000000000000000000000000000000000000C3
    ├─ [957] VqStaking::delegates(0x00000000000000000000000000000000000000b2) [staticcall]
    │   └─ ← [Return] 0x0000000000000000000000000000000000000000
    ├─ [957] VqStaking::delegates(0x00000000000000000000000000000000000000C3) [staticcall]
    │   └─ ← [Return] 0x0000000000000000000000000000000000000000
    ├─ [1057] VqStaking::getVotes(0x00000000000000000000000000000000000000A1) [staticcall]
    │   └─ ← [Return] 0
    ├─ [897] VqStaking::stakedBalanceOf(0x00000000000000000000000000000000000000b2) [staticcall]
    │   └─ ← [Return] 0
    ├─ [2137] VqStaking::earned(0x00000000000000000000000000000000000000b2) [staticcall]
    │   └─ ← [Return] 0
    ├─ [957] VqStaking::delegates(0x00000000000000000000000000000000000000A1) [staticcall]
    │   └─ ← [Return] 0x00000000000000000000000000000000000000C3
    ├─ [957] VqStaking::delegates(0x00000000000000000000000000000000000000b2) [staticcall]
    │   └─ ← [Return] 0x0000000000000000000000000000000000000000
    ├─ [957] VqStaking::delegates(0x00000000000000000000000000000000000000C3) [staticcall]
    │   └─ ← [Return] 0x0000000000000000000000000000000000000000
    ├─ [1057] VqStaking::getVotes(0x00000000000000000000000000000000000000b2) [staticcall]
    │   └─ ← [Return] 0
    ├─ [897] VqStaking::stakedBalanceOf(0x00000000000000000000000000000000000000C3) [staticcall]
    │   └─ ← [Return] 0
    ├─ [2137] VqStaking::earned(0x00000000000000000000000000000000000000C3) [staticcall]
    │   └─ ← [Return] 0
    ├─ [957] VqStaking::delegates(0x00000000000000000000000000000000000000A1) [staticcall]
    │   └─ ← [Return] 0x00000000000000000000000000000000000000C3
    ├─ [897] VqStaking::stakedBalanceOf(0x00000000000000000000000000000000000000A1) [staticcall]
    │   └─ ← [Return] 0
    ├─ [957] VqStaking::delegates(0x00000000000000000000000000000000000000b2) [staticcall]
    │   └─ ← [Return] 0x0000000000000000000000000000000000000000
    ├─ [957] VqStaking::delegates(0x00000000000000000000000000000000000000C3) [staticcall]
    │   └─ ← [Return] 0x0000000000000000000000000000000000000000
    ├─ [1057] VqStaking::getVotes(0x00000000000000000000000000000000000000C3) [staticcall]
    │   └─ ← [Return] 0
    ├─ [455] VqStaking::totalStaked() [staticcall]
    │   └─ ← [Return] 0
    ├─ [962] VqALCX::balanceOf(VqStaking: [0xc7183455a4C133Ae270771860664b6B7ec320bB1]) [staticcall]
    │   └─ ← [Return] 0
    ├─ [850] SystemToken::balanceOf(VqStaking: [0xc7183455a4C133Ae270771860664b6B7ec320bB1]) [staticcall]
    │   └─ ← [Return] 6154273783984806092 [6.154e18]
    ├─ [850] SystemToken::balanceOf(VqStaking: [0xc7183455a4C133Ae270771860664b6B7ec320bB1]) [staticcall]
    │   └─ ← [Return] 6154273783984806092 [6.154e18]
    ├─ [999] VqALCX::drip()
    │   └─ ← [Stop]
    ├─ [1838] VqALCX::depositBucket() [staticcall]
    │   └─ ← [Return] 1000000000000000000000000 [1e24], 1000000000000000000 [1e18], 5, 5, 0, 121, 3059999999999999999997 [3.059e21]
    ├─ [2188] VqALCX::getDepositRequest(0) [staticcall]
    │   └─ ← [Return] Request({ owner: 0x00000000000000000000000000000000000000A1, amount: 1000000000000000000000 [1e21], filled: 1000000000000000000000 [1e21], claimed: 1000000000000000000000 [1e21], cancelled: false })
    ├─ [2188] VqALCX::getDepositRequest(1) [staticcall]
    │   └─ ← [Return] Request({ owner: 0x00000000000000000000000000000000000000b2, amount: 1000000000000000000000 [1e21], filled: 1000000000000000000000 [1e21], claimed: 1000000000000000000000 [1e21], cancelled: false })
    ├─ [2188] VqALCX::getDepositRequest(2) [staticcall]
    │   └─ ← [Return] Request({ owner: 0x00000000000000000000000000000000000000C3, amount: 1000000000000000000000 [1e21], filled: 1000000000000000000000 [1e21], claimed: 1000000000000000000000 [1e21], cancelled: false })
    ├─ [2188] VqALCX::getDepositRequest(3) [staticcall]
    │   └─ ← [Return] Request({ owner: 0x00000000000000000000000000000000000000A1, amount: 1, filled: 0, claimed: 0, cancelled: true })
    ├─ [2188] VqALCX::getDepositRequest(4) [staticcall]
    │   └─ ← [Return] Request({ owner: 0x00000000000000000000000000000000000000A1, amount: 1, filled: 1, claimed: 1, cancelled: false })
    ├─ [850] SystemToken::balanceOf(VqALCX: [0xF62849F9A0B5Bf2913b396098F7c7019b51A820a]) [staticcall]
    │   └─ ← [Return] 3024949455050119763361 [3.024e21]
    ├─ [545] VqALCX::totalSupply() [staticcall]
    │   └─ ← [Return] 2999999999999999999999 [2.999e21]
    ├─ [573] VqALCX::depositQueueDepth() [staticcall]
    │   └─ ← [Return] 0
    ├─ [1817] VqALCX::withdrawBucket() [staticcall]
    │   └─ ← [Return] 1000000000000000000000000 [1e24], 1000000000000000000 [1e18], 2, 2, 0, 121, 6059999999999999999996 [6.059e21]
    ├─ [2166] VqALCX::getWithdrawRequest(0) [staticcall]
    │   └─ ← [Return] Request({ owner: 0x00000000000000000000000000000000000000A1, amount: 2, filled: 0, claimed: 0, cancelled: true })
    ├─ [2166] VqALCX::getWithdrawRequest(1) [staticcall]
    │   └─ ← [Return] Request({ owner: 0x00000000000000000000000000000000000000A1, amount: 2, filled: 2, claimed: 2, cancelled: false })
    ├─ [962] VqALCX::balanceOf(VqALCX: [0xF62849F9A0B5Bf2913b396098F7c7019b51A820a]) [staticcall]
    │   └─ ← [Return] 0
    ├─ [529] VqALCX::withdrawQueueDepth() [staticcall]
    │   └─ ← [Return] 0
    ├─ [471] VqAuctioner::currentDepositRound() [staticcall]
    │   └─ ← [Return] 3
    ├─ [3567] VqAuctioner::getDepositRound(1) [staticcall]
    │   └─ ← [Return] Round({ roundId: 1, isDeposit: true, startTime: 31, endTime: 61, capacity: 3000000000000000000000 [3e21], totalFilled: 2, settled: true, highestBidder: 0x00000000000000000000000000000000000000A1, highestBidAmount: 2, highestBidPrice: 1000000000000000002 [1e18] })
    ├─ [471] VqAuctioner::currentDepositRound() [staticcall]
    │   └─ ← [Return] 3
    ├─ [3567] VqAuctioner::getDepositRound(2) [staticcall]
    │   └─ ← [Return] Round({ roundId: 2, isDeposit: true, startTime: 61, endTime: 91, capacity: 3000000000000000000000 [3e21], totalFilled: 0, settled: true, highestBidder: 0x0000000000000000000000000000000000000000, highestBidAmount: 0, highestBidPrice: 0 })
    ├─ [471] VqAuctioner::currentDepositRound() [staticcall]
    │   └─ ← [Return] 3
    ├─ [3567] VqAuctioner::getDepositRound(3) [staticcall]
    │   └─ ← [Return] Round({ roundId: 3, isDeposit: true, startTime: 121, endTime: 151, capacity: 30000000000000000000 [3e19], totalFilled: 0, settled: false, highestBidder: 0x0000000000000000000000000000000000000000, highestBidAmount: 0, highestBidPrice: 0 })
    ├─ [471] VqAuctioner::currentDepositRound() [staticcall]
    │   └─ ← [Return] 3
    ├─ [515] VqAuctioner::currentWithdrawRound() [staticcall]
    │   └─ ← [Return] 2
    ├─ [3499] VqAuctioner::getWithdrawRound(1) [staticcall]
    │   └─ ← [Return] Round({ roundId: 1, isDeposit: false, startTime: 31, endTime: 61, capacity: 3000000000000000000000 [3e21], totalFilled: 2, settled: true, highestBidder: 0x00000000000000000000000000000000000000A1, highestBidAmount: 2, highestBidPrice: 1 })
    ├─ [515] VqAuctioner::currentWithdrawRound() [staticcall]
    │   └─ ← [Return] 2
    ├─ [3499] VqAuctioner::getWithdrawRound(2) [staticcall]
    │   └─ ← [Return] Round({ roundId: 2, isDeposit: false, startTime: 61, endTime: 91, capacity: 3000000000000000000000 [3e21], totalFilled: 0, settled: false, highestBidder: 0x0000000000000000000000000000000000000000, highestBidAmount: 0, highestBidPrice: 0 })
    ├─ [515] VqAuctioner::currentWithdrawRound() [staticcall]
    │   └─ ← [Return] 2
    ├─ [1838] VqALCX::depositBucket() [staticcall]
    │   └─ ← [Return] 1000000000000000000000000 [1e24], 1000000000000000000 [1e18], 5, 5, 0, 121, 3059999999999999999997 [3.059e21]
    ├─ [1817] VqALCX::withdrawBucket() [staticcall]
    │   └─ ← [Return] 1000000000000000000000000 [1e24], 1000000000000000000 [1e18], 2, 2, 0, 121, 6059999999999999999996 [6.059e21]
    ├─ [505] VqALCX::depositBucketRate() [staticcall]
    │   └─ ← [Return] 1000000000000000000 [1e18]
    ├─ [528] VqALCX::withdrawBucketRate() [staticcall]
    │   └─ ← [Return] 1000000000000000000 [1e18]
    ├─ [850] SystemToken::balanceOf(VqAuctioner: [0x5991A2dF15A8F6A256D3Ec51E99254Cd3fb576A9]) [staticcall]
    │   └─ ← [Return] 0
    ├─ [471] VqAuctioner::currentDepositRound() [staticcall]
    │   └─ ← [Return] 3
    ├─ [777] VqAuctioner::depositLockedTotal(3) [staticcall]
    │   └─ ← [Return] 0
    ├─ [962] VqALCX::balanceOf(VqAuctioner: [0x5991A2dF15A8F6A256D3Ec51E99254Cd3fb576A9]) [staticcall]
    │   └─ ← [Return] 0
    ├─ [515] VqAuctioner::currentWithdrawRound() [staticcall]
    │   └─ ← [Return] 2
    ├─ [799] VqAuctioner::withdrawLockedTotal(2) [staticcall]
    │   └─ ← [Return] 0
    ├─ [897] VqStaking::stakedBalanceOf(0x00000000000000000000000000000000000000A1) [staticcall]
    │   └─ ← [Return] 0
    ├─ [2137] VqStaking::earned(0x00000000000000000000000000000000000000A1) [staticcall]
    │   └─ ← [Return] 0
    ├─ [957] VqStaking::delegates(0x00000000000000000000000000000000000000A1) [staticcall]
    │   └─ ← [Return] 0x00000000000000000000000000000000000000C3
    ├─ [957] VqStaking::delegates(0x00000000000000000000000000000000000000b2) [staticcall]
    │   └─ ← [Return] 0x0000000000000000000000000000000000000000
    ├─ [957] VqStaking::delegates(0x00000000000000000000000000000000000000C3) [staticcall]
    │   └─ ← [Return] 0x0000000000000000000000000000000000000000
    ├─ [1057] VqStaking::getVotes(0x00000000000000000000000000000000000000A1) [staticcall]
    │   └─ ← [Return] 0
    ├─ [897] VqStaking::stakedBalanceOf(0x00000000000000000000000000000000000000b2) [staticcall]
    │   └─ ← [Return] 0
    ├─ [2137] VqStaking::earned(0x00000000000000000000000000000000000000b2) [staticcall]
    │   └─ ← [Return] 0
    ├─ [957] VqStaking::delegates(0x00000000000000000000000000000000000000A1) [staticcall]
    │   └─ ← [Return] 0x00000000000000000000000000000000000000C3
    ├─ [957] VqStaking::delegates(0x00000000000000000000000000000000000000b2) [staticcall]
    │   └─ ← [Return] 0x0000000000000000000000000000000000000000
    ├─ [957] VqStaking::delegates(0x00000000000000000000000000000000000000C3) [staticcall]
    │   └─ ← [Return] 0x0000000000000000000000000000000000000000
    ├─ [1057] VqStaking::getVotes(0x00000000000000000000000000000000000000b2) [staticcall]
    │   └─ ← [Return] 0
    ├─ [897] VqStaking::stakedBalanceOf(0x00000000000000000000000000000000000000C3) [staticcall]
    │   └─ ← [Return] 0
    ├─ [2137] VqStaking::earned(0x00000000000000000000000000000000000000C3) [staticcall]
    │   └─ ← [Return] 0
    ├─ [957] VqStaking::delegates(0x00000000000000000000000000000000000000A1) [staticcall]
    │   └─ ← [Return] 0x00000000000000000000000000000000000000C3
    ├─ [897] VqStaking::stakedBalanceOf(0x00000000000000000000000000000000000000A1) [staticcall]
    │   └─ ← [Return] 0
    ├─ [957] VqStaking::delegates(0x00000000000000000000000000000000000000b2) [staticcall]
    │   └─ ← [Return] 0x0000000000000000000000000000000000000000
    ├─ [957] VqStaking::delegates(0x00000000000000000000000000000000000000C3) [staticcall]
    │   └─ ← [Return] 0x0000000000000000000000000000000000000000
    ├─ [1057] VqStaking::getVotes(0x00000000000000000000000000000000000000C3) [staticcall]
    │   └─ ← [Return] 0
    ├─ [455] VqStaking::totalStaked() [staticcall]
    │   └─ ← [Return] 0
    ├─ [962] VqALCX::balanceOf(VqStaking: [0xc7183455a4C133Ae270771860664b6B7ec320bB1]) [staticcall]
    │   └─ ← [Return] 0
    ├─ [850] SystemToken::balanceOf(VqStaking: [0xc7183455a4C133Ae270771860664b6B7ec320bB1]) [staticcall]
    │   └─ ← [Return] 6154273783984806092 [6.154e18]
    ├─ [850] SystemToken::balanceOf(VqStaking: [0xc7183455a4C133Ae270771860664b6B7ec320bB1]) [staticcall]
    │   └─ ← [Return] 6154273783984806092 [6.154e18]
    ├─ [3491] SystemToken::mint(VqALCX: [0xF62849F9A0B5Bf2913b396098F7c7019b51A820a], 2554332869260065101 [2.554e18])
    │   ├─ emit Transfer(from: 0x0000000000000000000000000000000000000000, to: VqALCX: [0xF62849F9A0B5Bf2913b396098F7c7019b51A820a], value: 2554332869260065101 [2.554e18])
    │   └─ ← [Stop]
    ├─ [1838] VqALCX::depositBucket() [staticcall]
    │   └─ ← [Return] 1000000000000000000000000 [1e24], 1000000000000000000 [1e18], 5, 5, 0, 121, 3059999999999999999997 [3.059e21]
    ├─ [2188] VqALCX::getDepositRequest(0) [staticcall]
    │   └─ ← [Return] Request({ owner: 0x00000000000000000000000000000000000000A1, amount: 1000000000000000000000 [1e21], filled: 1000000000000000000000 [1e21], claimed: 1000000000000000000000 [1e21], cancelled: false })
    ├─ [2188] VqALCX::getDepositRequest(1) [staticcall]
    │   └─ ← [Return] Request({ owner: 0x00000000000000000000000000000000000000b2, amount: 1000000000000000000000 [1e21], filled: 1000000000000000000000 [1e21], claimed: 1000000000000000000000 [1e21], cancelled: false })
    ├─ [2188] VqALCX::getDepositRequest(2) [staticcall]
    │   └─ ← [Return] Request({ owner: 0x00000000000000000000000000000000000000C3, amount: 1000000000000000000000 [1e21], filled: 1000000000000000000000 [1e21], claimed: 1000000000000000000000 [1e21], cancelled: false })
    ├─ [2188] VqALCX::getDepositRequest(3) [staticcall]
    │   └─ ← [Return] Request({ owner: 0x00000000000000000000000000000000000000A1, amount: 1, filled: 0, claimed: 0, cancelled: true })
    ├─ [2188] VqALCX::getDepositRequest(4) [staticcall]
    │   └─ ← [Return] Request({ owner: 0x00000000000000000000000000000000000000A1, amount: 1, filled: 1, claimed: 1, cancelled: false })
    ├─ [850] SystemToken::balanceOf(VqALCX: [0xF62849F9A0B5Bf2913b396098F7c7019b51A820a]) [staticcall]
    │   └─ ← [Return] 3027503787919379828462 [3.027e21]
    ├─ [545] VqALCX::totalSupply() [staticcall]
    │   └─ ← [Return] 2999999999999999999999 [2.999e21]
    ├─ [573] VqALCX::depositQueueDepth() [staticcall]
    │   └─ ← [Return] 0
    ├─ [1817] VqALCX::withdrawBucket() [staticcall]
    │   └─ ← [Return] 1000000000000000000000000 [1e24], 1000000000000000000 [1e18], 2, 2, 0, 121, 6059999999999999999996 [6.059e21]
    ├─ [2166] VqALCX::getWithdrawRequest(0) [staticcall]
    │   └─ ← [Return] Request({ owner: 0x00000000000000000000000000000000000000A1, amount: 2, filled: 0, claimed: 0, cancelled: true })
    ├─ [2166] VqALCX::getWithdrawRequest(1) [staticcall]
    │   └─ ← [Return] Request({ owner: 0x00000000000000000000000000000000000000A1, amount: 2, filled: 2, claimed: 2, cancelled: false })
    ├─ [962] VqALCX::balanceOf(VqALCX: [0xF62849F9A0B5Bf2913b396098F7c7019b51A820a]) [staticcall]
    │   └─ ← [Return] 0
    ├─ [529] VqALCX::withdrawQueueDepth() [staticcall]
    │   └─ ← [Return] 0
    ├─ [471] VqAuctioner::currentDepositRound() [staticcall]
    │   └─ ← [Return] 3
    ├─ [3567] VqAuctioner::getDepositRound(1) [staticcall]
    │   └─ ← [Return] Round({ roundId: 1, isDeposit: true, startTime: 31, endTime: 61, capacity: 3000000000000000000000 [3e21], totalFilled: 2, settled: true, highestBidder: 0x00000000000000000000000000000000000000A1, highestBidAmount: 2, highestBidPrice: 1000000000000000002 [1e18] })
    ├─ [471] VqAuctioner::currentDepositRound() [staticcall]
    │   └─ ← [Return] 3
    ├─ [3567] VqAuctioner::getDepositRound(2) [staticcall]
    │   └─ ← [Return] Round({ roundId: 2, isDeposit: true, startTime: 61, endTime: 91, capacity: 3000000000000000000000 [3e21], totalFilled: 0, settled: true, highestBidder: 0x0000000000000000000000000000000000000000, highestBidAmount: 0, highestBidPrice: 0 })
    ├─ [471] VqAuctioner::currentDepositRound() [staticcall]
    │   └─ ← [Return] 3
    ├─ [3567] VqAuctioner::getDepositRound(3) [staticcall]
    │   └─ ← [Return] Round({ roundId: 3, isDeposit: true, startTime: 121, endTime: 151, capacity: 30000000000000000000 [3e19], totalFilled: 0, settled: false, highestBidder: 0x0000000000000000000000000000000000000000, highestBidAmount: 0, highestBidPrice: 0 })
    ├─ [471] VqAuctioner::currentDepositRound() [staticcall]
    │   └─ ← [Return] 3
    ├─ [515] VqAuctioner::currentWithdrawRound() [staticcall]
    │   └─ ← [Return] 2
    ├─ [3499] VqAuctioner::getWithdrawRound(1) [staticcall]
    │   └─ ← [Return] Round({ roundId: 1, isDeposit: false, startTime: 31, endTime: 61, capacity: 3000000000000000000000 [3e21], totalFilled: 2, settled: true, highestBidder: 0x00000000000000000000000000000000000000A1, highestBidAmount: 2, highestBidPrice: 1 })
    ├─ [515] VqAuctioner::currentWithdrawRound() [staticcall]
    │   └─ ← [Return] 2
    ├─ [3499] VqAuctioner::getWithdrawRound(2) [staticcall]
    │   └─ ← [Return] Round({ roundId: 2, isDeposit: false, startTime: 61, endTime: 91, capacity: 3000000000000000000000 [3e21], totalFilled: 0, settled: false, highestBidder: 0x0000000000000000000000000000000000000000, highestBidAmount: 0, highestBidPrice: 0 })
    ├─ [515] VqAuctioner::currentWithdrawRound() [staticcall]
    │   └─ ← [Return] 2
    ├─ [1838] VqALCX::depositBucket() [staticcall]
    │   └─ ← [Return] 1000000000000000000000000 [1e24], 1000000000000000000 [1e18], 5, 5, 0, 121, 3059999999999999999997 [3.059e21]
    ├─ [1817] VqALCX::withdrawBucket() [staticcall]
    │   └─ ← [Return] 1000000000000000000000000 [1e24], 1000000000000000000 [1e18], 2, 2, 0, 121, 6059999999999999999996 [6.059e21]
    ├─ [505] VqALCX::depositBucketRate() [staticcall]
    │   └─ ← [Return] 1000000000000000000 [1e18]
    ├─ [528] VqALCX::withdrawBucketRate() [staticcall]
    │   └─ ← [Return] 1000000000000000000 [1e18]
    ├─ [850] SystemToken::balanceOf(VqAuctioner: [0x5991A2dF15A8F6A256D3Ec51E99254Cd3fb576A9]) [staticcall]
    │   └─ ← [Return] 0
    ├─ [471] VqAuctioner::currentDepositRound() [staticcall]
    │   └─ ← [Return] 3
    ├─ [777] VqAuctioner::depositLockedTotal(3) [staticcall]
    │   └─ ← [Return] 0
    ├─ [962] VqALCX::balanceOf(VqAuctioner: [0x5991A2dF15A8F6A256D3Ec51E99254Cd3fb576A9]) [staticcall]
    │   └─ ← [Return] 0
    ├─ [515] VqAuctioner::currentWithdrawRound() [staticcall]
    │   └─ ← [Return] 2
    ├─ [799] VqAuctioner::withdrawLockedTotal(2) [staticcall]
    │   └─ ← [Return] 0
    ├─ [897] VqStaking::stakedBalanceOf(0x00000000000000000000000000000000000000A1) [staticcall]
    │   └─ ← [Return] 0
    ├─ [2137] VqStaking::earned(0x00000000000000000000000000000000000000A1) [staticcall]
    │   └─ ← [Return] 0
    ├─ [957] VqStaking::delegates(0x00000000000000000000000000000000000000A1) [staticcall]
    │   └─ ← [Return] 0x00000000000000000000000000000000000000C3
    ├─ [957] VqStaking::delegates(0x00000000000000000000000000000000000000b2) [staticcall]
    │   └─ ← [Return] 0x0000000000000000000000000000000000000000
    ├─ [957] VqStaking::delegates(0x00000000000000000000000000000000000000C3) [staticcall]
    │   └─ ← [Return] 0x0000000000000000000000000000000000000000
    ├─ [1057] VqStaking::getVotes(0x00000000000000000000000000000000000000A1) [staticcall]
    │   └─ ← [Return] 0
    ├─ [897] VqStaking::stakedBalanceOf(0x00000000000000000000000000000000000000b2) [staticcall]
    │   └─ ← [Return] 0
    ├─ [2137] VqStaking::earned(0x00000000000000000000000000000000000000b2) [staticcall]
    │   └─ ← [Return] 0
    ├─ [957] VqStaking::delegates(0x00000000000000000000000000000000000000A1) [staticcall]
    │   └─ ← [Return] 0x00000000000000000000000000000000000000C3
    ├─ [957] VqStaking::delegates(0x00000000000000000000000000000000000000b2) [staticcall]
    │   └─ ← [Return] 0x0000000000000000000000000000000000000000
    ├─ [957] VqStaking::delegates(0x00000000000000000000000000000000000000C3) [staticcall]
    │   └─ ← [Return] 0x0000000000000000000000000000000000000000
    ├─ [1057] VqStaking::getVotes(0x00000000000000000000000000000000000000b2) [staticcall]
    │   └─ ← [Return] 0
    ├─ [897] VqStaking::stakedBalanceOf(0x00000000000000000000000000000000000000C3) [staticcall]
    │   └─ ← [Return] 0
    ├─ [2137] VqStaking::earned(0x00000000000000000000000000000000000000C3) [staticcall]
    │   └─ ← [Return] 0
    ├─ [957] VqStaking::delegates(0x00000000000000000000000000000000000000A1) [staticcall]
    │   └─ ← [Return] 0x00000000000000000000000000000000000000C3
    ├─ [897] VqStaking::stakedBalanceOf(0x00000000000000000000000000000000000000A1) [staticcall]
    │   └─ ← [Return] 0
    ├─ [957] VqStaking::delegates(0x00000000000000000000000000000000000000b2) [staticcall]
    │   └─ ← [Return] 0x0000000000000000000000000000000000000000
    ├─ [957] VqStaking::delegates(0x00000000000000000000000000000000000000C3) [staticcall]
    │   └─ ← [Return] 0x0000000000000000000000000000000000000000
    ├─ [1057] VqStaking::getVotes(0x00000000000000000000000000000000000000C3) [staticcall]
    │   └─ ← [Return] 0
    ├─ [455] VqStaking::totalStaked() [staticcall]
    │   └─ ← [Return] 0
    ├─ [962] VqALCX::balanceOf(VqStaking: [0xc7183455a4C133Ae270771860664b6B7ec320bB1]) [staticcall]
    │   └─ ← [Return] 0
    ├─ [850] SystemToken::balanceOf(VqStaking: [0xc7183455a4C133Ae270771860664b6B7ec320bB1]) [staticcall]
    │   └─ ← [Return] 6154273783984806092 [6.154e18]
    ├─ [850] SystemToken::balanceOf(VqStaking: [0xc7183455a4C133Ae270771860664b6B7ec320bB1]) [staticcall]
    │   └─ ← [Return] 6154273783984806092 [6.154e18]
    ├─ [962] VqALCX::balanceOf(0x00000000000000000000000000000000000000b2) [staticcall]
    │   └─ ← [Return] 1000000000000000000002 [1e21]
    ├─ [0] VM::prank(0x00000000000000000000000000000000000000b2)
    │   └─ ← [Return]
    ├─ [168362] VqStaking::stake(49104508536604051570 [4.91e19])
    │   ├─ [850] SystemToken::balanceOf(VqStaking: [0xc7183455a4C133Ae270771860664b6B7ec320bB1]) [staticcall]
    │   │   └─ ← [Return] 6154273783984806092 [6.154e18]
    │   ├─ [26406] VqALCX::transferFrom(0x00000000000000000000000000000000000000b2, VqStaking: [0xc7183455a4C133Ae270771860664b6B7ec320bB1], 49104508536604051570 [4.91e19])
    │   │   ├─ emit Transfer(from: 0x00000000000000000000000000000000000000b2, to: VqStaking: [0xc7183455a4C133Ae270771860664b6B7ec320bB1], value: 49104508536604051570 [4.91e19])
    │   │   └─ ← [Return] true
    │   ├─ emit Staked(user: 0x00000000000000000000000000000000000000b2, amount: 49104508536604051570 [4.91e19])
    │   └─ ← [Stop]
    ├─ [1838] VqALCX::depositBucket() [staticcall]
    │   └─ ← [Return] 1000000000000000000000000 [1e24], 1000000000000000000 [1e18], 5, 5, 0, 121, 3059999999999999999997 [3.059e21]
    ├─ [2188] VqALCX::getDepositRequest(0) [staticcall]
    │   └─ ← [Return] Request({ owner: 0x00000000000000000000000000000000000000A1, amount: 1000000000000000000000 [1e21], filled: 1000000000000000000000 [1e21], claimed: 1000000000000000000000 [1e21], cancelled: false })
    ├─ [2188] VqALCX::getDepositRequest(1) [staticcall]
    │   └─ ← [Return] Request({ owner: 0x00000000000000000000000000000000000000b2, amount: 1000000000000000000000 [1e21], filled: 1000000000000000000000 [1e21], claimed: 1000000000000000000000 [1e21], cancelled: false })
    ├─ [2188] VqALCX::getDepositRequest(2) [staticcall]
    │   └─ ← [Return] Request({ owner: 0x00000000000000000000000000000000000000C3, amount: 1000000000000000000000 [1e21], filled: 1000000000000000000000 [1e21], claimed: 1000000000000000000000 [1e21], cancelled: false })
    ├─ [2188] VqALCX::getDepositRequest(3) [staticcall]
    │   └─ ← [Return] Request({ owner: 0x00000000000000000000000000000000000000A1, amount: 1, filled: 0, claimed: 0, cancelled: true })
    ├─ [2188] VqALCX::getDepositRequest(4) [staticcall]
    │   └─ ← [Return] Request({ owner: 0x00000000000000000000000000000000000000A1, amount: 1, filled: 1, claimed: 1, cancelled: false })
    ├─ [850] SystemToken::balanceOf(VqALCX: [0xF62849F9A0B5Bf2913b396098F7c7019b51A820a]) [staticcall]
    │   └─ ← [Return] 3027503787919379828462 [3.027e21]
    ├─ [545] VqALCX::totalSupply() [staticcall]
    │   └─ ← [Return] 2999999999999999999999 [2.999e21]
    ├─ [573] VqALCX::depositQueueDepth() [staticcall]
    │   └─ ← [Return] 0
    ├─ [1817] VqALCX::withdrawBucket() [staticcall]
    │   └─ ← [Return] 1000000000000000000000000 [1e24], 1000000000000000000 [1e18], 2, 2, 0, 121, 6059999999999999999996 [6.059e21]
    ├─ [2166] VqALCX::getWithdrawRequest(0) [staticcall]
    │   └─ ← [Return] Request({ owner: 0x00000000000000000000000000000000000000A1, amount: 2, filled: 0, claimed: 0, cancelled: true })
    ├─ [2166] VqALCX::getWithdrawRequest(1) [staticcall]
    │   └─ ← [Return] Request({ owner: 0x00000000000000000000000000000000000000A1, amount: 2, filled: 2, claimed: 2, cancelled: false })
    ├─ [962] VqALCX::balanceOf(VqALCX: [0xF62849F9A0B5Bf2913b396098F7c7019b51A820a]) [staticcall]
    │   └─ ← [Return] 0
    ├─ [529] VqALCX::withdrawQueueDepth() [staticcall]
    │   └─ ← [Return] 0
    ├─ [471] VqAuctioner::currentDepositRound() [staticcall]
    │   └─ ← [Return] 3
    ├─ [3567] VqAuctioner::getDepositRound(1) [staticcall]
    │   └─ ← [Return] Round({ roundId: 1, isDeposit: true, startTime: 31, endTime: 61, capacity: 3000000000000000000000 [3e21], totalFilled: 2, settled: true, highestBidder: 0x00000000000000000000000000000000000000A1, highestBidAmount: 2, highestBidPrice: 1000000000000000002 [1e18] })
    ├─ [471] VqAuctioner::currentDepositRound() [staticcall]
    │   └─ ← [Return] 3
    ├─ [3567] VqAuctioner::getDepositRound(2) [staticcall]
    │   └─ ← [Return] Round({ roundId: 2, isDeposit: true, startTime: 61, endTime: 91, capacity: 3000000000000000000000 [3e21], totalFilled: 0, settled: true, highestBidder: 0x0000000000000000000000000000000000000000, highestBidAmount: 0, highestBidPrice: 0 })
    ├─ [471] VqAuctioner::currentDepositRound() [staticcall]
    │   └─ ← [Return] 3
    ├─ [3567] VqAuctioner::getDepositRound(3) [staticcall]
    │   └─ ← [Return] Round({ roundId: 3, isDeposit: true, startTime: 121, endTime: 151, capacity: 30000000000000000000 [3e19], totalFilled: 0, settled: false, highestBidder: 0x0000000000000000000000000000000000000000, highestBidAmount: 0, highestBidPrice: 0 })
    ├─ [471] VqAuctioner::currentDepositRound() [staticcall]
    │   └─ ← [Return] 3
    ├─ [515] VqAuctioner::currentWithdrawRound() [staticcall]
    │   └─ ← [Return] 2
    ├─ [3499] VqAuctioner::getWithdrawRound(1) [staticcall]
    │   └─ ← [Return] Round({ roundId: 1, isDeposit: false, startTime: 31, endTime: 61, capacity: 3000000000000000000000 [3e21], totalFilled: 2, settled: true, highestBidder: 0x00000000000000000000000000000000000000A1, highestBidAmount: 2, highestBidPrice: 1 })
    ├─ [515] VqAuctioner::currentWithdrawRound() [staticcall]
    │   └─ ← [Return] 2
    ├─ [3499] VqAuctioner::getWithdrawRound(2) [staticcall]
    │   └─ ← [Return] Round({ roundId: 2, isDeposit: false, startTime: 61, endTime: 91, capacity: 3000000000000000000000 [3e21], totalFilled: 0, settled: false, highestBidder: 0x0000000000000000000000000000000000000000, highestBidAmount: 0, highestBidPrice: 0 })
    ├─ [515] VqAuctioner::currentWithdrawRound() [staticcall]
    │   └─ ← [Return] 2
    ├─ [1838] VqALCX::depositBucket() [staticcall]
    │   └─ ← [Return] 1000000000000000000000000 [1e24], 1000000000000000000 [1e18], 5, 5, 0, 121, 3059999999999999999997 [3.059e21]
    ├─ [1817] VqALCX::withdrawBucket() [staticcall]
    │   └─ ← [Return] 1000000000000000000000000 [1e24], 1000000000000000000 [1e18], 2, 2, 0, 121, 6059999999999999999996 [6.059e21]
    ├─ [505] VqALCX::depositBucketRate() [staticcall]
    │   └─ ← [Return] 1000000000000000000 [1e18]
    ├─ [528] VqALCX::withdrawBucketRate() [staticcall]
    │   └─ ← [Return] 1000000000000000000 [1e18]
    ├─ [850] SystemToken::balanceOf(VqAuctioner: [0x5991A2dF15A8F6A256D3Ec51E99254Cd3fb576A9]) [staticcall]
    │   └─ ← [Return] 0
    ├─ [471] VqAuctioner::currentDepositRound() [staticcall]
    │   └─ ← [Return] 3
    ├─ [777] VqAuctioner::depositLockedTotal(3) [staticcall]
    │   └─ ← [Return] 0
    ├─ [962] VqALCX::balanceOf(VqAuctioner: [0x5991A2dF15A8F6A256D3Ec51E99254Cd3fb576A9]) [staticcall]
    │   └─ ← [Return] 0
    ├─ [515] VqAuctioner::currentWithdrawRound() [staticcall]
    │   └─ ← [Return] 2
    ├─ [799] VqAuctioner::withdrawLockedTotal(2) [staticcall]
    │   └─ ← [Return] 0
    ├─ [897] VqStaking::stakedBalanceOf(0x00000000000000000000000000000000000000A1) [staticcall]
    │   └─ ← [Return] 0
    ├─ [2137] VqStaking::earned(0x00000000000000000000000000000000000000A1) [staticcall]
    │   └─ ← [Return] 0
    ├─ [957] VqStaking::delegates(0x00000000000000000000000000000000000000A1) [staticcall]
    │   └─ ← [Return] 0x00000000000000000000000000000000000000C3
    ├─ [957] VqStaking::delegates(0x00000000000000000000000000000000000000b2) [staticcall]
    │   └─ ← [Return] 0x0000000000000000000000000000000000000000
    ├─ [957] VqStaking::delegates(0x00000000000000000000000000000000000000C3) [staticcall]
    │   └─ ← [Return] 0x0000000000000000000000000000000000000000
    ├─ [1057] VqStaking::getVotes(0x00000000000000000000000000000000000000A1) [staticcall]
    │   └─ ← [Return] 0
    ├─ [897] VqStaking::stakedBalanceOf(0x00000000000000000000000000000000000000b2) [staticcall]
    │   └─ ← [Return] 49104508536604051570 [4.91e19]
    ├─ [2137] VqStaking::earned(0x00000000000000000000000000000000000000b2) [staticcall]
    │   └─ ← [Return] 0
    ├─ [957] VqStaking::delegates(0x00000000000000000000000000000000000000A1) [staticcall]
    │   └─ ← [Return] 0x00000000000000000000000000000000000000C3
    ├─ [957] VqStaking::delegates(0x00000000000000000000000000000000000000b2) [staticcall]
    │   └─ ← [Return] 0x0000000000000000000000000000000000000000
    ├─ [957] VqStaking::delegates(0x00000000000000000000000000000000000000C3) [staticcall]
    │   └─ ← [Return] 0x0000000000000000000000000000000000000000
    ├─ [1057] VqStaking::getVotes(0x00000000000000000000000000000000000000b2) [staticcall]
    │   └─ ← [Return] 0
    ├─ [897] VqStaking::stakedBalanceOf(0x00000000000000000000000000000000000000C3) [staticcall]
    │   └─ ← [Return] 0
    ├─ [2137] VqStaking::earned(0x00000000000000000000000000000000000000C3) [staticcall]
    │   └─ ← [Return] 0
    ├─ [957] VqStaking::delegates(0x00000000000000000000000000000000000000A1) [staticcall]
    │   └─ ← [Return] 0x00000000000000000000000000000000000000C3
    ├─ [897] VqStaking::stakedBalanceOf(0x00000000000000000000000000000000000000A1) [staticcall]
    │   └─ ← [Return] 0
    ├─ [957] VqStaking::delegates(0x00000000000000000000000000000000000000b2) [staticcall]
    │   └─ ← [Return] 0x0000000000000000000000000000000000000000
    ├─ [957] VqStaking::delegates(0x00000000000000000000000000000000000000C3) [staticcall]
    │   └─ ← [Return] 0x0000000000000000000000000000000000000000
    ├─ [1057] VqStaking::getVotes(0x00000000000000000000000000000000000000C3) [staticcall]
    │   └─ ← [Return] 0
    ├─ [455] VqStaking::totalStaked() [staticcall]
    │   └─ ← [Return] 49104508536604051570 [4.91e19]
    ├─ [962] VqALCX::balanceOf(VqStaking: [0xc7183455a4C133Ae270771860664b6B7ec320bB1]) [staticcall]
    │   └─ ← [Return] 49104508536604051570 [4.91e19]
    ├─ [850] SystemToken::balanceOf(VqStaking: [0xc7183455a4C133Ae270771860664b6B7ec320bB1]) [staticcall]
    │   └─ ← [Return] 6154273783984806092 [6.154e18]
    ├─ [850] SystemToken::balanceOf(VqStaking: [0xc7183455a4C133Ae270771860664b6B7ec320bB1]) [staticcall]
    │   └─ ← [Return] 6154273783984806092 [6.154e18]
    ├─ [600] VqALCX::paused() [staticcall]
    │   └─ ← [Return] false
    ├─ [21741] VqALCX::pause()
    │   ├─ emit PauseChanged(paused: true)
    │   └─ ← [Stop]
    ├─ [1838] VqALCX::depositBucket() [staticcall]
    │   └─ ← [Return] 1000000000000000000000000 [1e24], 1000000000000000000 [1e18], 5, 5, 0, 121, 3059999999999999999997 [3.059e21]
    ├─ [2188] VqALCX::getDepositRequest(0) [staticcall]
    │   └─ ← [Return] Request({ owner: 0x00000000000000000000000000000000000000A1, amount: 1000000000000000000000 [1e21], filled: 1000000000000000000000 [1e21], claimed: 1000000000000000000000 [1e21], cancelled: false })
    ├─ [2188] VqALCX::getDepositRequest(1) [staticcall]
    │   └─ ← [Return] Request({ owner: 0x00000000000000000000000000000000000000b2, amount: 1000000000000000000000 [1e21], filled: 1000000000000000000000 [1e21], claimed: 1000000000000000000000 [1e21], cancelled: false })
    ├─ [2188] VqALCX::getDepositRequest(2) [staticcall]
    │   └─ ← [Return] Request({ owner: 0x00000000000000000000000000000000000000C3, amount: 1000000000000000000000 [1e21], filled: 1000000000000000000000 [1e21], claimed: 1000000000000000000000 [1e21], cancelled: false })
    ├─ [2188] VqALCX::getDepositRequest(3) [staticcall]
    │   └─ ← [Return] Request({ owner: 0x00000000000000000000000000000000000000A1, amount: 1, filled: 0, claimed: 0, cancelled: true })
    ├─ [2188] VqALCX::getDepositRequest(4) [staticcall]
    │   └─ ← [Return] Request({ owner: 0x00000000000000000000000000000000000000A1, amount: 1, filled: 1, claimed: 1, cancelled: false })
    ├─ [850] SystemToken::balanceOf(VqALCX: [0xF62849F9A0B5Bf2913b396098F7c7019b51A820a]) [staticcall]
    │   └─ ← [Return] 3027503787919379828462 [3.027e21]
    ├─ [545] VqALCX::totalSupply() [staticcall]
    │   └─ ← [Return] 2999999999999999999999 [2.999e21]
    ├─ [573] VqALCX::depositQueueDepth() [staticcall]
    │   └─ ← [Return] 0
    ├─ [1817] VqALCX::withdrawBucket() [staticcall]
    │   └─ ← [Return] 1000000000000000000000000 [1e24], 1000000000000000000 [1e18], 2, 2, 0, 121, 6059999999999999999996 [6.059e21]
    ├─ [2166] VqALCX::getWithdrawRequest(0) [staticcall]
    │   └─ ← [Return] Request({ owner: 0x00000000000000000000000000000000000000A1, amount: 2, filled: 0, claimed: 0, cancelled: true })
    ├─ [2166] VqALCX::getWithdrawRequest(1) [staticcall]
    │   └─ ← [Return] Request({ owner: 0x00000000000000000000000000000000000000A1, amount: 2, filled: 2, claimed: 2, cancelled: false })
    ├─ [962] VqALCX::balanceOf(VqALCX: [0xF62849F9A0B5Bf2913b396098F7c7019b51A820a]) [staticcall]
    │   └─ ← [Return] 0
    ├─ [529] VqALCX::withdrawQueueDepth() [staticcall]
    │   └─ ← [Return] 0
    ├─ [471] VqAuctioner::currentDepositRound() [staticcall]
    │   └─ ← [Return] 3
    ├─ [3567] VqAuctioner::getDepositRound(1) [staticcall]
    │   └─ ← [Return] Round({ roundId: 1, isDeposit: true, startTime: 31, endTime: 61, capacity: 3000000000000000000000 [3e21], totalFilled: 2, settled: true, highestBidder: 0x00000000000000000000000000000000000000A1, highestBidAmount: 2, highestBidPrice: 1000000000000000002 [1e18] })
    ├─ [471] VqAuctioner::currentDepositRound() [staticcall]
    │   └─ ← [Return] 3
    ├─ [3567] VqAuctioner::getDepositRound(2) [staticcall]
    │   └─ ← [Return] Round({ roundId: 2, isDeposit: true, startTime: 61, endTime: 91, capacity: 3000000000000000000000 [3e21], totalFilled: 0, settled: true, highestBidder: 0x0000000000000000000000000000000000000000, highestBidAmount: 0, highestBidPrice: 0 })
    ├─ [471] VqAuctioner::currentDepositRound() [staticcall]
    │   └─ ← [Return] 3
    ├─ [3567] VqAuctioner::getDepositRound(3) [staticcall]
    │   └─ ← [Return] Round({ roundId: 3, isDeposit: true, startTime: 121, endTime: 151, capacity: 30000000000000000000 [3e19], totalFilled: 0, settled: false, highestBidder: 0x0000000000000000000000000000000000000000, highestBidAmount: 0, highestBidPrice: 0 })
    ├─ [471] VqAuctioner::currentDepositRound() [staticcall]
    │   └─ ← [Return] 3
    ├─ [515] VqAuctioner::currentWithdrawRound() [staticcall]
    │   └─ ← [Return] 2
    ├─ [3499] VqAuctioner::getWithdrawRound(1) [staticcall]
    │   └─ ← [Return] Round({ roundId: 1, isDeposit: false, startTime: 31, endTime: 61, capacity: 3000000000000000000000 [3e21], totalFilled: 2, settled: true, highestBidder: 0x00000000000000000000000000000000000000A1, highestBidAmount: 2, highestBidPrice: 1 })
    ├─ [515] VqAuctioner::currentWithdrawRound() [staticcall]
    │   └─ ← [Return] 2
    ├─ [3499] VqAuctioner::getWithdrawRound(2) [staticcall]
    │   └─ ← [Return] Round({ roundId: 2, isDeposit: false, startTime: 61, endTime: 91, capacity: 3000000000000000000000 [3e21], totalFilled: 0, settled: false, highestBidder: 0x0000000000000000000000000000000000000000, highestBidAmount: 0, highestBidPrice: 0 })
    ├─ [515] VqAuctioner::currentWithdrawRound() [staticcall]
    │   └─ ← [Return] 2
    ├─ [1838] VqALCX::depositBucket() [staticcall]
    │   └─ ← [Return] 1000000000000000000000000 [1e24], 1000000000000000000 [1e18], 5, 5, 0, 121, 3059999999999999999997 [3.059e21]
    ├─ [1817] VqALCX::withdrawBucket() [staticcall]
    │   └─ ← [Return] 1000000000000000000000000 [1e24], 1000000000000000000 [1e18], 2, 2, 0, 121, 6059999999999999999996 [6.059e21]
    ├─ [505] VqALCX::depositBucketRate() [staticcall]
    │   └─ ← [Return] 1000000000000000000 [1e18]
    ├─ [528] VqALCX::withdrawBucketRate() [staticcall]
    │   └─ ← [Return] 1000000000000000000 [1e18]
    ├─ [850] SystemToken::balanceOf(VqAuctioner: [0x5991A2dF15A8F6A256D3Ec51E99254Cd3fb576A9]) [staticcall]
    │   └─ ← [Return] 0
    ├─ [471] VqAuctioner::currentDepositRound() [staticcall]
    │   └─ ← [Return] 3
    ├─ [777] VqAuctioner::depositLockedTotal(3) [staticcall]
    │   └─ ← [Return] 0
    ├─ [962] VqALCX::balanceOf(VqAuctioner: [0x5991A2dF15A8F6A256D3Ec51E99254Cd3fb576A9]) [staticcall]
    │   └─ ← [Return] 0
    ├─ [515] VqAuctioner::currentWithdrawRound() [staticcall]
    │   └─ ← [Return] 2
    ├─ [799] VqAuctioner::withdrawLockedTotal(2) [staticcall]
    │   └─ ← [Return] 0
    ├─ [897] VqStaking::stakedBalanceOf(0x00000000000000000000000000000000000000A1) [staticcall]
    │   └─ ← [Return] 0
    ├─ [2137] VqStaking::earned(0x00000000000000000000000000000000000000A1) [staticcall]
    │   └─ ← [Return] 0
    ├─ [957] VqStaking::delegates(0x00000000000000000000000000000000000000A1) [staticcall]
    │   └─ ← [Return] 0x00000000000000000000000000000000000000C3
    ├─ [957] VqStaking::delegates(0x00000000000000000000000000000000000000b2) [staticcall]
    │   └─ ← [Return] 0x0000000000000000000000000000000000000000
    ├─ [957] VqStaking::delegates(0x00000000000000000000000000000000000000C3) [staticcall]
    │   └─ ← [Return] 0x0000000000000000000000000000000000000000
    ├─ [1057] VqStaking::getVotes(0x00000000000000000000000000000000000000A1) [staticcall]
    │   └─ ← [Return] 0
    ├─ [897] VqStaking::stakedBalanceOf(0x00000000000000000000000000000000000000b2) [staticcall]
    │   └─ ← [Return] 49104508536604051570 [4.91e19]
    ├─ [2137] VqStaking::earned(0x00000000000000000000000000000000000000b2) [staticcall]
    │   └─ ← [Return] 0
    ├─ [957] VqStaking::delegates(0x00000000000000000000000000000000000000A1) [staticcall]
    │   └─ ← [Return] 0x00000000000000000000000000000000000000C3
    ├─ [957] VqStaking::delegates(0x00000000000000000000000000000000000000b2) [staticcall]
    │   └─ ← [Return] 0x0000000000000000000000000000000000000000
    ├─ [957] VqStaking::delegates(0x00000000000000000000000000000000000000C3) [staticcall]
    │   └─ ← [Return] 0x0000000000000000000000000000000000000000
    ├─ [1057] VqStaking::getVotes(0x00000000000000000000000000000000000000b2) [staticcall]
    │   └─ ← [Return] 0
    ├─ [897] VqStaking::stakedBalanceOf(0x00000000000000000000000000000000000000C3) [staticcall]
    │   └─ ← [Return] 0
    ├─ [2137] VqStaking::earned(0x00000000000000000000000000000000000000C3) [staticcall]
    │   └─ ← [Return] 0
    ├─ [957] VqStaking::delegates(0x00000000000000000000000000000000000000A1) [staticcall]
    │   └─ ← [Return] 0x00000000000000000000000000000000000000C3
    ├─ [897] VqStaking::stakedBalanceOf(0x00000000000000000000000000000000000000A1) [staticcall]
    │   └─ ← [Return] 0
    ├─ [957] VqStaking::delegates(0x00000000000000000000000000000000000000b2) [staticcall]
    │   └─ ← [Return] 0x0000000000000000000000000000000000000000
    ├─ [957] VqStaking::delegates(0x00000000000000000000000000000000000000C3) [staticcall]
    │   └─ ← [Return] 0x0000000000000000000000000000000000000000
    ├─ [1057] VqStaking::getVotes(0x00000000000000000000000000000000000000C3) [staticcall]
    │   └─ ← [Return] 0
    ├─ [455] VqStaking::totalStaked() [staticcall]
    │   └─ ← [Return] 49104508536604051570 [4.91e19]
    ├─ [962] VqALCX::balanceOf(VqStaking: [0xc7183455a4C133Ae270771860664b6B7ec320bB1]) [staticcall]
    │   └─ ← [Return] 49104508536604051570 [4.91e19]
    ├─ [850] SystemToken::balanceOf(VqStaking: [0xc7183455a4C133Ae270771860664b6B7ec320bB1]) [staticcall]
    │   └─ ← [Return] 6154273783984806092 [6.154e18]
    ├─ [850] SystemToken::balanceOf(VqStaking: [0xc7183455a4C133Ae270771860664b6B7ec320bB1]) [staticcall]
    │   └─ ← [Return] 6154273783984806092 [6.154e18]
    ├─ [3491] SystemToken::mint(VqStaking: [0xc7183455a4C133Ae270771860664b6B7ec320bB1], 81831038044148902 [8.183e16])
    │   ├─ emit Transfer(from: 0x0000000000000000000000000000000000000000, to: VqStaking: [0xc7183455a4C133Ae270771860664b6B7ec320bB1], value: 81831038044148902 [8.183e16])
    │   └─ ← [Stop]
    ├─ [1838] VqALCX::depositBucket() [staticcall]
    │   └─ ← [Return] 1000000000000000000000000 [1e24], 1000000000000000000 [1e18], 5, 5, 0, 121, 3059999999999999999997 [3.059e21]
    ├─ [2188] VqALCX::getDepositRequest(0) [staticcall]
    │   └─ ← [Return] Request({ owner: 0x00000000000000000000000000000000000000A1, amount: 1000000000000000000000 [1e21], filled: 1000000000000000000000 [1e21], claimed: 1000000000000000000000 [1e21], cancelled: false })
    ├─ [2188] VqALCX::getDepositRequest(1) [staticcall]
    │   └─ ← [Return] Request({ owner: 0x00000000000000000000000000000000000000b2, amount: 1000000000000000000000 [1e21], filled: 1000000000000000000000 [1e21], claimed: 1000000000000000000000 [1e21], cancelled: false })
    ├─ [2188] VqALCX::getDepositRequest(2) [staticcall]
    │   └─ ← [Return] Request({ owner: 0x00000000000000000000000000000000000000C3, amount: 1000000000000000000000 [1e21], filled: 1000000000000000000000 [1e21], claimed: 1000000000000000000000 [1e21], cancelled: false })
    ├─ [2188] VqALCX::getDepositRequest(3) [staticcall]
    │   └─ ← [Return] Request({ owner: 0x00000000000000000000000000000000000000A1, amount: 1, filled: 0, claimed: 0, cancelled: true })
    ├─ [2188] VqALCX::getDepositRequest(4) [staticcall]
    │   └─ ← [Return] Request({ owner: 0x00000000000000000000000000000000000000A1, amount: 1, filled: 1, claimed: 1, cancelled: false })
    ├─ [850] SystemToken::balanceOf(VqALCX: [0xF62849F9A0B5Bf2913b396098F7c7019b51A820a]) [staticcall]
    │   └─ ← [Return] 3027503787919379828462 [3.027e21]
    ├─ [545] VqALCX::totalSupply() [staticcall]
    │   └─ ← [Return] 2999999999999999999999 [2.999e21]
    ├─ [573] VqALCX::depositQueueDepth() [staticcall]
    │   └─ ← [Return] 0
    ├─ [1817] VqALCX::withdrawBucket() [staticcall]
    │   └─ ← [Return] 1000000000000000000000000 [1e24], 1000000000000000000 [1e18], 2, 2, 0, 121, 6059999999999999999996 [6.059e21]
    ├─ [2166] VqALCX::getWithdrawRequest(0) [staticcall]
    │   └─ ← [Return] Request({ owner: 0x00000000000000000000000000000000000000A1, amount: 2, filled: 0, claimed: 0, cancelled: true })
    ├─ [2166] VqALCX::getWithdrawRequest(1) [staticcall]
    │   └─ ← [Return] Request({ owner: 0x00000000000000000000000000000000000000A1, amount: 2, filled: 2, claimed: 2, cancelled: false })
    ├─ [962] VqALCX::balanceOf(VqALCX: [0xF62849F9A0B5Bf2913b396098F7c7019b51A820a]) [staticcall]
    │   └─ ← [Return] 0
    ├─ [529] VqALCX::withdrawQueueDepth() [staticcall]
    │   └─ ← [Return] 0
    ├─ [471] VqAuctioner::currentDepositRound() [staticcall]
    │   └─ ← [Return] 3
    ├─ [3567] VqAuctioner::getDepositRound(1) [staticcall]
    │   └─ ← [Return] Round({ roundId: 1, isDeposit: true, startTime: 31, endTime: 61, capacity: 3000000000000000000000 [3e21], totalFilled: 2, settled: true, highestBidder: 0x00000000000000000000000000000000000000A1, highestBidAmount: 2, highestBidPrice: 1000000000000000002 [1e18] })
    ├─ [471] VqAuctioner::currentDepositRound() [staticcall]
    │   └─ ← [Return] 3
    ├─ [3567] VqAuctioner::getDepositRound(2) [staticcall]
    │   └─ ← [Return] Round({ roundId: 2, isDeposit: true, startTime: 61, endTime: 91, capacity: 3000000000000000000000 [3e21], totalFilled: 0, settled: true, highestBidder: 0x0000000000000000000000000000000000000000, highestBidAmount: 0, highestBidPrice: 0 })
    ├─ [471] VqAuctioner::currentDepositRound() [staticcall]
    │   └─ ← [Return] 3
    ├─ [3567] VqAuctioner::getDepositRound(3) [staticcall]
    │   └─ ← [Return] Round({ roundId: 3, isDeposit: true, startTime: 121, endTime: 151, capacity: 30000000000000000000 [3e19], totalFilled: 0, settled: false, highestBidder: 0x0000000000000000000000000000000000000000, highestBidAmount: 0, highestBidPrice: 0 })
    ├─ [471] VqAuctioner::currentDepositRound() [staticcall]
    │   └─ ← [Return] 3
    ├─ [515] VqAuctioner::currentWithdrawRound() [staticcall]
    │   └─ ← [Return] 2
    ├─ [3499] VqAuctioner::getWithdrawRound(1) [staticcall]
    │   └─ ← [Return] Round({ roundId: 1, isDeposit: false, startTime: 31, endTime: 61, capacity: 3000000000000000000000 [3e21], totalFilled: 2, settled: true, highestBidder: 0x00000000000000000000000000000000000000A1, highestBidAmount: 2, highestBidPrice: 1 })
    ├─ [515] VqAuctioner::currentWithdrawRound() [staticcall]
    │   └─ ← [Return] 2
    ├─ [3499] VqAuctioner::getWithdrawRound(2) [staticcall]
    │   └─ ← [Return] Round({ roundId: 2, isDeposit: false, startTime: 61, endTime: 91, capacity: 3000000000000000000000 [3e21], totalFilled: 0, settled: false, highestBidder: 0x0000000000000000000000000000000000000000, highestBidAmount: 0, highestBidPrice: 0 })
    ├─ [515] VqAuctioner::currentWithdrawRound() [staticcall]
    │   └─ ← [Return] 2
    ├─ [1838] VqALCX::depositBucket() [staticcall]
    │   └─ ← [Return] 1000000000000000000000000 [1e24], 1000000000000000000 [1e18], 5, 5, 0, 121, 3059999999999999999997 [3.059e21]
    ├─ [1817] VqALCX::withdrawBucket() [staticcall]
    │   └─ ← [Return] 1000000000000000000000000 [1e24], 1000000000000000000 [1e18], 2, 2, 0, 121, 6059999999999999999996 [6.059e21]
    ├─ [505] VqALCX::depositBucketRate() [staticcall]
    │   └─ ← [Return] 1000000000000000000 [1e18]
    ├─ [528] VqALCX::withdrawBucketRate() [staticcall]
    │   └─ ← [Return] 1000000000000000000 [1e18]
    ├─ [850] SystemToken::balanceOf(VqAuctioner: [0x5991A2dF15A8F6A256D3Ec51E99254Cd3fb576A9]) [staticcall]
    │   └─ ← [Return] 0
    ├─ [471] VqAuctioner::currentDepositRound() [staticcall]
    │   └─ ← [Return] 3
    ├─ [777] VqAuctioner::depositLockedTotal(3) [staticcall]
    │   └─ ← [Return] 0
    ├─ [962] VqALCX::balanceOf(VqAuctioner: [0x5991A2dF15A8F6A256D3Ec51E99254Cd3fb576A9]) [staticcall]
    │   └─ ← [Return] 0
    ├─ [515] VqAuctioner::currentWithdrawRound() [staticcall]
    │   └─ ← [Return] 2
    ├─ [799] VqAuctioner::withdrawLockedTotal(2) [staticcall]
    │   └─ ← [Return] 0
    ├─ [897] VqStaking::stakedBalanceOf(0x00000000000000000000000000000000000000A1) [staticcall]
    │   └─ ← [Return] 0
    ├─ [2137] VqStaking::earned(0x00000000000000000000000000000000000000A1) [staticcall]
    │   └─ ← [Return] 0
    ├─ [957] VqStaking::delegates(0x00000000000000000000000000000000000000A1) [staticcall]
    │   └─ ← [Return] 0x00000000000000000000000000000000000000C3
    ├─ [957] VqStaking::delegates(0x00000000000000000000000000000000000000b2) [staticcall]
    │   └─ ← [Return] 0x0000000000000000000000000000000000000000
    ├─ [957] VqStaking::delegates(0x00000000000000000000000000000000000000C3) [staticcall]
    │   └─ ← [Return] 0x0000000000000000000000000000000000000000
    ├─ [1057] VqStaking::getVotes(0x00000000000000000000000000000000000000A1) [staticcall]
    │   └─ ← [Return] 0
    ├─ [897] VqStaking::stakedBalanceOf(0x00000000000000000000000000000000000000b2) [staticcall]
    │   └─ ← [Return] 49104508536604051570 [4.91e19]
    ├─ [2137] VqStaking::earned(0x00000000000000000000000000000000000000b2) [staticcall]
    │   └─ ← [Return] 0
    ├─ [957] VqStaking::delegates(0x00000000000000000000000000000000000000A1) [staticcall]
    │   └─ ← [Return] 0x00000000000000000000000000000000000000C3
    ├─ [957] VqStaking::delegates(0x00000000000000000000000000000000000000b2) [staticcall]
    │   └─ ← [Return] 0x0000000000000000000000000000000000000000
    ├─ [957] VqStaking::delegates(0x00000000000000000000000000000000000000C3) [staticcall]
    │   └─ ← [Return] 0x0000000000000000000000000000000000000000
    ├─ [1057] VqStaking::getVotes(0x00000000000000000000000000000000000000b2) [staticcall]
    │   └─ ← [Return] 0
    ├─ [897] VqStaking::stakedBalanceOf(0x00000000000000000000000000000000000000C3) [staticcall]
    │   └─ ← [Return] 0
    ├─ [2137] VqStaking::earned(0x00000000000000000000000000000000000000C3) [staticcall]
    │   └─ ← [Return] 0
    ├─ [957] VqStaking::delegates(0x00000000000000000000000000000000000000A1) [staticcall]
    │   └─ ← [Return] 0x00000000000000000000000000000000000000C3
    ├─ [897] VqStaking::stakedBalanceOf(0x00000000000000000000000000000000000000A1) [staticcall]
    │   └─ ← [Return] 0
    ├─ [957] VqStaking::delegates(0x00000000000000000000000000000000000000b2) [staticcall]
    │   └─ ← [Return] 0x0000000000000000000000000000000000000000
    ├─ [957] VqStaking::delegates(0x00000000000000000000000000000000000000C3) [staticcall]
    │   └─ ← [Return] 0x0000000000000000000000000000000000000000
    ├─ [1057] VqStaking::getVotes(0x00000000000000000000000000000000000000C3) [staticcall]
    │   └─ ← [Return] 0
    ├─ [455] VqStaking::totalStaked() [staticcall]
    │   └─ ← [Return] 49104508536604051570 [4.91e19]
    ├─ [962] VqALCX::balanceOf(VqStaking: [0xc7183455a4C133Ae270771860664b6B7ec320bB1]) [staticcall]
    │   └─ ← [Return] 49104508536604051570 [4.91e19]
    ├─ [850] SystemToken::balanceOf(VqStaking: [0xc7183455a4C133Ae270771860664b6B7ec320bB1]) [staticcall]
    │   └─ ← [Return] 6236104822028954994 [6.236e18]
    ├─ [850] SystemToken::balanceOf(VqStaking: [0xc7183455a4C133Ae270771860664b6B7ec320bB1]) [staticcall]
    │   └─ ← [Return] 6236104822028954994 [6.236e18]
    ├─ [897] VqStaking::stakedBalanceOf(0x00000000000000000000000000000000000000b2) [staticcall]
    │   └─ ← [Return] 49104508536604051570 [4.91e19]
    ├─ [0] VM::prank(0x00000000000000000000000000000000000000b2)
    │   └─ ← [Return]
    ├─ [62119] VqStaking::unstake(16132358529585515420 [1.613e19])
    │   ├─ [850] SystemToken::balanceOf(VqStaking: [0xc7183455a4C133Ae270771860664b6B7ec320bB1]) [staticcall]
    │   │   └─ ← [Return] 6236104822028954994 [6.236e18]
    │   ├─ emit RewardsAccrued(amount: 6236104822028954994 [6.236e18])
    │   ├─ [3891] VqALCX::transfer(0x00000000000000000000000000000000000000b2, 16132358529585515420 [1.613e19])
    │   │   ├─ emit Transfer(from: VqStaking: [0xc7183455a4C133Ae270771860664b6B7ec320bB1], to: 0x00000000000000000000000000000000000000b2, value: 16132358529585515420 [1.613e19])
    │   │   └─ ← [Return] true
    │   ├─ emit Unstaked(user: 0x00000000000000000000000000000000000000b2, amount: 16132358529585515420 [1.613e19])
    │   └─ ← [Stop]
    ├─ [1838] VqALCX::depositBucket() [staticcall]
    │   └─ ← [Return] 1000000000000000000000000 [1e24], 1000000000000000000 [1e18], 5, 5, 0, 121, 3059999999999999999997 [3.059e21]
    ├─ [2188] VqALCX::getDepositRequest(0) [staticcall]
    │   └─ ← [Return] Request({ owner: 0x00000000000000000000000000000000000000A1, amount: 1000000000000000000000 [1e21], filled: 1000000000000000000000 [1e21], claimed: 1000000000000000000000 [1e21], cancelled: false })
    ├─ [2188] VqALCX::getDepositRequest(1) [staticcall]
    │   └─ ← [Return] Request({ owner: 0x00000000000000000000000000000000000000b2, amount: 1000000000000000000000 [1e21], filled: 1000000000000000000000 [1e21], claimed: 1000000000000000000000 [1e21], cancelled: false })
    ├─ [2188] VqALCX::getDepositRequest(2) [staticcall]
    │   └─ ← [Return] Request({ owner: 0x00000000000000000000000000000000000000C3, amount: 1000000000000000000000 [1e21], filled: 1000000000000000000000 [1e21], claimed: 1000000000000000000000 [1e21], cancelled: false })
    ├─ [2188] VqALCX::getDepositRequest(3) [staticcall]
    │   └─ ← [Return] Request({ owner: 0x00000000000000000000000000000000000000A1, amount: 1, filled: 0, claimed: 0, cancelled: true })
    ├─ [2188] VqALCX::getDepositRequest(4) [staticcall]
    │   └─ ← [Return] Request({ owner: 0x00000000000000000000000000000000000000A1, amount: 1, filled: 1, claimed: 1, cancelled: false })
    ├─ [850] SystemToken::balanceOf(VqALCX: [0xF62849F9A0B5Bf2913b396098F7c7019b51A820a]) [staticcall]
    │   └─ ← [Return] 3027503787919379828462 [3.027e21]
    ├─ [545] VqALCX::totalSupply() [staticcall]
    │   └─ ← [Return] 2999999999999999999999 [2.999e21]
    ├─ [573] VqALCX::depositQueueDepth() [staticcall]
    │   └─ ← [Return] 0
    ├─ [1817] VqALCX::withdrawBucket() [staticcall]
    │   └─ ← [Return] 1000000000000000000000000 [1e24], 1000000000000000000 [1e18], 2, 2, 0, 121, 6059999999999999999996 [6.059e21]
    ├─ [2166] VqALCX::getWithdrawRequest(0) [staticcall]
    │   └─ ← [Return] Request({ owner: 0x00000000000000000000000000000000000000A1, amount: 2, filled: 0, claimed: 0, cancelled: true })
    ├─ [2166] VqALCX::getWithdrawRequest(1) [staticcall]
    │   └─ ← [Return] Request({ owner: 0x00000000000000000000000000000000000000A1, amount: 2, filled: 2, claimed: 2, cancelled: false })
    ├─ [962] VqALCX::balanceOf(VqALCX: [0xF62849F9A0B5Bf2913b396098F7c7019b51A820a]) [staticcall]
    │   └─ ← [Return] 0
    ├─ [529] VqALCX::withdrawQueueDepth() [staticcall]
    │   └─ ← [Return] 0
    ├─ [471] VqAuctioner::currentDepositRound() [staticcall]
    │   └─ ← [Return] 3
    ├─ [3567] VqAuctioner::getDepositRound(1) [staticcall]
    │   └─ ← [Return] Round({ roundId: 1, isDeposit: true, startTime: 31, endTime: 61, capacity: 3000000000000000000000 [3e21], totalFilled: 2, settled: true, highestBidder: 0x00000000000000000000000000000000000000A1, highestBidAmount: 2, highestBidPrice: 1000000000000000002 [1e18] })
    ├─ [471] VqAuctioner::currentDepositRound() [staticcall]
    │   └─ ← [Return] 3
    ├─ [3567] VqAuctioner::getDepositRound(2) [staticcall]
    │   └─ ← [Return] Round({ roundId: 2, isDeposit: true, startTime: 61, endTime: 91, capacity: 3000000000000000000000 [3e21], totalFilled: 0, settled: true, highestBidder: 0x0000000000000000000000000000000000000000, highestBidAmount: 0, highestBidPrice: 0 })
    ├─ [471] VqAuctioner::currentDepositRound() [staticcall]
    │   └─ ← [Return] 3
    ├─ [3567] VqAuctioner::getDepositRound(3) [staticcall]
    │   └─ ← [Return] Round({ roundId: 3, isDeposit: true, startTime: 121, endTime: 151, capacity: 30000000000000000000 [3e19], totalFilled: 0, settled: false, highestBidder: 0x0000000000000000000000000000000000000000, highestBidAmount: 0, highestBidPrice: 0 })
    ├─ [471] VqAuctioner::currentDepositRound() [staticcall]
    │   └─ ← [Return] 3
    ├─ [515] VqAuctioner::currentWithdrawRound() [staticcall]
    │   └─ ← [Return] 2
    ├─ [3499] VqAuctioner::getWithdrawRound(1) [staticcall]
    │   └─ ← [Return] Round({ roundId: 1, isDeposit: false, startTime: 31, endTime: 61, capacity: 3000000000000000000000 [3e21], totalFilled: 2, settled: true, highestBidder: 0x00000000000000000000000000000000000000A1, highestBidAmount: 2, highestBidPrice: 1 })
    ├─ [515] VqAuctioner::currentWithdrawRound() [staticcall]
    │   └─ ← [Return] 2
    ├─ [3499] VqAuctioner::getWithdrawRound(2) [staticcall]
    │   └─ ← [Return] Round({ roundId: 2, isDeposit: false, startTime: 61, endTime: 91, capacity: 3000000000000000000000 [3e21], totalFilled: 0, settled: false, highestBidder: 0x0000000000000000000000000000000000000000, highestBidAmount: 0, highestBidPrice: 0 })
    ├─ [515] VqAuctioner::currentWithdrawRound() [staticcall]
    │   └─ ← [Return] 2
    ├─ [1838] VqALCX::depositBucket() [staticcall]
    │   └─ ← [Return] 1000000000000000000000000 [1e24], 1000000000000000000 [1e18], 5, 5, 0, 121, 3059999999999999999997 [3.059e21]
    ├─ [1817] VqALCX::withdrawBucket() [staticcall]
    │   └─ ← [Return] 1000000000000000000000000 [1e24], 1000000000000000000 [1e18], 2, 2, 0, 121, 6059999999999999999996 [6.059e21]
    ├─ [505] VqALCX::depositBucketRate() [staticcall]
    │   └─ ← [Return] 1000000000000000000 [1e18]
    ├─ [528] VqALCX::withdrawBucketRate() [staticcall]
    │   └─ ← [Return] 1000000000000000000 [1e18]
    ├─ [850] SystemToken::balanceOf(VqAuctioner: [0x5991A2dF15A8F6A256D3Ec51E99254Cd3fb576A9]) [staticcall]
    │   └─ ← [Return] 0
    ├─ [471] VqAuctioner::currentDepositRound() [staticcall]
    │   └─ ← [Return] 3
    ├─ [777] VqAuctioner::depositLockedTotal(3) [staticcall]
    │   └─ ← [Return] 0
    ├─ [962] VqALCX::balanceOf(VqAuctioner: [0x5991A2dF15A8F6A256D3Ec51E99254Cd3fb576A9]) [staticcall]
    │   └─ ← [Return] 0
    ├─ [515] VqAuctioner::currentWithdrawRound() [staticcall]
    │   └─ ← [Return] 2
    ├─ [799] VqAuctioner::withdrawLockedTotal(2) [staticcall]
    │   └─ ← [Return] 0
    ├─ [897] VqStaking::stakedBalanceOf(0x00000000000000000000000000000000000000A1) [staticcall]
    │   └─ ← [Return] 0
    ├─ [2137] VqStaking::earned(0x00000000000000000000000000000000000000A1) [staticcall]
    │   └─ ← [Return] 0
    ├─ [957] VqStaking::delegates(0x00000000000000000000000000000000000000A1) [staticcall]
    │   └─ ← [Return] 0x00000000000000000000000000000000000000C3
    ├─ [957] VqStaking::delegates(0x00000000000000000000000000000000000000b2) [staticcall]
    │   └─ ← [Return] 0x0000000000000000000000000000000000000000
    ├─ [957] VqStaking::delegates(0x00000000000000000000000000000000000000C3) [staticcall]
    │   └─ ← [Return] 0x0000000000000000000000000000000000000000
    ├─ [1057] VqStaking::getVotes(0x00000000000000000000000000000000000000A1) [staticcall]
    │   └─ ← [Return] 0
    ├─ [897] VqStaking::stakedBalanceOf(0x00000000000000000000000000000000000000b2) [staticcall]
    │   └─ ← [Return] 32972150007018536150 [3.297e19]
    ├─ [2137] VqStaking::earned(0x00000000000000000000000000000000000000b2) [staticcall]
    │   └─ ← [Return] 6236104822028954981 [6.236e18]
    ├─ [957] VqStaking::delegates(0x00000000000000000000000000000000000000A1) [staticcall]
    │   └─ ← [Return] 0x00000000000000000000000000000000000000C3
    ├─ [957] VqStaking::delegates(0x00000000000000000000000000000000000000b2) [staticcall]
    │   └─ ← [Return] 0x0000000000000000000000000000000000000000
    ├─ [957] VqStaking::delegates(0x00000000000000000000000000000000000000C3) [staticcall]
    │   └─ ← [Return] 0x0000000000000000000000000000000000000000
    ├─ [1057] VqStaking::getVotes(0x00000000000000000000000000000000000000b2) [staticcall]
    │   └─ ← [Return] 0
    ├─ [897] VqStaking::stakedBalanceOf(0x00000000000000000000000000000000000000C3) [staticcall]
    │   └─ ← [Return] 0
    ├─ [2137] VqStaking::earned(0x00000000000000000000000000000000000000C3) [staticcall]
    │   └─ ← [Return] 0
    ├─ [957] VqStaking::delegates(0x00000000000000000000000000000000000000A1) [staticcall]
    │   └─ ← [Return] 0x00000000000000000000000000000000000000C3
    ├─ [897] VqStaking::stakedBalanceOf(0x00000000000000000000000000000000000000A1) [staticcall]
    │   └─ ← [Return] 0
    ├─ [957] VqStaking::delegates(0x00000000000000000000000000000000000000b2) [staticcall]
    │   └─ ← [Return] 0x0000000000000000000000000000000000000000
    ├─ [957] VqStaking::delegates(0x00000000000000000000000000000000000000C3) [staticcall]
    │   └─ ← [Return] 0x0000000000000000000000000000000000000000
    ├─ [1057] VqStaking::getVotes(0x00000000000000000000000000000000000000C3) [staticcall]
    │   └─ ← [Return] 0
    ├─ [455] VqStaking::totalStaked() [staticcall]
    │   └─ ← [Return] 32972150007018536150 [3.297e19]
    ├─ [962] VqALCX::balanceOf(VqStaking: [0xc7183455a4C133Ae270771860664b6B7ec320bB1]) [staticcall]
    │   └─ ← [Return] 32972150007018536150 [3.297e19]
    ├─ [850] SystemToken::balanceOf(VqStaking: [0xc7183455a4C133Ae270771860664b6B7ec320bB1]) [staticcall]
    │   └─ ← [Return] 6236104822028954994 [6.236e18]
    ├─ [850] SystemToken::balanceOf(VqStaking: [0xc7183455a4C133Ae270771860664b6B7ec320bB1]) [staticcall]
    │   └─ ← [Return] 6236104822028954994 [6.236e18]
    ├─ [515] VqAuctioner::currentWithdrawRound() [staticcall]
    │   └─ ← [Return] 2
    ├─ [3499] VqAuctioner::getWithdrawRound(2) [staticcall]
    │   └─ ← [Return] Round({ roundId: 2, isDeposit: false, startTime: 61, endTime: 91, capacity: 3000000000000000000000 [3e21], totalFilled: 0, settled: false, highestBidder: 0x0000000000000000000000000000000000000000, highestBidAmount: 0, highestBidPrice: 0 })
    ├─ [129252] VqAuctioner::settleWithdrawRound(2)
    │   ├─ [528] VqALCX::withdrawBucketRate() [staticcall]
    │   │   └─ ← [Return] 1000000000000000000 [1e18]
    │   ├─ emit RoundStarted(roundId: 3, isDeposit: false, capacity: 30000000000000000000 [3e19])
    │   └─ ← [Stop]
    ├─ [3499] VqAuctioner::getWithdrawRound(2) [staticcall]
    │   └─ ← [Return] Round({ roundId: 2, isDeposit: false, startTime: 61, endTime: 91, capacity: 3000000000000000000000 [3e21], totalFilled: 0, settled: true, highestBidder: 0x0000000000000000000000000000000000000000, highestBidAmount: 0, highestBidPrice: 0 })
    ├─ [1838] VqALCX::depositBucket() [staticcall]
    │   └─ ← [Return] 1000000000000000000000000 [1e24], 1000000000000000000 [1e18], 5, 5, 0, 121, 3059999999999999999997 [3.059e21]
    ├─ [2188] VqALCX::getDepositRequest(0) [staticcall]
    │   └─ ← [Return] Request({ owner: 0x00000000000000000000000000000000000000A1, amount: 1000000000000000000000 [1e21], filled: 1000000000000000000000 [1e21], claimed: 1000000000000000000000 [1e21], cancelled: false })
    ├─ [2188] VqALCX::getDepositRequest(1) [staticcall]
    │   └─ ← [Return] Request({ owner: 0x00000000000000000000000000000000000000b2, amount: 1000000000000000000000 [1e21], filled: 1000000000000000000000 [1e21], claimed: 1000000000000000000000 [1e21], cancelled: false })
    ├─ [2188] VqALCX::getDepositRequest(2) [staticcall]
    │   └─ ← [Return] Request({ owner: 0x00000000000000000000000000000000000000C3, amount: 1000000000000000000000 [1e21], filled: 1000000000000000000000 [1e21], claimed: 1000000000000000000000 [1e21], cancelled: false })
    ├─ [2188] VqALCX::getDepositRequest(3) [staticcall]
    │   └─ ← [Return] Request({ owner: 0x00000000000000000000000000000000000000A1, amount: 1, filled: 0, claimed: 0, cancelled: true })
    ├─ [2188] VqALCX::getDepositRequest(4) [staticcall]
    │   └─ ← [Return] Request({ owner: 0x00000000000000000000000000000000000000A1, amount: 1, filled: 1, claimed: 1, cancelled: false })
    ├─ [850] SystemToken::balanceOf(VqALCX: [0xF62849F9A0B5Bf2913b396098F7c7019b51A820a]) [staticcall]
    │   └─ ← [Return] 3027503787919379828462 [3.027e21]
    ├─ [545] VqALCX::totalSupply() [staticcall]
    │   └─ ← [Return] 2999999999999999999999 [2.999e21]
    ├─ [573] VqALCX::depositQueueDepth() [staticcall]
    │   └─ ← [Return] 0
    ├─ [1817] VqALCX::withdrawBucket() [staticcall]
    │   └─ ← [Return] 1000000000000000000000000 [1e24], 1000000000000000000 [1e18], 2, 2, 0, 121, 6059999999999999999996 [6.059e21]
    ├─ [2166] VqALCX::getWithdrawRequest(0) [staticcall]
    │   └─ ← [Return] Request({ owner: 0x00000000000000000000000000000000000000A1, amount: 2, filled: 0, claimed: 0, cancelled: true })
    ├─ [2166] VqALCX::getWithdrawRequest(1) [staticcall]
    │   └─ ← [Return] Request({ owner: 0x00000000000000000000000000000000000000A1, amount: 2, filled: 2, claimed: 2, cancelled: false })
    ├─ [962] VqALCX::balanceOf(VqALCX: [0xF62849F9A0B5Bf2913b396098F7c7019b51A820a]) [staticcall]
    │   └─ ← [Return] 0
    ├─ [529] VqALCX::withdrawQueueDepth() [staticcall]
    │   └─ ← [Return] 0
    ├─ [471] VqAuctioner::currentDepositRound() [staticcall]
    │   └─ ← [Return] 3
    ├─ [3567] VqAuctioner::getDepositRound(1) [staticcall]
    │   └─ ← [Return] Round({ roundId: 1, isDeposit: true, startTime: 31, endTime: 61, capacity: 3000000000000000000000 [3e21], totalFilled: 2, settled: true, highestBidder: 0x00000000000000000000000000000000000000A1, highestBidAmount: 2, highestBidPrice: 1000000000000000002 [1e18] })
    ├─ [471] VqAuctioner::currentDepositRound() [staticcall]
    │   └─ ← [Return] 3
    ├─ [3567] VqAuctioner::getDepositRound(2) [staticcall]
    │   └─ ← [Return] Round({ roundId: 2, isDeposit: true, startTime: 61, endTime: 91, capacity: 3000000000000000000000 [3e21], totalFilled: 0, settled: true, highestBidder: 0x0000000000000000000000000000000000000000, highestBidAmount: 0, highestBidPrice: 0 })
    ├─ [471] VqAuctioner::currentDepositRound() [staticcall]
    │   └─ ← [Return] 3
    ├─ [3567] VqAuctioner::getDepositRound(3) [staticcall]
    │   └─ ← [Return] Round({ roundId: 3, isDeposit: true, startTime: 121, endTime: 151, capacity: 30000000000000000000 [3e19], totalFilled: 0, settled: false, highestBidder: 0x0000000000000000000000000000000000000000, highestBidAmount: 0, highestBidPrice: 0 })
    ├─ [471] VqAuctioner::currentDepositRound() [staticcall]
    │   └─ ← [Return] 3
    ├─ [515] VqAuctioner::currentWithdrawRound() [staticcall]
    │   └─ ← [Return] 3
    ├─ [3499] VqAuctioner::getWithdrawRound(1) [staticcall]
    │   └─ ← [Return] Round({ roundId: 1, isDeposit: false, startTime: 31, endTime: 61, capacity: 3000000000000000000000 [3e21], totalFilled: 2, settled: true, highestBidder: 0x00000000000000000000000000000000000000A1, highestBidAmount: 2, highestBidPrice: 1 })
    ├─ [515] VqAuctioner::currentWithdrawRound() [staticcall]
    │   └─ ← [Return] 3
    ├─ [3499] VqAuctioner::getWithdrawRound(2) [staticcall]
    │   └─ ← [Return] Round({ roundId: 2, isDeposit: false, startTime: 61, endTime: 91, capacity: 3000000000000000000000 [3e21], totalFilled: 0, settled: true, highestBidder: 0x0000000000000000000000000000000000000000, highestBidAmount: 0, highestBidPrice: 0 })
    ├─ [515] VqAuctioner::currentWithdrawRound() [staticcall]
    │   └─ ← [Return] 3
    ├─ [3499] VqAuctioner::getWithdrawRound(3) [staticcall]
    │   └─ ← [Return] Round({ roundId: 3, isDeposit: false, startTime: 121, endTime: 151, capacity: 30000000000000000000 [3e19], totalFilled: 0, settled: false, highestBidder: 0x0000000000000000000000000000000000000000, highestBidAmount: 0, highestBidPrice: 0 })
    ├─ [515] VqAuctioner::currentWithdrawRound() [staticcall]
    │   └─ ← [Return] 3
    ├─ [1838] VqALCX::depositBucket() [staticcall]
    │   └─ ← [Return] 1000000000000000000000000 [1e24], 1000000000000000000 [1e18], 5, 5, 0, 121, 3059999999999999999997 [3.059e21]
    ├─ [1817] VqALCX::withdrawBucket() [staticcall]
    │   └─ ← [Return] 1000000000000000000000000 [1e24], 1000000000000000000 [1e18], 2, 2, 0, 121, 6059999999999999999996 [6.059e21]
    ├─ [505] VqALCX::depositBucketRate() [staticcall]
    │   └─ ← [Return] 1000000000000000000 [1e18]
    ├─ [528] VqALCX::withdrawBucketRate() [staticcall]
    │   └─ ← [Return] 1000000000000000000 [1e18]
    ├─ [850] SystemToken::balanceOf(VqAuctioner: [0x5991A2dF15A8F6A256D3Ec51E99254Cd3fb576A9]) [staticcall]
    │   └─ ← [Return] 0
    ├─ [471] VqAuctioner::currentDepositRound() [staticcall]
    │   └─ ← [Return] 3
    ├─ [777] VqAuctioner::depositLockedTotal(3) [staticcall]
    │   └─ ← [Return] 0
    ├─ [962] VqALCX::balanceOf(VqAuctioner: [0x5991A2dF15A8F6A256D3Ec51E99254Cd3fb576A9]) [staticcall]
    │   └─ ← [Return] 0
    ├─ [515] VqAuctioner::currentWithdrawRound() [staticcall]
    │   └─ ← [Return] 3
    ├─ [2799] VqAuctioner::withdrawLockedTotal(3) [staticcall]
    │   └─ ← [Return] 0
    ├─ [897] VqStaking::stakedBalanceOf(0x00000000000000000000000000000000000000A1) [staticcall]
    │   └─ ← [Return] 0
    ├─ [2137] VqStaking::earned(0x00000000000000000000000000000000000000A1) [staticcall]
    │   └─ ← [Return] 0
    ├─ [957] VqStaking::delegates(0x00000000000000000000000000000000000000A1) [staticcall]
    │   └─ ← [Return] 0x00000000000000000000000000000000000000C3
    ├─ [957] VqStaking::delegates(0x00000000000000000000000000000000000000b2) [staticcall]
    │   └─ ← [Return] 0x0000000000000000000000000000000000000000
    ├─ [957] VqStaking::delegates(0x00000000000000000000000000000000000000C3) [staticcall]
    │   └─ ← [Return] 0x0000000000000000000000000000000000000000
    ├─ [1057] VqStaking::getVotes(0x00000000000000000000000000000000000000A1) [staticcall]
    │   └─ ← [Return] 0
    ├─ [897] VqStaking::stakedBalanceOf(0x00000000000000000000000000000000000000b2) [staticcall]
    │   └─ ← [Return] 32972150007018536150 [3.297e19]
    ├─ [2137] VqStaking::earned(0x00000000000000000000000000000000000000b2) [staticcall]
    │   └─ ← [Return] 6236104822028954981 [6.236e18]
    ├─ [957] VqStaking::delegates(0x00000000000000000000000000000000000000A1) [staticcall]
    │   └─ ← [Return] 0x00000000000000000000000000000000000000C3
    ├─ [957] VqStaking::delegates(0x00000000000000000000000000000000000000b2) [staticcall]
    │   └─ ← [Return] 0x0000000000000000000000000000000000000000
    ├─ [957] VqStaking::delegates(0x00000000000000000000000000000000000000C3) [staticcall]
    │   └─ ← [Return] 0x0000000000000000000000000000000000000000
    ├─ [1057] VqStaking::getVotes(0x00000000000000000000000000000000000000b2) [staticcall]
    │   └─ ← [Return] 0
    ├─ [897] VqStaking::stakedBalanceOf(0x00000000000000000000000000000000000000C3) [staticcall]
    │   └─ ← [Return] 0
    ├─ [2137] VqStaking::earned(0x00000000000000000000000000000000000000C3) [staticcall]
    │   └─ ← [Return] 0
    ├─ [957] VqStaking::delegates(0x00000000000000000000000000000000000000A1) [staticcall]
    │   └─ ← [Return] 0x00000000000000000000000000000000000000C3
    ├─ [897] VqStaking::stakedBalanceOf(0x00000000000000000000000000000000000000A1) [staticcall]
    │   └─ ← [Return] 0
    ├─ [957] VqStaking::delegates(0x00000000000000000000000000000000000000b2) [staticcall]
    │   └─ ← [Return] 0x0000000000000000000000000000000000000000
    ├─ [957] VqStaking::delegates(0x00000000000000000000000000000000000000C3) [staticcall]
    │   └─ ← [Return] 0x0000000000000000000000000000000000000000
    ├─ [1057] VqStaking::getVotes(0x00000000000000000000000000000000000000C3) [staticcall]
    │   └─ ← [Return] 0
    ├─ [455] VqStaking::totalStaked() [staticcall]
    │   └─ ← [Return] 32972150007018536150 [3.297e19]
    ├─ [962] VqALCX::balanceOf(VqStaking: [0xc7183455a4C133Ae270771860664b6B7ec320bB1]) [staticcall]
    │   └─ ← [Return] 32972150007018536150 [3.297e19]
    ├─ [850] SystemToken::balanceOf(VqStaking: [0xc7183455a4C133Ae270771860664b6B7ec320bB1]) [staticcall]
    │   └─ ← [Return] 6236104822028954994 [6.236e18]
    ├─ [850] SystemToken::balanceOf(VqStaking: [0xc7183455a4C133Ae270771860664b6B7ec320bB1]) [staticcall]
    │   └─ ← [Return] 6236104822028954994 [6.236e18]
    ├─ [897] VqStaking::stakedBalanceOf(0x00000000000000000000000000000000000000A1) [staticcall]
    │   └─ ← [Return] 0
    └─ ← [Revert] panic: division or modulo by zero (0x12)

Backtrace:
  at SystemAuditTest.test_SystemTransitionEvidence

Suite result: FAILED. 0 passed; 1 failed; 0 skipped; finished in 16.02ms (11.75ms CPU time)

Ran 1 test suite in 104.89ms (16.02ms CPU time): 0 tests passed, 1 failed, 0 skipped (1 total tests)

Failing tests:
Encountered 1 failing test in test/audit/SystemAudit.t.sol:SystemAuditTest
[FAIL: panic: division or modulo by zero (0x12)] test_SystemTransitionEvidence() (gas: 9423249)

Encountered a total of 1 failing tests, 0 tests succeeded

Tip: Run `forge test --rerun` to retry only the 1 failed test
